301|4183|U1|Leopoldau
301|4188|U1|Oberlaa
301|4136|U1|Leopoldau
301|4131|U1|Oberlaa
301|4125|U1|Leopoldau
301|4104|U1|Oberlaa
301|4137|U1|Leopoldau
301|4130|U1|Oberlaa
301|4121|U1|Leopoldau
301|4108|U1|Oberlaa
301|4184|U1|Leopoldau
301|4189|U1|Oberlaa
301|4127|U1|Leopoldau
301|4102|U1|Oberlaa
301|4181|U1|Leopoldau
301|4186|U1|Oberlaa
301|4123|U1|Leopoldau
301|4106|U1|Oberlaa
301|4109|U1|Leopoldau
301|4120|U1|Oberlaa
301|4103|U1|Leopoldau
301|4126|U1|Oberlaa
301|4185|U1|Leopoldau
301|4190|U1|Oberlaa
301|4115|U1|Leopoldau
301|4114|U1|Oberlaa
301|4135|U1|Leopoldau
301|4132|U1|Oberlaa
301|4134|U1|Leopoldau
301|4133|U1|Oberlaa
301|4117|U1|Leopoldau
301|4112|U1|Oberlaa
301|4182|U1|Leopoldau
301|4187|U1|Oberlaa
301|4101|U1|Leopoldau
301|4128|U1|Oberlaa
301|4113|U1|Leopoldau
301|4116|U1|Oberlaa
301|4111|U1|Leopoldau
301|4118|U1|Oberlaa
301|4105|U1|Leopoldau
301|4124|U1|Oberlaa
301|4107|U1|Leopoldau
301|4122|U1|Oberlaa
301|4138|U1|Leopoldau
301|4129|U1|Oberlaa
301|4119|U1|Leopoldau
301|4110|U1|Oberlaa
302|4278|U2|Karlsplatz
302|4275|U2|Seestadt
302|4251|U2|Karlsplatz
302|4272|U2|Seestadt
302|4255|U2|Karlsplatz
302|4268|U2|Seestadt
302|4252|U2|Karlsplatz
302|4271|U2|Seestadt
302|4256|U2|Karlsplatz
302|4267|U2|Seestadt
302|4253|U2|Karlsplatz
302|4270|U2|Seestadt
302|4279|U2|Karlsplatz
302|4274|U2|Seestadt
302|4213|U2|Karlsplatz
302|4202|U2|Seestadt
302|4258|U2|Karlsplatz
302|4265|U2|Seestadt
302|4280|U2|Karlsplatz
302|4273|U2|Seestadt
302|4259|U2|Karlsplatz
302|4264|U2|Seestadt
302|4211|U2|Karlsplatz
302|4204|U2|Seestadt
302|4260|U2|Karlsplatz
302|4263|U2|Seestadt
302|4205|U2|Karlsplatz
302|4210|U2|Seestadt
302|4201|U2|Karlsplatz
302|4214|U2|Seestadt
302|4203|U2|Karlsplatz
302|4212|U2|Seestadt
302|4277|U2|Karlsplatz
302|4276|U2|Seestadt
302|4257|U2|Karlsplatz
302|4266|U2|Seestadt
302|4254|U2|Karlsplatz
302|4269|U2|Seestadt
302|4261|U2|Karlsplatz
302|4262|U2|Seestadt
302|4209|U2|Karlsplatz
302|4206|U2|Seestadt
303|4939|U3|Ottakring
303|4936|U3|Simmering
303|4900|U3|Ottakring
303|4917|U3|Simmering
303|4941|U3|Ottakring
303|4934|U3|Simmering
303|4907|U3|Ottakring
303|4910|U3|Simmering
303|4928|U3|Ottakring
303|4933|U3|Simmering
303|4925|U3|Ottakring
303|4926|U3|Simmering
303|4902|U3|Ottakring
303|4915|U3|Simmering
303|4929|U3|Ottakring
303|4932|U3|Simmering
303|4904|U3|Ottakring
303|4913|U3|Simmering
303|4918|U3|Ottakring
303|4923|U3|Simmering
303|4930|U3|Ottakring
303|7050|U3|Ottakring
303|4931|U3|Simmering
303|4903|U3|Ottakring
303|4914|U3|Simmering
303|4901|U3|Ottakring
303|4916|U3|Simmering
303|4924|U3|Ottakring
303|4927|U3|Simmering
303|4938|U3|Ottakring
303|4937|U3|Simmering
303|4906|U3|Ottakring
303|4911|U3|Simmering
303|4905|U3|Ottakring
303|4912|U3|Simmering
303|4908|U3|Ottakring
303|4909|U3|Simmering
303|4920|U3|Ottakring
303|4921|U3|Simmering
303|4919|U3|Ottakring
303|4922|U3|Simmering
303|4940|U3|Ottakring
303|4935|U3|Simmering
304|4407|U4|Heiligenstadt
304|4430|U4|Hütteldorf
304|4433|U4|Heiligenstadt
304|4404|U4|Hütteldorf
304|4435|U4|Heiligenstadt
304|7041|U4|Heiligenstadt
304|4402|U4|Hütteldorf
304|4409|U4|Heiligenstadt
304|4428|U4|Hütteldorf
304|4401|U4|Heiligenstadt
304|4436|U4|Hütteldorf
304|4421|U4|Heiligenstadt
304|4416|U4|Hütteldorf
304|4419|U4|Heiligenstadt
304|4418|U4|Hütteldorf
304|4425|U4|Heiligenstadt
304|4412|U4|Hütteldorf
304|4437|U4|Heiligenstadt
304|4438|U4|Hütteldorf
304|4415|U4|Heiligenstadt
304|4422|U4|Hütteldorf
304|4424|U4|Hütteldorf
304|4413|U4|Heiligenstadt
304|4403|U4|Heiligenstadt
304|4434|U4|Hütteldorf
304|4417|U4|Heiligenstadt
304|4420|U4|Hütteldorf
304|4431|U4|Heiligenstadt
304|4406|U4|Hütteldorf
304|4411|U4|Heiligenstadt
304|4426|U4|Hütteldorf
304|4429|U4|Heiligenstadt
304|4408|U4|Hütteldorf
304|4427|U4|Heiligenstadt
304|4410|U4|Hütteldorf
304|4439|U4|Heiligenstadt
304|4440|U4|Hütteldorf
304|4423|U4|Heiligenstadt
304|4414|U4|Hütteldorf
304|4405|U4|Heiligenstadt
304|4432|U4|Hütteldorf
306|4623|U6|Floridsdorf
306|4606|U6|Siebenhirten
306|4638|U6|Floridsdorf
306|4631|U6|Siebenhirten
306|4639|U6|Floridsdorf
306|4630|U6|Siebenhirten
306|4615|U6|Floridsdorf
306|4614|U6|Siebenhirten
306|4620|U6|Floridsdorf
306|4609|U6|Siebenhirten
306|4642|U6|Floridsdorf
306|4649|U6|Siebenhirten
306|4637|U6|Floridsdorf
306|4632|U6|Siebenhirten
306|4645|U6|Floridsdorf
306|4646|U6|Siebenhirten
306|4618|U6|Floridsdorf
306|4611|U6|Siebenhirten
306|4643|U6|Floridsdorf
306|4648|U6|Siebenhirten
306|4641|U6|Floridsdorf
306|4650|U6|Siebenhirten
306|4622|U6|Floridsdorf
306|4607|U6|Siebenhirten
306|4617|U6|Floridsdorf
306|4612|U6|Siebenhirten
306|4624|U6|Floridsdorf
306|4605|U6|Siebenhirten
306|4644|U6|Floridsdorf
306|4647|U6|Siebenhirten
306|4616|U6|Floridsdorf
306|4613|U6|Siebenhirten
306|4626|U6|Floridsdorf
306|4603|U6|Siebenhirten
306|4636|U6|Floridsdorf
306|4633|U6|Siebenhirten
306|4635|U6|Floridsdorf
306|4634|U6|Siebenhirten
306|4627|U6|Floridsdorf
306|4651|U6|Siebenhirten
306|4621|U6|Floridsdorf
306|4608|U6|Siebenhirten
306|4640|U6|Floridsdorf
306|4629|U6|Siebenhirten
306|4625|U6|Floridsdorf
306|4604|U6|Siebenhirten
306|4619|U6|Floridsdorf
306|4610|U6|Siebenhirten
101|3431|1|Stefan-Fadinger-Platz
101|3433|1|Stefan-Fadinger-Platz
101|3435|1|Stefan-Fadinger-Platz
101|3436|1|Stefan-Fadinger-Platz
101|6025|1|Stefan-Fadinger-Platz
101|250|1|Stefan-Fadinger-Platz
101|271|1|Stefan-Fadinger-Platz
101|359|1|Stefan-Fadinger-Platz
101|3437|1|Stefan-Fadinger-Platz
101|71|1|Stefan-Fadinger-Platz
101|220|1|Stefan-Fadinger-Platz
101|234|1|Stefan-Fadinger-Platz
101|135|1|Stefan-Fadinger-Platz
101|136|1|Stefan-Fadinger-Platz
101|2640|1|Stefan-Fadinger-Platz
101|2641|1|Stefan-Fadinger-Platz
101|314|1|Stefan-Fadinger-Platz
101|3199|1|Stefan-Fadinger-Platz
101|327|1|Stefan-Fadinger-Platz
101|390|1|Stefan-Fadinger-Platz
101|4708|1|Stefan-Fadinger-Platz
101|398|1|Stefan-Fadinger-Platz
101|428|1|Stefan-Fadinger-Platz
101|1718|1|Stefan-Fadinger-Platz
101|1748|1|Stefan-Fadinger-Platz
101|100|1|Stefan-Fadinger-Platz
101|119|1|Stefan-Fadinger-Platz
101|104|1|Stefan-Fadinger-Platz
101|6003|1|Stefan-Fadinger-Platz
101|6503|1|Stefan-Fadinger-Platz
101|6403|1|Stefan-Fadinger-Platz
101|6010|1|Stefan-Fadinger-Platz
101|6510|1|Stefan-Fadinger-Platz
101|6110|1|Stefan-Fadinger-Platz
101|6409|1|Stefan-Fadinger-Platz
101|6004|1|Stefan-Fadinger-Platz
101|6504|1|Stefan-Fadinger-Platz
101|6005|1|Stefan-Fadinger-Platz
101|6505|1|Stefan-Fadinger-Platz
101|102|1|Stefan-Fadinger-Platz
101|117|1|Stefan-Fadinger-Platz
101|407|1|Stefan-Fadinger-Platz
101|411|1|Stefan-Fadinger-Platz
101|7524|1|Stefan-Fadinger-Platz
101|832|1|Stefan-Fadinger-Platz
101|848|1|Stefan-Fadinger-Platz
101|272|1|Stefan-Fadinger-Platz
101|1270|1|Stefan-Fadinger-Platz
101|19|1|Stefan-Fadinger-Platz
101|45|1|Stefan-Fadinger-Platz
101|5|1|Stefan-Fadinger-Platz
101|3700|1|Stefan-Fadinger-Platz
101|31|1|Stefan-Fadinger-Platz
101|2203|1|Stefan-Fadinger-Platz
101|219|1|Stefan-Fadinger-Platz
101|235|1|Stefan-Fadinger-Platz
101|3446|1|Stefan-Fadinger-Platz
101|3447|1|Stefan-Fadinger-Platz
101|14|1|Stefan-Fadinger-Platz
101|50|1|Stefan-Fadinger-Platz
101|209|1|Stefan-Fadinger-Platz
101|214|1|Stefan-Fadinger-Platz
101|301|1|Stefan-Fadinger-Platz
101|341|1|Stefan-Fadinger-Platz
101|1875|1|Stefan-Fadinger-Platz
101|1883|1|Stefan-Fadinger-Platz
101|471|1|Stefan-Fadinger-Platz
101|318|1|Stefan-Fadinger-Platz
101|323|1|Stefan-Fadinger-Platz
101|399|1|Stefan-Fadinger-Platz
101|427|1|Stefan-Fadinger-Platz
101|222|1|Stefan-Fadinger-Platz
101|232|1|Stefan-Fadinger-Platz
101|2645|1|Stefan-Fadinger-Platz
101|304|1|Stefan-Fadinger-Platz
101|846|1|Stefan-Fadinger-Platz
101|358|1|Stefan-Fadinger-Platz
101|378|1|Stefan-Fadinger-Platz
101|1717|1|Stefan-Fadinger-Platz
101|1749|1|Stefan-Fadinger-Platz
101|310|1|Stefan-Fadinger-Platz
101|332|1|Stefan-Fadinger-Platz
101|101|1|Stefan-Fadinger-Platz
101|118|1|Stefan-Fadinger-Platz
101|384|1|Stefan-Fadinger-Platz
101|385|1|Stefan-Fadinger-Platz
101|2163|1|Stefan-Fadinger-Platz
101|2197|1|Stefan-Fadinger-Platz
101|405|1|Stefan-Fadinger-Platz
101|421|1|Stefan-Fadinger-Platz
101|2165|1|Stefan-Fadinger-Platz
101|2195|1|Stefan-Fadinger-Platz
101|133|1|Stefan-Fadinger-Platz
101|300|1|Stefan-Fadinger-Platz
101|342|1|Stefan-Fadinger-Platz
101|396|1|Stefan-Fadinger-Platz
101|430|1|Stefan-Fadinger-Platz
101|106|1|Stefan-Fadinger-Platz
101|114|1|Stefan-Fadinger-Platz
101|57|1|Stefan-Fadinger-Platz
101|58|1|Stefan-Fadinger-Platz
101|302|1|Stefan-Fadinger-Platz
101|340|1|Stefan-Fadinger-Platz
101|833|1|Stefan-Fadinger-Platz
101|847|1|Stefan-Fadinger-Platz
101|1003|1|Stefan-Fadinger-Platz
101|328|1|Stefan-Fadinger-Platz
101|834|1|Stefan-Fadinger-Platz
101|845|1|Stefan-Fadinger-Platz
101|224|1|Stefan-Fadinger-Platz
101|230|1|Stefan-Fadinger-Platz
101|165|1|Stefan-Fadinger-Platz
101|172|1|Stefan-Fadinger-Platz
101|132|1|Stefan-Fadinger-Platz
101|163|1|Stefan-Fadinger-Platz
101|174|1|Stefan-Fadinger-Platz
101|3438|1|Stefan-Fadinger-Platz
101|3439|1|Stefan-Fadinger-Platz
101|2168|1|Stefan-Fadinger-Platz
101|319|1|Stefan-Fadinger-Platz
101|316|1|Stefan-Fadinger-Platz
101|325|1|Stefan-Fadinger-Platz
101|2167|1|Stefan-Fadinger-Platz
101|2193|1|Stefan-Fadinger-Platz
101|2204|1|Stefan-Fadinger-Platz
101|1713|1|Stefan-Fadinger-Platz
101|1752|1|Stefan-Fadinger-Platz
101|251|1|Stefan-Fadinger-Platz
101|270|1|Stefan-Fadinger-Platz
101|365|1|Stefan-Fadinger-Platz
101|458|1|Stefan-Fadinger-Platz
101|23|1|Stefan-Fadinger-Platz
101|41|1|Stefan-Fadinger-Platz
101|55|1|Stefan-Fadinger-Platz
101|9|1|Stefan-Fadinger-Platz
101|2610|1|Stefan-Fadinger-Platz
101|1756|1|Stefan-Fadinger-Platz
101|2611|1|Stefan-Fadinger-Platz
101|1001|1|Stefan-Fadinger-Platz
101|1020|1|Stefan-Fadinger-Platz
101|2014|1|Stefan-Fadinger-Platz
101|2045|1|Stefan-Fadinger-Platz
101|1715|1|Stefan-Fadinger-Platz
101|831|1|Stefan-Fadinger-Platz
101|849|1|Stefan-Fadinger-Platz
101|2164|1|Stefan-Fadinger-Platz
101|2196|1|Stefan-Fadinger-Platz
101|351|1|Stefan-Fadinger-Platz
101|386|1|Stefan-Fadinger-Platz
101|1884|1|Stefan-Fadinger-Platz
101|401|1|Stefan-Fadinger-Platz
101|425|1|Stefan-Fadinger-Platz
101|1876|1|Stefan-Fadinger-Platz
101|1882|1|Stefan-Fadinger-Platz
101|305|1|Stefan-Fadinger-Platz
101|337|1|Stefan-Fadinger-Platz
101|3445|1|Stefan-Fadinger-Platz
101|3448|1|Stefan-Fadinger-Platz
101|1346|1|Stefan-Fadinger-Platz
101|238|1|Stefan-Fadinger-Platz
101|161|1|Stefan-Fadinger-Platz
101|176|1|Stefan-Fadinger-Platz
101|217|1|Stefan-Fadinger-Platz
101|237|1|Stefan-Fadinger-Platz
101|356|1|Stefan-Fadinger-Platz
101|380|1|Stefan-Fadinger-Platz
101|357|1|Stefan-Fadinger-Platz
101|379|1|Stefan-Fadinger-Platz
101|1714|1|Stefan-Fadinger-Platz
101|1751|1|Stefan-Fadinger-Platz
101|355|1|Stefan-Fadinger-Platz
101|381|1|Stefan-Fadinger-Platz
101|7556|1|Stefan-Fadinger-Platz
101|3713|1|Stefan-Fadinger-Platz
101|120|1|Stefan-Fadinger-Platz
101|3704|1|Stefan-Fadinger-Platz
101|99|1|Stefan-Fadinger-Platz
101|166|1|Stefan-Fadinger-Platz
101|171|1|Stefan-Fadinger-Platz
101|397|1|Stefan-Fadinger-Platz
101|429|1|Stefan-Fadinger-Platz
101|481|1|Stefan-Fadinger-Platz
101|482|1|Stefan-Fadinger-Platz
101|1022|1|Stefan-Fadinger-Platz
101|3708|1|Stefan-Fadinger-Platz
101|162|1|Stefan-Fadinger-Platz
101|175|1|Stefan-Fadinger-Platz
101|1716|1|Stefan-Fadinger-Platz
101|1750|1|Stefan-Fadinger-Platz
101|4730|1|Stefan-Fadinger-Platz
101|400|1|Stefan-Fadinger-Platz
101|426|1|Stefan-Fadinger-Platz
101|851|1|Stefan-Fadinger-Platz
101|1712|1|Stefan-Fadinger-Platz
101|1753|1|Stefan-Fadinger-Platz
101|392|1|Stefan-Fadinger-Platz
101|402|1|Stefan-Fadinger-Platz
101|424|1|Stefan-Fadinger-Platz
101|3449|1|Stefan-Fadinger-Platz
101|346|1|Stefan-Fadinger-Platz
101|348|1|Stefan-Fadinger-Platz
101|389|1|Stefan-Fadinger-Platz
101|210|1|Stefan-Fadinger-Platz
101|213|1|Stefan-Fadinger-Platz
101|215|1|Stefan-Fadinger-Platz
101|3709|1|Stefan-Fadinger-Platz
101|497|1|Stefan-Fadinger-Platz
101|2162|1|Stefan-Fadinger-Platz
101|2198|1|Stefan-Fadinger-Platz
101|2161|1|Stefan-Fadinger-Platz
101|2199|1|Stefan-Fadinger-Platz
101|2015|1|Stefan-Fadinger-Platz
101|2044|1|Stefan-Fadinger-Platz
101|13|1|Stefan-Fadinger-Platz
101|1710|1|Stefan-Fadinger-Platz
101|51|1|Stefan-Fadinger-Platz
101|221|1|Stefan-Fadinger-Platz
101|233|1|Stefan-Fadinger-Platz
101|1375|1|Stefan-Fadinger-Platz
101|15|1|Stefan-Fadinger-Platz
101|33|1|Stefan-Fadinger-Platz
101|3730|1|Stefan-Fadinger-Platz
101|49|1|Stefan-Fadinger-Platz
101|4701|1|Stefan-Fadinger-Platz
101|1711|1|Stefan-Fadinger-Platz
101|1754|1|Stefan-Fadinger-Platz
101|107|1|Stefan-Fadinger-Platz
101|113|1|Stefan-Fadinger-Platz
101|168|1|Stefan-Fadinger-Platz
101|169|1|Stefan-Fadinger-Platz
101|3450|1|Stefan-Fadinger-Platz
101|2659|1|Stefan-Fadinger-Platz
101|311|1|Stefan-Fadinger-Platz
101|345|1|Stefan-Fadinger-Platz
101|109|1|Stefan-Fadinger-Platz
101|111|1|Stefan-Fadinger-Platz
101|303|1|Stefan-Fadinger-Platz
101|339|1|Stefan-Fadinger-Platz
101|7526|1|Stefan-Fadinger-Platz
101|343|1|Stefan-Fadinger-Platz
101|403|1|Stefan-Fadinger-Platz
101|423|1|Stefan-Fadinger-Platz
101|164|1|Stefan-Fadinger-Platz
101|173|1|Stefan-Fadinger-Platz
101|333|1|Stefan-Fadinger-Platz
101|252|1|Stefan-Fadinger-Platz
101|269|1|Stefan-Fadinger-Platz
101|17|1|Stefan-Fadinger-Platz
101|47|1|Stefan-Fadinger-Platz
101|349|1|Stefan-Fadinger-Platz
101|388|1|Stefan-Fadinger-Platz
101|315|1|Stefan-Fadinger-Platz
101|326|1|Stefan-Fadinger-Platz
101|2013|1|Stefan-Fadinger-Platz
101|2046|1|Stefan-Fadinger-Platz
101|306|1|Stefan-Fadinger-Platz
101|336|1|Stefan-Fadinger-Platz
101|1709|1|Stefan-Fadinger-Platz
101|4843|1|Stefan-Fadinger-Platz
101|2243|1|Stefan-Fadinger-Platz
101|404|1|Stefan-Fadinger-Platz
101|422|1|Stefan-Fadinger-Platz
101|223|1|Stefan-Fadinger-Platz
101|231|1|Stefan-Fadinger-Platz
101|312|1|Stefan-Fadinger-Platz
101|329|1|Stefan-Fadinger-Platz
101|21|1|Stefan-Fadinger-Platz
101|43|1|Stefan-Fadinger-Platz
101|103|1|Stefan-Fadinger-Platz
101|116|1|Stefan-Fadinger-Platz
101|108|1|Stefan-Fadinger-Platz
101|112|1|Stefan-Fadinger-Platz
101|20|1|Stefan-Fadinger-Platz
101|2214|1|Stefan-Fadinger-Platz
101|44|1|Stefan-Fadinger-Platz
101|79|1|Stefan-Fadinger-Platz
101|3711|1|Stefan-Fadinger-Platz
101|1345|1|Stefan-Fadinger-Platz
101|18|1|Stefan-Fadinger-Platz
101|46|1|Stefan-Fadinger-Platz
101|3701|1|Stefan-Fadinger-Platz
101|406|1|Stefan-Fadinger-Platz
101|420|1|Stefan-Fadinger-Platz
101|105|1|Stefan-Fadinger-Platz
101|12|1|Stefan-Fadinger-Platz
101|2010|1|Stefan-Fadinger-Platz
101|52|1|Stefan-Fadinger-Platz
101|81|1|Stefan-Fadinger-Platz
101|1000|1|Stefan-Fadinger-Platz
101|134|1|Stefan-Fadinger-Platz
101|22|1|Stefan-Fadinger-Platz
101|42|1|Stefan-Fadinger-Platz
101|308|1|Stefan-Fadinger-Platz
101|334|1|Stefan-Fadinger-Platz
101|115|1|Stefan-Fadinger-Platz
101|130|1|Stefan-Fadinger-Platz
101|3712|1|Stefan-Fadinger-Platz
101|218|1|Stefan-Fadinger-Platz
101|236|1|Stefan-Fadinger-Platz
101|211|1|Stefan-Fadinger-Platz
101|382|1|Stefan-Fadinger-Platz
101|2016|1|Stefan-Fadinger-Platz
101|293|1|Stefan-Fadinger-Platz
101|1878|1|Stefan-Fadinger-Platz
101|1880|1|Stefan-Fadinger-Platz
101|10|1|Stefan-Fadinger-Platz
101|54|1|Stefan-Fadinger-Platz
101|313|1|Stefan-Fadinger-Platz
101|1002|1|Stefan-Fadinger-Platz
101|1019|1|Stefan-Fadinger-Platz
101|317|1|Stefan-Fadinger-Platz
101|324|1|Stefan-Fadinger-Platz
101|307|1|Stefan-Fadinger-Platz
101|335|1|Stefan-Fadinger-Platz
101|2012|1|Stefan-Fadinger-Platz
101|2047|1|Stefan-Fadinger-Platz
101|350|1|Stefan-Fadinger-Platz
101|387|1|Stefan-Fadinger-Platz
101|11|1|Stefan-Fadinger-Platz
101|53|1|Stefan-Fadinger-Platz
101|370|1|Stefan-Fadinger-Platz
101|483|1|Stefan-Fadinger-Platz
101|2166|1|Stefan-Fadinger-Platz
101|2194|1|Stefan-Fadinger-Platz
101|7531|1|Stefan-Fadinger-Platz
101|835|1|Stefan-Fadinger-Platz
101|844|1|Stefan-Fadinger-Platz
101|1877|1|Stefan-Fadinger-Platz
101|1881|1|Stefan-Fadinger-Platz
101|167|1|Stefan-Fadinger-Platz
101|170|1|Stefan-Fadinger-Platz
101|1347|1|Stefan-Fadinger-Platz
102|250|2|Dornbach
102|271|2|Dornbach
102|359|2|Dornbach
102|250|2|Kagran U
102|220|2|Dornbach
102|234|2|Dornbach
102|220|2|Kagran U
102|314|2|Dornbach
102|327|2|Dornbach
102|390|2|Dornbach
102|314|2|Kagran U
102|3199|2|Kagran U
102|1376|2|Dornbach
102|1395|2|Kagran U
102|6503|2|Dornbach
102|6003|2|Kagran U
102|6403|2|Dornbach
102|6403|2|Kagran U
102|6502|2|Dornbach
102|6002|2|Kagran U
102|6505|2|Dornbach
102|225|2|Kagran U
102|6005|2|Kagran U
102|6501|2|Dornbach
102|6001|2|Kagran U
102|6109|2|Dornbach
102|6506|2|Dornbach
102|6006|2|Kagran U
102|6405|2|Dornbach
102|6405|2|Kagran U
102|272|2|Dornbach
102|377|2|Kagran U
102|1270|2|Dornbach
102|19|2|Dornbach
102|45|2|Dornbach
102|5|2|Dornbach
102|1270|2|Kagran U
102|19|2|Kagran U
102|45|2|Kagran U
102|3700|2|Dornbach
102|31|2|Dornbach
102|31|2|Kagran U
102|2203|2|Dornbach
102|2223|2|Dornbach
102|2203|2|Kagran U
102|2223|2|Kagran U
102|1380|2|Dornbach
102|1391|2|Kagran U
102|248|2|Dornbach
102|274|2|Dornbach
102|248|2|Kagran U
102|219|2|Dornbach
102|235|2|Dornbach
102|1372|2|Kagran U
102|219|2|Kagran U
102|3446|2|Dornbach
102|3447|2|Dornbach
102|3446|2|Kagran U
102|3447|2|Kagran U
102|14|2|Dornbach
102|50|2|Dornbach
102|50|2|Kagran U
102|2378|2|Dornbach
102|2372|2|Kagran U
102|1349|2|Dornbach
102|1369|2|Dornbach
102|560|2|Dornbach
102|1349|2|Kagran U
102|1369|2|Kagran U
102|560|2|Kagran U
102|318|2|Dornbach
102|323|2|Dornbach
102|318|2|Kagran U
102|222|2|Dornbach
102|232|2|Dornbach
102|222|2|Kagran U
102|245|2|Dornbach
102|277|2|Dornbach
102|245|2|Kagran U
102|1382|2|Dornbach
102|1389|2|Kagran U
102|358|2|Dornbach
102|378|2|Kagran U
102|2189|2|Dornbach
102|2345|2|Dornbach
102|2172|2|Kagran U
102|2343|2|Kagran U
102|2359|2|Kagran U
102|2159|2|Dornbach
102|2158|2|Kagran U
102|2205|2|Dornbach
102|2205|2|Kagran U
102|332|2|Dornbach
102|310|2|Kagran U
102|2228|2|Dornbach
102|2228|2|Kagran U
102|353|2|Dornbach
102|384|2|Kagran U
102|555|2|Dornbach
102|1370|2|Kagran U
102|352|2|Dornbach
102|385|2|Kagran U
102|320|2|Dornbach
102|321|2|Dornbach
102|2169|2|Kagran U
102|320|2|Kagran U
102|2379|2|Dornbach
102|2371|2|Kagran U
102|2163|2|Dornbach
102|2197|2|Dornbach
102|2225|2|Dornbach
102|2163|2|Kagran U
102|2225|2|Kagran U
102|2195|2|Dornbach
102|2165|2|Kagran U
102|133|2|Dornbach
102|133|2|Kagran U
102|7703|2|Kagran U
102|106|2|Dornbach
102|114|2|Dornbach
102|106|2|Kagran U
102|114|2|Kagran U
102|247|2|Dornbach
102|247|2|Kagran U
102|1003|2|Dornbach
102|328|2|Dornbach
102|1003|2|Kagran U
102|1348|2|Dornbach
102|1357|2|Dornbach
102|1348|2|Kagran U
102|1357|2|Kagran U
102|224|2|Dornbach
102|230|2|Dornbach
102|224|2|Kagran U
102|230|2|Kagran U
102|1360|2|Dornbach
102|1371|2|Kagran U
102|132|2|Dornbach
102|174|2|Dornbach
102|132|2|Kagran U
102|174|2|Kagran U
102|2168|2|Dornbach
102|319|2|Dornbach
102|322|2|Dornbach
102|2168|2|Kagran U
102|319|2|Kagran U
102|2380|2|Dornbach
102|2370|2|Kagran U
102|2191|2|Dornbach
102|2170|2|Kagran U
102|316|2|Dornbach
102|325|2|Dornbach
102|316|2|Kagran U
102|2157|2|Dornbach
102|2167|2|Dornbach
102|2193|2|Dornbach
102|2204|2|Dornbach
102|2157|2|Kagran U
102|2167|2|Kagran U
102|2193|2|Kagran U
102|2204|2|Kagran U
102|1386|2|Dornbach
102|565|2|Dornbach
102|7551|2|Dornbach
102|1386|2|Kagran U
102|565|2|Kagran U
102|279|2|Dornbach
102|246|2|Dornbach
102|276|2|Dornbach
102|548|2|Dornbach
102|556|2|Dornbach
102|246|2|Kagran U
102|548|2|Kagran U
102|556|2|Kagran U
102|2558|2|Dornbach
102|2373|2|Kagran U
102|251|2|Dornbach
102|270|2|Dornbach
102|251|2|Kagran U
102|249|2|Dornbach
102|273|2|Dornbach
102|365|2|Dornbach
102|458|2|Dornbach
102|249|2|Kagran U
102|365|2|Kagran U
102|458|2|Kagran U
102|23|2|Dornbach
102|41|2|Dornbach
102|55|2|Dornbach
102|9|2|Dornbach
102|23|2|Kagran U
102|41|2|Kagran U
102|55|2|Kagran U
102|2634|2|Dornbach
102|881|2|Dornbach
102|2634|2|Kagran U
102|881|2|Kagran U
102|374|2|Dornbach
102|362|2|Kagran U
102|375|2|Dornbach
102|361|2|Kagran U
102|367|2|Dornbach
102|366|2|Kagran U
102|2610|2|Dornbach
102|2610|2|Kagran U
102|2611|2|Dornbach
102|2611|2|Kagran U
102|1001|2|Dornbach
102|1020|2|Dornbach
102|1001|2|Kagran U
102|2196|2|Dornbach
102|2164|2|Kagran U
102|351|2|Dornbach
102|351|2|Kagran U
102|386|2|Kagran U
102|1346|2|Dornbach
102|238|2|Dornbach
102|1346|2|Kagran U
102|238|2|Kagran U
102|217|2|Dornbach
102|237|2|Dornbach
102|356|2|Dornbach
102|217|2|Kagran U
102|237|2|Kagran U
102|380|2|Kagran U
102|357|2|Dornbach
102|379|2|Kagran U
102|355|2|Dornbach
102|381|2|Kagran U
102|360|2|Dornbach
102|376|2|Dornbach
102|360|2|Kagran U
102|561|2|Dornbach
102|588|2|Dornbach
102|561|2|Kagran U
102|588|2|Kagran U
102|4711|2|Dornbach
102|4711|2|Kagran U
102|364|2|Dornbach
102|1022|2|Dornbach
102|1022|2|Kagran U
102|1385|2|Dornbach
102|241|2|Dornbach
102|242|2|Dornbach
102|586|2|Dornbach
102|241|2|Kagran U
102|242|2|Kagran U
102|563|2|Kagran U
102|586|2|Kagran U
102|4730|2|Dornbach
102|4730|2|Kagran U
102|2190|2|Dornbach
102|2171|2|Kagran U
102|1362|2|Dornbach
102|1368|2|Dornbach
102|528|2|Dornbach
102|1362|2|Kagran U
102|1368|2|Kagran U
102|528|2|Kagran U
102|392|2|Dornbach
102|392|2|Kagran U
102|275|2|Dornbach
102|389|2|Dornbach
102|348|2|Kagran U
102|354|2|Dornbach
102|383|2|Kagran U
102|2162|2|Dornbach
102|2198|2|Dornbach
102|2162|2|Kagran U
102|2198|2|Kagran U
102|2161|2|Dornbach
102|2199|2|Dornbach
102|2161|2|Kagran U
102|2199|2|Kagran U
102|13|2|Dornbach
102|51|2|Dornbach
102|51|2|Kagran U
102|1384|2|Dornbach
102|1387|2|Dornbach
102|1387|2|Kagran U
102|221|2|Dornbach
102|233|2|Dornbach
102|221|2|Kagran U
102|1375|2|Dornbach
102|15|2|Dornbach
102|33|2|Dornbach
102|3730|2|Dornbach
102|49|2|Dornbach
102|1375|2|Kagran U
102|15|2|Kagran U
102|3730|2|Kagran U
102|49|2|Kagran U
102|4701|2|Dornbach
102|4701|2|Kagran U
102|4717|2|Dornbach
102|4717|2|Kagran U
102|107|2|Dornbach
102|113|2|Dornbach
102|107|2|Kagran U
102|113|2|Kagran U
102|2556|2|Dornbach
102|2566|2|Kagran U
102|2659|2|Dornbach
102|311|2|Dornbach
102|311|2|Kagran U
102|109|2|Dornbach
102|111|2|Dornbach
102|109|2|Kagran U
102|111|2|Kagran U
102|7526|2|Dornbach
102|7526|2|Kagran U
102|333|2|Dornbach
102|164|2|Kagran U
102|564|2|Dornbach
102|585|2|Dornbach
102|564|2|Kagran U
102|585|2|Kagran U
102|252|2|Dornbach
102|269|2|Dornbach
102|252|2|Kagran U
102|17|2|Dornbach
102|47|2|Dornbach
102|17|2|Kagran U
102|47|2|Kagran U
102|388|2|Dornbach
102|349|2|Kagran U
102|3577|2|Dornbach
102|3577|2|Kagran U
102|315|2|Dornbach
102|326|2|Dornbach
102|315|2|Kagran U
102|244|2|Dornbach
102|278|2|Dornbach
102|244|2|Kagran U
102|1364|2|Dornbach
102|1366|2|Dornbach
102|1364|2|Kagran U
102|1366|2|Kagran U
102|223|2|Dornbach
102|231|2|Dornbach
102|549|2|Dornbach
102|223|2|Kagran U
102|549|2|Kagran U
102|4710|2|Kagran U
102|312|2|Dornbach
102|329|2|Dornbach
102|312|2|Kagran U
102|329|2|Kagran U
102|21|2|Dornbach
102|43|2|Dornbach
102|21|2|Kagran U
102|43|2|Kagran U
102|1365|2|Dornbach
102|562|2|Dornbach
102|587|2|Dornbach
102|1365|2|Kagran U
102|562|2|Kagran U
102|108|2|Dornbach
102|112|2|Dornbach
102|108|2|Kagran U
102|112|2|Kagran U
102|2635|2|Dornbach
102|2635|2|Kagran U
102|1378|2|Dornbach
102|1393|2|Kagran U
102|20|2|Dornbach
102|44|2|Dornbach
102|20|2|Kagran U
102|44|2|Kagran U
102|3711|2|Dornbach
102|3711|2|Kagran U
102|1345|2|Dornbach
102|18|2|Dornbach
102|46|2|Dornbach
102|18|2|Kagran U
102|3701|2|Dornbach
102|3701|2|Kagran U
102|1383|2|Dornbach
102|1388|2|Kagran U
102|105|2|Dornbach
102|12|2|Dornbach
102|52|2|Dornbach
102|81|2|Dornbach
102|105|2|Kagran U
102|52|2|Kagran U
102|81|2|Kagran U
102|1000|2|Dornbach
102|134|2|Dornbach
102|22|2|Dornbach
102|42|2|Dornbach
102|1000|2|Kagran U
102|134|2|Kagran U
102|22|2|Kagran U
102|42|2|Kagran U
102|7702|2|Kagran U
102|218|2|Dornbach
102|236|2|Dornbach
102|218|2|Kagran U
102|236|2|Kagran U
102|211|2|Dornbach
102|382|2|Kagran U
102|373|2|Dornbach
102|363|2|Kagran U
102|1377|2|Dornbach
102|1394|2|Kagran U
102|10|2|Dornbach
102|54|2|Dornbach
102|54|2|Kagran U
102|313|2|Dornbach
102|313|2|Kagran U
102|1002|2|Dornbach
102|1019|2|Dornbach
102|1002|2|Kagran U
102|1379|2|Dornbach
102|1392|2|Kagran U
102|1381|2|Dornbach
102|1390|2|Kagran U
102|317|2|Dornbach
102|324|2|Dornbach
102|317|2|Kagran U
102|2202|2|Dornbach
102|2224|2|Dornbach
102|387|2|Dornbach
102|2202|2|Kagran U
102|2224|2|Kagran U
102|350|2|Kagran U
102|387|2|Kagran U
102|11|2|Dornbach
102|53|2|Dornbach
102|53|2|Kagran U
102|243|2|Dornbach
102|368|2|Kagran U
102|370|2|Dornbach
102|370|2|Kagran U
102|2194|2|Dornbach
102|2166|2|Kagran U
102|2194|2|Kagran U
102|7531|2|Dornbach
102|7531|2|Kagran U
102|1363|2|Dornbach
102|1367|2|Dornbach
102|1363|2|Kagran U
102|1367|2|Kagran U
102|1361|2|Dornbach
102|1373|2|Kagran U
105|359|5|Joachimsthalerplatz
105|250|5|Praterstern S U
105|220|5|Joachimsthalerplatz
105|234|5|Praterstern S U
105|135|5|Joachimsthalerplatz
105|135|5|Praterstern S U
105|136|5|Praterstern S U
105|314|5|Joachimsthalerplatz
105|3199|5|Joachimsthalerplatz
105|347|5|Joachimsthalerplatz
105|327|5|Praterstern S U
105|390|5|Praterstern S U
105|1539|5|Joachimsthalerplatz
105|1556|5|Praterstern S U
105|4708|5|Joachimsthalerplatz
105|119|5|Joachimsthalerplatz
105|100|5|Praterstern S U
105|119|5|Praterstern S U
105|104|5|Joachimsthalerplatz
105|104|5|Praterstern S U
105|6003|5|Joachimsthalerplatz
105|6503|5|Praterstern S U
105|6403|5|Joachimsthalerplatz
105|6403|5|Praterstern S U
105|6002|5|Joachimsthalerplatz
105|6502|5|Praterstern S U
105|6004|5|Joachimsthalerplatz
105|6504|5|Praterstern S U
105|6006|5|Joachimsthalerplatz
105|6506|5|Praterstern S U
105|6008|5|Joachimsthalerplatz
105|6508|5|Praterstern S U
105|6024|5|Praterstern S U
105|1465|5|Joachimsthalerplatz
105|1545|5|Joachimsthalerplatz
105|1458|5|Praterstern S U
105|1465|5|Praterstern S U
105|7550|5|Joachimsthalerplatz
105|7550|5|Praterstern S U
105|1446|5|Joachimsthalerplatz
105|1476|5|Joachimsthalerplatz
105|1446|5|Praterstern S U
105|1476|5|Praterstern S U
105|7008|5|Joachimsthalerplatz
105|7008|5|Praterstern S U
105|272|5|Joachimsthalerplatz
105|377|5|Praterstern S U
105|1471|5|Joachimsthalerplatz
105|1452|5|Praterstern S U
105|2223|5|Joachimsthalerplatz
105|2203|5|Praterstern S U
105|2223|5|Praterstern S U
105|248|5|Joachimsthalerplatz
105|274|5|Joachimsthalerplatz
105|248|5|Praterstern S U
105|274|5|Praterstern S U
105|219|5|Joachimsthalerplatz
105|235|5|Praterstern S U
105|3446|5|Joachimsthalerplatz
105|3447|5|Joachimsthalerplatz
105|3446|5|Praterstern S U
105|3447|5|Praterstern S U
105|532|5|Joachimsthalerplatz
105|544|5|Joachimsthalerplatz
105|532|5|Praterstern S U
105|544|5|Praterstern S U
105|209|5|Joachimsthalerplatz
105|214|5|Praterstern S U
105|1538|5|Joachimsthalerplatz
105|1557|5|Praterstern S U
105|318|5|Joachimsthalerplatz
105|323|5|Praterstern S U
105|222|5|Joachimsthalerplatz
105|232|5|Praterstern S U
105|277|5|Joachimsthalerplatz
105|245|5|Praterstern S U
105|530|5|Joachimsthalerplatz
105|546|5|Joachimsthalerplatz
105|530|5|Praterstern S U
105|546|5|Praterstern S U
105|358|5|Joachimsthalerplatz
105|378|5|Praterstern S U
105|2172|5|Joachimsthalerplatz
105|2189|5|Joachimsthalerplatz
105|2172|5|Praterstern S U
105|2189|5|Praterstern S U
105|2158|5|Joachimsthalerplatz
105|2159|5|Joachimsthalerplatz
105|2158|5|Praterstern S U
105|2159|5|Praterstern S U
105|2205|5|Joachimsthalerplatz
105|2205|5|Praterstern S U
105|118|5|Joachimsthalerplatz
105|353|5|Joachimsthalerplatz
105|118|5|Praterstern S U
105|384|5|Praterstern S U
105|352|5|Joachimsthalerplatz
105|352|5|Praterstern S U
105|385|5|Praterstern S U
105|2169|5|Joachimsthalerplatz
105|321|5|Joachimsthalerplatz
105|2169|5|Praterstern S U
105|321|5|Praterstern S U
105|1533|5|Joachimsthalerplatz
105|1561|5|Joachimsthalerplatz
105|1533|5|Praterstern S U
105|1561|5|Praterstern S U
105|2165|5|Joachimsthalerplatz
105|2195|5|Joachimsthalerplatz
105|2165|5|Praterstern S U
105|2195|5|Praterstern S U
105|1543|5|Joachimsthalerplatz
105|1552|5|Praterstern S U
105|533|5|Joachimsthalerplatz
105|543|5|Joachimsthalerplatz
105|533|5|Praterstern S U
105|543|5|Praterstern S U
105|1541|5|Joachimsthalerplatz
105|1554|5|Praterstern S U
105|247|5|Joachimsthalerplatz
105|247|5|Praterstern S U
105|1003|5|Joachimsthalerplatz
105|328|5|Praterstern S U
105|1466|5|Joachimsthalerplatz
105|1457|5|Praterstern S U
105|2168|5|Joachimsthalerplatz
105|319|5|Joachimsthalerplatz
105|322|5|Joachimsthalerplatz
105|2168|5|Praterstern S U
105|322|5|Praterstern S U
105|2170|5|Joachimsthalerplatz
105|2191|5|Joachimsthalerplatz
105|2170|5|Praterstern S U
105|2191|5|Praterstern S U
105|1474|5|Joachimsthalerplatz
105|1448|5|Praterstern S U
105|1454|5|Praterstern S U
105|1472|5|Joachimsthalerplatz
105|1450|5|Praterstern S U
105|316|5|Joachimsthalerplatz
105|325|5|Praterstern S U
105|2157|5|Joachimsthalerplatz
105|2167|5|Joachimsthalerplatz
105|2193|5|Joachimsthalerplatz
105|2157|5|Praterstern S U
105|2167|5|Praterstern S U
105|2193|5|Praterstern S U
105|2204|5|Praterstern S U
105|1386|5|Joachimsthalerplatz
105|565|5|Joachimsthalerplatz
105|1386|5|Praterstern S U
105|565|5|Praterstern S U
105|279|5|Joachimsthalerplatz
105|547|5|Joachimsthalerplatz
105|548|5|Joachimsthalerplatz
105|556|5|Joachimsthalerplatz
105|246|5|Praterstern S U
105|547|5|Praterstern S U
105|548|5|Praterstern S U
105|556|5|Praterstern S U
105|1473|5|Joachimsthalerplatz
105|1449|5|Praterstern S U
105|273|5|Joachimsthalerplatz
105|365|5|Joachimsthalerplatz
105|458|5|Joachimsthalerplatz
105|249|5|Praterstern S U
105|365|5|Praterstern S U
105|458|5|Praterstern S U
105|362|5|Joachimsthalerplatz
105|374|5|Praterstern S U
105|361|5|Joachimsthalerplatz
105|375|5|Praterstern S U
105|366|5|Joachimsthalerplatz
105|367|5|Praterstern S U
105|1001|5|Joachimsthalerplatz
105|1020|5|Praterstern S U
105|2196|5|Joachimsthalerplatz
105|2196|5|Praterstern S U
105|351|5|Joachimsthalerplatz
105|351|5|Praterstern S U
105|386|5|Praterstern S U
105|3445|5|Joachimsthalerplatz
105|3448|5|Joachimsthalerplatz
105|3445|5|Praterstern S U
105|3448|5|Praterstern S U
105|356|5|Joachimsthalerplatz
105|237|5|Praterstern S U
105|380|5|Praterstern S U
105|357|5|Joachimsthalerplatz
105|379|5|Praterstern S U
105|355|5|Joachimsthalerplatz
105|381|5|Praterstern S U
105|360|5|Joachimsthalerplatz
105|376|5|Praterstern S U
105|1470|5|Joachimsthalerplatz
105|1453|5|Praterstern S U
105|120|5|Joachimsthalerplatz
105|3704|5|Praterstern S U
105|99|5|Praterstern S U
105|578|5|Joachimsthalerplatz
105|571|5|Praterstern S U
105|1544|5|Joachimsthalerplatz
105|1551|5|Praterstern S U
105|4711|5|Joachimsthalerplatz
105|4711|5|Praterstern S U
105|1469|5|Joachimsthalerplatz
105|1540|5|Joachimsthalerplatz
105|1555|5|Praterstern S U
105|364|5|Praterstern S U
105|1022|5|Praterstern S U
105|241|5|Joachimsthalerplatz
105|242|5|Joachimsthalerplatz
105|586|5|Praterstern S U
105|3708|5|Joachimsthalerplatz
105|3708|5|Praterstern S U
105|2171|5|Joachimsthalerplatz
105|2190|5|Joachimsthalerplatz
105|2171|5|Praterstern S U
105|2190|5|Praterstern S U
105|528|5|Joachimsthalerplatz
105|392|5|Praterstern S U
105|275|5|Joachimsthalerplatz
105|275|5|Praterstern S U
105|3449|5|Joachimsthalerplatz
105|346|5|Joachimsthalerplatz
105|3449|5|Praterstern S U
105|391|5|Praterstern S U
105|348|5|Joachimsthalerplatz
105|389|5|Praterstern S U
105|354|5|Joachimsthalerplatz
105|210|5|Joachimsthalerplatz
105|213|5|Praterstern S U
105|383|5|Praterstern S U
105|3709|5|Joachimsthalerplatz
105|497|5|Joachimsthalerplatz
105|215|5|Praterstern S U
105|3709|5|Praterstern S U
105|497|5|Praterstern S U
105|1387|5|Praterstern S U
105|221|5|Joachimsthalerplatz
105|233|5|Praterstern S U
105|531|5|Joachimsthalerplatz
105|545|5|Joachimsthalerplatz
105|531|5|Praterstern S U
105|545|5|Praterstern S U
105|4717|5|Joachimsthalerplatz
105|4717|5|Praterstern S U
105|1537|5|Joachimsthalerplatz
105|311|5|Joachimsthalerplatz
105|345|5|Joachimsthalerplatz
105|311|5|Praterstern S U
105|345|5|Praterstern S U
105|4703|5|Joachimsthalerplatz
105|4703|5|Praterstern S U
105|564|5|Joachimsthalerplatz
105|585|5|Praterstern S U
105|349|5|Joachimsthalerplatz
105|388|5|Praterstern S U
105|315|5|Joachimsthalerplatz
105|326|5|Praterstern S U
105|278|5|Joachimsthalerplatz
105|244|5|Praterstern S U
105|579|5|Joachimsthalerplatz
105|1558|5|Praterstern S U
105|223|5|Joachimsthalerplatz
105|549|5|Praterstern S U
105|1535|5|Joachimsthalerplatz
105|1559|5|Joachimsthalerplatz
105|1535|5|Praterstern S U
105|1559|5|Praterstern S U
105|312|5|Joachimsthalerplatz
105|329|5|Praterstern S U
105|1534|5|Joachimsthalerplatz
105|1560|5|Joachimsthalerplatz
105|1534|5|Praterstern S U
105|1560|5|Praterstern S U
105|1212|5|Joachimsthalerplatz
105|1212|5|Praterstern S U
105|150|5|Joachimsthalerplatz
105|1213|5|Praterstern S U
105|1000|5|Joachimsthalerplatz
105|1000|5|Praterstern S U
105|1447|5|Joachimsthalerplatz
105|1475|5|Joachimsthalerplatz
105|1447|5|Praterstern S U
105|1475|5|Praterstern S U
105|1468|5|Joachimsthalerplatz
105|1455|5|Praterstern S U
105|149|5|Joachimsthalerplatz
105|218|5|Joachimsthalerplatz
105|236|5|Praterstern S U
105|211|5|Joachimsthalerplatz
105|188|5|Praterstern S U
105|382|5|Praterstern S U
105|1532|5|Joachimsthalerplatz
105|1562|5|Joachimsthalerplatz
105|1532|5|Praterstern S U
105|1562|5|Praterstern S U
105|363|5|Joachimsthalerplatz
105|373|5|Praterstern S U
105|313|5|Joachimsthalerplatz
105|1002|5|Joachimsthalerplatz
105|1019|5|Praterstern S U
105|317|5|Joachimsthalerplatz
105|324|5|Praterstern S U
105|535|5|Joachimsthalerplatz
105|541|5|Joachimsthalerplatz
105|535|5|Praterstern S U
105|541|5|Praterstern S U
105|1467|5|Joachimsthalerplatz
105|1456|5|Praterstern S U
105|2224|5|Joachimsthalerplatz
105|350|5|Joachimsthalerplatz
105|2224|5|Praterstern S U
105|350|5|Praterstern S U
105|387|5|Praterstern S U
105|243|5|Joachimsthalerplatz
105|368|5|Joachimsthalerplatz
105|370|5|Joachimsthalerplatz
105|464|5|Joachimsthalerplatz
105|483|5|Joachimsthalerplatz
105|1531|5|Praterstern S U
105|370|5|Praterstern S U
105|464|5|Praterstern S U
105|483|5|Praterstern S U
105|1548|5|Joachimsthalerplatz
105|1549|5|Joachimsthalerplatz
105|1548|5|Praterstern S U
105|1549|5|Praterstern S U
105|2166|5|Joachimsthalerplatz
105|2194|5|Joachimsthalerplatz
105|2166|5|Praterstern S U
105|2194|5|Praterstern S U
105|7531|5|Joachimsthalerplatz
105|7531|5|Praterstern S U
105|1536|5|Joachimsthalerplatz
105|1536|5|Praterstern S U
105|1542|5|Joachimsthalerplatz
105|1553|5|Praterstern S U
105|1347|5|Joachimsthalerplatz
105|1347|5|Praterstern S U
106|7001|6|Zentralfriedhof 3.Tor
106|3431|6|Burggasse, Stadthalle U
106|3434|6|Burggasse, Stadthalle U
106|3436|6|Burggasse, Stadthalle U
106|3433|6|Zentralfriedhof 3.Tor
106|3435|6|Zentralfriedhof 3.Tor
106|3436|6|Zentralfriedhof 3.Tor
106|3437|6|Burggasse, Stadthalle U
106|71|6|Zentralfriedhof 3.Tor
106|428|6|Burggasse, Stadthalle U
106|398|6|Zentralfriedhof 3.Tor
106|1718|6|Burggasse, Stadthalle U
106|1748|6|Burggasse, Stadthalle U
106|1718|6|Zentralfriedhof 3.Tor
106|1748|6|Zentralfriedhof 3.Tor
106|6510|6|Burggasse, Stadthalle U
106|6010|6|Zentralfriedhof 3.Tor
106|6510|6|Zentralfriedhof 3.Tor
106|6409|6|Burggasse, Stadthalle U
106|6409|6|Zentralfriedhof 3.Tor
106|6511|6|Burggasse, Stadthalle U
106|6011|6|Zentralfriedhof 3.Tor
106|5637|6|Burggasse, Stadthalle U
106|5637|6|Zentralfriedhof 3.Tor
106|411|6|Burggasse, Stadthalle U
106|407|6|Zentralfriedhof 3.Tor
106|6410|6|Burggasse, Stadthalle U
106|832|6|Burggasse, Stadthalle U
106|848|6|Burggasse, Stadthalle U
106|832|6|Zentralfriedhof 3.Tor
106|848|6|Zentralfriedhof 3.Tor
106|2035|6|Burggasse, Stadthalle U
106|2023|6|Zentralfriedhof 3.Tor
106|461|6|Burggasse, Stadthalle U
106|628|6|Burggasse, Stadthalle U
106|461|6|Zentralfriedhof 3.Tor
106|301|6|Burggasse, Stadthalle U
106|341|6|Burggasse, Stadthalle U
106|301|6|Zentralfriedhof 3.Tor
106|341|6|Zentralfriedhof 3.Tor
106|1875|6|Burggasse, Stadthalle U
106|1883|6|Burggasse, Stadthalle U
106|1875|6|Zentralfriedhof 3.Tor
106|1883|6|Zentralfriedhof 3.Tor
106|471|6|Burggasse, Stadthalle U
106|471|6|Zentralfriedhof 3.Tor
106|427|6|Burggasse, Stadthalle U
106|399|6|Zentralfriedhof 3.Tor
106|2036|6|Burggasse, Stadthalle U
106|412|6|Burggasse, Stadthalle U
106|412|6|Zentralfriedhof 3.Tor
106|2009|6|Zentralfriedhof 3.Tor
106|846|6|Burggasse, Stadthalle U
106|304|6|Zentralfriedhof 3.Tor
106|2025|6|Burggasse, Stadthalle U
106|2033|6|Burggasse, Stadthalle U
106|2025|6|Zentralfriedhof 3.Tor
106|2033|6|Zentralfriedhof 3.Tor
106|1717|6|Burggasse, Stadthalle U
106|1749|6|Burggasse, Stadthalle U
106|1717|6|Zentralfriedhof 3.Tor
106|1749|6|Zentralfriedhof 3.Tor
106|3441|6|Burggasse, Stadthalle U
106|3442|6|Burggasse, Stadthalle U
106|418|6|Burggasse, Stadthalle U
106|3441|6|Zentralfriedhof 3.Tor
106|408|6|Zentralfriedhof 3.Tor
106|416|6|Burggasse, Stadthalle U
106|409|6|Zentralfriedhof 3.Tor
106|421|6|Burggasse, Stadthalle U
106|405|6|Zentralfriedhof 3.Tor
106|2584|6|Burggasse, Stadthalle U
106|2584|6|Zentralfriedhof 3.Tor
106|300|6|Burggasse, Stadthalle U
106|342|6|Burggasse, Stadthalle U
106|300|6|Zentralfriedhof 3.Tor
106|342|6|Zentralfriedhof 3.Tor
106|430|6|Burggasse, Stadthalle U
106|396|6|Zentralfriedhof 3.Tor
106|2038|6|Burggasse, Stadthalle U
106|2021|6|Zentralfriedhof 3.Tor
106|57|6|Burggasse, Stadthalle U
106|58|6|Zentralfriedhof 3.Tor
106|302|6|Burggasse, Stadthalle U
106|340|6|Burggasse, Stadthalle U
106|833|6|Burggasse, Stadthalle U
106|847|6|Burggasse, Stadthalle U
106|302|6|Zentralfriedhof 3.Tor
106|340|6|Zentralfriedhof 3.Tor
106|833|6|Zentralfriedhof 3.Tor
106|847|6|Zentralfriedhof 3.Tor
106|845|6|Burggasse, Stadthalle U
106|834|6|Zentralfriedhof 3.Tor
106|3439|6|Burggasse, Stadthalle U
106|3438|6|Zentralfriedhof 3.Tor
106|831|6|Burggasse, Stadthalle U
106|849|6|Burggasse, Stadthalle U
106|831|6|Zentralfriedhof 3.Tor
106|849|6|Zentralfriedhof 3.Tor
106|1884|6|Burggasse, Stadthalle U
106|425|6|Burggasse, Stadthalle U
106|1884|6|Zentralfriedhof 3.Tor
106|401|6|Zentralfriedhof 3.Tor
106|1876|6|Burggasse, Stadthalle U
106|1882|6|Burggasse, Stadthalle U
106|1876|6|Zentralfriedhof 3.Tor
106|1882|6|Zentralfriedhof 3.Tor
106|7556|6|Burggasse, Stadthalle U
106|3713|6|Burggasse, Stadthalle U
106|3713|6|Zentralfriedhof 3.Tor
106|2041|6|Burggasse, Stadthalle U
106|2018|6|Zentralfriedhof 3.Tor
106|429|6|Burggasse, Stadthalle U
106|397|6|Zentralfriedhof 3.Tor
106|481|6|Burggasse, Stadthalle U
106|482|6|Zentralfriedhof 3.Tor
106|1716|6|Burggasse, Stadthalle U
106|1750|6|Burggasse, Stadthalle U
106|1716|6|Zentralfriedhof 3.Tor
106|1750|6|Zentralfriedhof 3.Tor
106|426|6|Burggasse, Stadthalle U
106|851|6|Burggasse, Stadthalle U
106|400|6|Zentralfriedhof 3.Tor
106|851|6|Zentralfriedhof 3.Tor
106|2040|6|Burggasse, Stadthalle U
106|2019|6|Zentralfriedhof 3.Tor
106|475|6|Burggasse, Stadthalle U
106|475|6|Zentralfriedhof 3.Tor
106|424|6|Burggasse, Stadthalle U
106|402|6|Zentralfriedhof 3.Tor
106|415|6|Burggasse, Stadthalle U
106|410|6|Zentralfriedhof 3.Tor
106|109|6|Burggasse, Stadthalle U
106|111|6|Burggasse, Stadthalle U
106|303|6|Burggasse, Stadthalle U
106|339|6|Burggasse, Stadthalle U
106|109|6|Zentralfriedhof 3.Tor
106|111|6|Zentralfriedhof 3.Tor
106|303|6|Zentralfriedhof 3.Tor
106|339|6|Zentralfriedhof 3.Tor
106|7526|6|Burggasse, Stadthalle U
106|7526|6|Zentralfriedhof 3.Tor
106|343|6|Burggasse, Stadthalle U
106|423|6|Burggasse, Stadthalle U
106|343|6|Zentralfriedhof 3.Tor
106|403|6|Zentralfriedhof 3.Tor
106|423|6|Zentralfriedhof 3.Tor
106|2243|6|Burggasse, Stadthalle U
106|3715|6|Burggasse, Stadthalle U
106|422|6|Burggasse, Stadthalle U
106|2243|6|Zentralfriedhof 3.Tor
106|3715|6|Zentralfriedhof 3.Tor
106|404|6|Zentralfriedhof 3.Tor
106|420|6|Burggasse, Stadthalle U
106|406|6|Zentralfriedhof 3.Tor
106|3712|6|Burggasse, Stadthalle U
106|3712|6|Zentralfriedhof 3.Tor
106|2034|6|Burggasse, Stadthalle U
106|2024|6|Zentralfriedhof 3.Tor
106|2016|6|Zentralfriedhof 3.Tor
106|293|6|Zentralfriedhof 3.Tor
106|1878|6|Burggasse, Stadthalle U
106|1880|6|Burggasse, Stadthalle U
106|1878|6|Zentralfriedhof 3.Tor
106|1880|6|Zentralfriedhof 3.Tor
106|1477|6|Burggasse, Stadthalle U
106|1550|6|Burggasse, Stadthalle U
106|485|6|Burggasse, Stadthalle U
106|1445|6|Zentralfriedhof 3.Tor
106|1550|6|Zentralfriedhof 3.Tor
106|462|6|Zentralfriedhof 3.Tor
106|2032|6|Burggasse, Stadthalle U
106|2026|6|Zentralfriedhof 3.Tor
106|370|6|Burggasse, Stadthalle U
106|483|6|Burggasse, Stadthalle U
106|370|6|Zentralfriedhof 3.Tor
106|464|6|Zentralfriedhof 3.Tor
106|844|6|Burggasse, Stadthalle U
106|835|6|Zentralfriedhof 3.Tor
106|1877|6|Burggasse, Stadthalle U
106|1881|6|Burggasse, Stadthalle U
106|1877|6|Zentralfriedhof 3.Tor
106|1881|6|Zentralfriedhof 3.Tor
106|2031|6|Burggasse, Stadthalle U
106|2027|6|Zentralfriedhof 3.Tor
106|2030|6|Burggasse, Stadthalle U
106|2028|6|Zentralfriedhof 3.Tor
106|2011|6|Burggasse, Stadthalle U
106|4733|6|Burggasse, Stadthalle U
106|2011|6|Zentralfriedhof 3.Tor
106|2029|6|Zentralfriedhof 3.Tor
106|7541|6|Zentralfriedhof 3.Tor
106|2039|6|Burggasse, Stadthalle U
106|2020|6|Zentralfriedhof 3.Tor
109|234|9|Wallrißstraße
109|220|9|Wattmanngasse
109|1556|9|Wallrißstraße
109|1539|9|Wattmanngasse
109|4708|9|Wallrißstraße
109|4708|9|Wattmanngasse
109|1339|9|Wallrißstraße
109|1339|9|Wattmanngasse
109|6504|9|Wallrißstraße
109|6004|9|Wattmanngasse
109|6505|9|Wallrißstraße
109|6005|9|Wattmanngasse
109|6508|9|Wallrißstraße
109|6008|9|Wattmanngasse
109|6024|9|Wallrißstraße
109|6509|9|Wallrißstraße
109|6009|9|Wattmanngasse
109|1458|9|Wallrißstraße
109|1465|9|Wallrißstraße
109|1465|9|Wattmanngasse
109|1545|9|Wattmanngasse
109|7550|9|Wallrißstraße
109|7550|9|Wattmanngasse
109|1446|9|Wallrißstraße
109|1476|9|Wattmanngasse
109|6405|9|Wallrißstraße
109|6405|9|Wattmanngasse
109|7008|9|Wallrißstraße
109|7008|9|Wattmanngasse
109|551|9|Wallrißstraße
109|525|9|Wattmanngasse
109|1452|9|Wallrißstraße
109|4723|9|Wallrißstraße
109|1471|9|Wattmanngasse
109|4723|9|Wattmanngasse
109|274|9|Wallrißstraße
109|248|9|Wattmanngasse
109|460|9|Wallrißstraße
109|460|9|Wattmanngasse
109|508|9|Wattmanngasse
109|544|9|Wallrißstraße
109|532|9|Wattmanngasse
109|1557|9|Wallrißstraße
109|1538|9|Wattmanngasse
109|1639|9|Wallrißstraße
109|5611|9|Wattmanngasse
109|1369|9|Wallrißstraße
109|1349|9|Wattmanngasse
109|3875|9|Wallrißstraße
109|3878|9|Wattmanngasse
109|232|9|Wallrißstraße
109|550|9|Wallrißstraße
109|222|9|Wattmanngasse
109|526|9|Wattmanngasse
109|1311|9|Wallrißstraße
109|1317|9|Wattmanngasse
109|546|9|Wallrißstraße
109|530|9|Wattmanngasse
109|1561|9|Wallrißstraße
109|1533|9|Wattmanngasse
109|521|9|Wallrißstraße
109|143|9|Wattmanngasse
109|1638|9|Wallrißstraße
109|1611|9|Wattmanngasse
109|1552|9|Wallrißstraße
109|1543|9|Wattmanngasse
109|543|9|Wallrißstraße
109|533|9|Wattmanngasse
109|1554|9|Wallrißstraße
109|1541|9|Wattmanngasse
109|247|9|Wattmanngasse
109|1357|9|Wallrißstraße
109|1348|9|Wattmanngasse
109|224|9|Wallrißstraße
109|230|9|Wallrißstraße
109|224|9|Wattmanngasse
109|230|9|Wattmanngasse
109|574|9|Wallrißstraße
109|1596|9|Wattmanngasse
109|1457|9|Wallrißstraße
109|1466|9|Wattmanngasse
109|1728|9|Wallrißstraße
109|1615|9|Wattmanngasse
109|1728|9|Wattmanngasse
109|1448|9|Wallrißstraße
109|1474|9|Wattmanngasse
109|1454|9|Wallrißstraße
109|1450|9|Wallrißstraße
109|1472|9|Wattmanngasse
109|1636|9|Wallrißstraße
109|1613|9|Wattmanngasse
109|547|9|Wallrißstraße
109|548|9|Wallrißstraße
109|556|9|Wallrißstraße
109|556|9|Wattmanngasse
109|3876|9|Wallrißstraße
109|3877|9|Wattmanngasse
109|1449|9|Wallrißstraße
109|1473|9|Wattmanngasse
109|365|9|Wallrißstraße
109|458|9|Wallrißstraße
109|365|9|Wattmanngasse
109|1453|9|Wallrißstraße
109|1470|9|Wattmanngasse
109|588|9|Wallrißstraße
109|561|9|Wattmanngasse
109|571|9|Wallrißstraße
109|578|9|Wattmanngasse
109|1551|9|Wallrißstraße
109|1544|9|Wattmanngasse
109|4711|9|Wallrißstraße
109|4711|9|Wattmanngasse
109|1555|9|Wallrißstraße
109|1469|9|Wattmanngasse
109|1540|9|Wattmanngasse
109|1362|9|Wallrißstraße
109|528|9|Wallrißstraße
109|1368|9|Wattmanngasse
109|528|9|Wattmanngasse
109|455|9|Wallrißstraße
109|1342|9|Wattmanngasse
109|275|9|Wallrißstraße
109|233|9|Wallrißstraße
109|221|9|Wattmanngasse
109|545|9|Wallrißstraße
109|531|9|Wattmanngasse
109|577|9|Wallrißstraße
109|1537|9|Wattmanngasse
109|1313|9|Wallrißstraße
109|1315|9|Wallrißstraße
109|1315|9|Wattmanngasse
109|1635|9|Wallrißstraße
109|1614|9|Wattmanngasse
109|1558|9|Wallrißstraße
109|579|9|Wattmanngasse
109|1364|9|Wallrißstraße
109|1366|9|Wattmanngasse
109|223|9|Wallrißstraße
109|231|9|Wallrißstraße
109|549|9|Wallrißstraße
109|223|9|Wattmanngasse
109|4710|9|Wallrißstraße
109|4710|9|Wattmanngasse
109|1559|9|Wallrißstraße
109|1535|9|Wattmanngasse
109|1559|9|Wattmanngasse
109|1560|9|Wallrißstraße
109|1534|9|Wattmanngasse
109|1365|9|Wallrißstraße
109|562|9|Wattmanngasse
109|1312|9|Wallrißstraße
109|1316|9|Wattmanngasse
109|576|9|Wallrißstraße
109|572|9|Wattmanngasse
109|160|9|Wattmanngasse
109|1447|9|Wallrißstraße
109|1475|9|Wattmanngasse
109|1455|9|Wallrißstraße
109|1468|9|Wattmanngasse
109|554|9|Wallrißstraße
109|522|9|Wattmanngasse
109|553|9|Wallrißstraße
109|1340|9|Wattmanngasse
109|523|9|Wattmanngasse
109|1637|9|Wallrißstraße
109|1612|9|Wattmanngasse
109|1562|9|Wallrißstraße
109|1532|9|Wattmanngasse
109|1275|9|Wallrißstraße
109|1275|9|Wattmanngasse
109|1310|9|Wallrißstraße
109|1318|9|Wattmanngasse
109|1445|9|Wallrißstraße
109|1477|9|Wallrißstraße
109|1550|9|Wallrißstraße
109|485|9|Wallrißstraße
109|541|9|Wallrißstraße
109|1445|9|Wattmanngasse
109|1477|9|Wattmanngasse
109|1550|9|Wattmanngasse
109|462|9|Wattmanngasse
109|535|9|Wattmanngasse
109|1338|9|Wallrißstraße
109|552|9|Wallrißstraße
109|524|9|Wattmanngasse
109|4709|9|Wattmanngasse
109|1299|9|Wallrißstraße
109|493|9|Wattmanngasse
109|1456|9|Wallrißstraße
109|1467|9|Wattmanngasse
109|516|9|Wallrißstraße
109|516|9|Wattmanngasse
109|1739|9|Wallrißstraße
109|1739|9|Wattmanngasse
109|370|9|Wallrißstraße
109|483|9|Wallrißstraße
109|484|9|Wallrißstraße
109|370|9|Wattmanngasse
109|464|9|Wattmanngasse
109|484|9|Wattmanngasse
109|1549|9|Wallrißstraße
109|1548|9|Wattmanngasse
109|1363|9|Wallrißstraße
109|1367|9|Wattmanngasse
109|1536|9|Wallrißstraße
109|1536|9|Wattmanngasse
109|1553|9|Wallrißstraße
109|1542|9|Wattmanngasse
109|1347|9|Wallrißstraße
109|1347|9|Wattmanngasse
110|1539|10|Dornbach
110|1556|10|Dornbach
110|1539|10|Unter St. Veit, Hummelgasse
110|1556|10|Unter St. Veit, Hummelgasse
110|6506|10|Dornbach
110|6006|10|Unter St. Veit, Hummelgasse
110|6508|10|Dornbach
110|6008|10|Unter St. Veit, Hummelgasse
110|6024|10|Dornbach
110|6407|10|Dornbach
110|6407|10|Unter St. Veit, Hummelgasse
110|7300|10|Dornbach
110|7300|10|Unter St. Veit, Hummelgasse
110|6509|10|Dornbach
110|6009|10|Unter St. Veit, Hummelgasse
110|1465|10|Dornbach
110|1545|10|Dornbach
110|1458|10|Unter St. Veit, Hummelgasse
110|1465|10|Unter St. Veit, Hummelgasse
110|1545|10|Unter St. Veit, Hummelgasse
110|6406|10|Dornbach
110|7542|10|Dornbach
110|6406|10|Unter St. Veit, Hummelgasse
110|7542|10|Unter St. Veit, Hummelgasse
110|7008|10|Dornbach
110|7008|10|Unter St. Veit, Hummelgasse
110|1471|10|Dornbach
110|4723|10|Dornbach
110|1452|10|Unter St. Veit, Hummelgasse
110|4723|10|Unter St. Veit, Hummelgasse
110|1538|10|Dornbach
110|1557|10|Dornbach
110|1538|10|Unter St. Veit, Hummelgasse
110|1557|10|Unter St. Veit, Hummelgasse
110|1597|10|Dornbach
110|1605|10|Dornbach
110|1639|10|Dornbach
110|1597|10|Unter St. Veit, Hummelgasse
110|5611|10|Unter St. Veit, Hummelgasse
110|3468|10|Dornbach
110|3468|10|Unter St. Veit, Hummelgasse
110|277|10|Dornbach
110|245|10|Unter St. Veit, Hummelgasse
110|3705|10|Dornbach
110|3705|10|Unter St. Veit, Hummelgasse
110|1599|10|Dornbach
110|1603|10|Dornbach
110|1599|10|Unter St. Veit, Hummelgasse
110|1533|10|Dornbach
110|1533|10|Unter St. Veit, Hummelgasse
110|1561|10|Unter St. Veit, Hummelgasse
110|1638|10|Dornbach
110|1611|10|Unter St. Veit, Hummelgasse
110|1543|10|Dornbach
110|1552|10|Dornbach
110|1543|10|Unter St. Veit, Hummelgasse
110|1552|10|Unter St. Veit, Hummelgasse
110|1541|10|Dornbach
110|1554|10|Dornbach
110|1541|10|Unter St. Veit, Hummelgasse
110|1554|10|Unter St. Veit, Hummelgasse
110|583|10|Dornbach
110|566|10|Unter St. Veit, Hummelgasse
110|583|10|Unter St. Veit, Hummelgasse
110|1610|10|Dornbach
110|573|10|Dornbach
110|574|10|Dornbach
110|1610|10|Unter St. Veit, Hummelgasse
110|573|10|Unter St. Veit, Hummelgasse
110|1466|10|Dornbach
110|1457|10|Unter St. Veit, Hummelgasse
110|1634|10|Dornbach
110|1728|10|Dornbach
110|1615|10|Unter St. Veit, Hummelgasse
110|1728|10|Unter St. Veit, Hummelgasse
110|1454|10|Unter St. Veit, Hummelgasse
110|1472|10|Dornbach
110|581|10|Dornbach
110|1450|10|Unter St. Veit, Hummelgasse
110|568|10|Unter St. Veit, Hummelgasse
110|581|10|Unter St. Veit, Hummelgasse
110|1636|10|Dornbach
110|1613|10|Unter St. Veit, Hummelgasse
110|1386|10|Dornbach
110|565|10|Dornbach
110|584|10|Dornbach
110|1386|10|Unter St. Veit, Hummelgasse
110|565|10|Unter St. Veit, Hummelgasse
110|279|10|Dornbach
110|548|10|Dornbach
110|556|10|Dornbach
110|246|10|Unter St. Veit, Hummelgasse
110|548|10|Unter St. Veit, Hummelgasse
110|559|10|Dornbach
110|559|10|Unter St. Veit, Hummelgasse
110|575|10|Unter St. Veit, Hummelgasse
110|582|10|Dornbach
110|567|10|Unter St. Veit, Hummelgasse
110|582|10|Unter St. Veit, Hummelgasse
110|1470|10|Dornbach
110|1453|10|Unter St. Veit, Hummelgasse
110|561|10|Dornbach
110|588|10|Dornbach
110|561|10|Unter St. Veit, Hummelgasse
110|588|10|Unter St. Veit, Hummelgasse
110|571|10|Dornbach
110|578|10|Dornbach
110|571|10|Unter St. Veit, Hummelgasse
110|578|10|Unter St. Veit, Hummelgasse
110|1544|10|Dornbach
110|1551|10|Dornbach
110|1544|10|Unter St. Veit, Hummelgasse
110|1551|10|Unter St. Veit, Hummelgasse
110|1469|10|Dornbach
110|1540|10|Dornbach
110|1555|10|Dornbach
110|1540|10|Unter St. Veit, Hummelgasse
110|1555|10|Unter St. Veit, Hummelgasse
110|241|10|Dornbach
110|586|10|Dornbach
110|241|10|Unter St. Veit, Hummelgasse
110|242|10|Unter St. Veit, Hummelgasse
110|563|10|Unter St. Veit, Hummelgasse
110|580|10|Dornbach
110|569|10|Unter St. Veit, Hummelgasse
110|580|10|Unter St. Veit, Hummelgasse
110|1368|10|Dornbach
110|1362|10|Unter St. Veit, Hummelgasse
110|1387|10|Unter St. Veit, Hummelgasse
110|1537|10|Dornbach
110|577|10|Dornbach
110|1537|10|Unter St. Veit, Hummelgasse
110|1635|10|Dornbach
110|1614|10|Unter St. Veit, Hummelgasse
110|585|10|Dornbach
110|564|10|Unter St. Veit, Hummelgasse
110|278|10|Dornbach
110|244|10|Unter St. Veit, Hummelgasse
110|1558|10|Dornbach
110|579|10|Dornbach
110|1558|10|Unter St. Veit, Hummelgasse
110|570|10|Unter St. Veit, Hummelgasse
110|579|10|Unter St. Veit, Hummelgasse
110|1366|10|Dornbach
110|1364|10|Unter St. Veit, Hummelgasse
110|1535|10|Dornbach
110|1559|10|Dornbach
110|1535|10|Unter St. Veit, Hummelgasse
110|1559|10|Unter St. Veit, Hummelgasse
110|1534|10|Dornbach
110|1534|10|Unter St. Veit, Hummelgasse
110|1560|10|Unter St. Veit, Hummelgasse
110|562|10|Dornbach
110|587|10|Dornbach
110|1365|10|Unter St. Veit, Hummelgasse
110|562|10|Unter St. Veit, Hummelgasse
110|572|10|Dornbach
110|576|10|Dornbach
110|572|10|Unter St. Veit, Hummelgasse
110|1468|10|Dornbach
110|1455|10|Unter St. Veit, Hummelgasse
110|1616|10|Unter St. Veit, Hummelgasse
110|1637|10|Dornbach
110|1612|10|Unter St. Veit, Hummelgasse
110|1532|10|Dornbach
110|1532|10|Unter St. Veit, Hummelgasse
110|1562|10|Unter St. Veit, Hummelgasse
110|1601|10|Dornbach
110|1601|10|Unter St. Veit, Hummelgasse
110|1600|10|Dornbach
110|1602|10|Dornbach
110|1600|10|Unter St. Veit, Hummelgasse
110|1467|10|Dornbach
110|1456|10|Unter St. Veit, Hummelgasse
110|1739|10|Dornbach
110|1739|10|Unter St. Veit, Hummelgasse
110|243|10|Dornbach
110|1598|10|Dornbach
110|1604|10|Dornbach
110|1598|10|Unter St. Veit, Hummelgasse
110|1531|10|Dornbach
110|1531|10|Unter St. Veit, Hummelgasse
110|1548|10|Dornbach
110|1548|10|Unter St. Veit, Hummelgasse
110|1549|10|Unter St. Veit, Hummelgasse
110|1367|10|Dornbach
110|1363|10|Unter St. Veit, Hummelgasse
110|1536|10|Dornbach
110|1536|10|Unter St. Veit, Hummelgasse
110|1542|10|Dornbach
110|1553|10|Dornbach
110|1542|10|Unter St. Veit, Hummelgasse
110|1553|10|Unter St. Veit, Hummelgasse
111|7001|11|Kaiserebersdorf, Zinnergasse
111|3431|11|Kaiserebersdorf, Zinnergasse
111|3433|11|Kaiserebersdorf, Zinnergasse
111|3435|11|Kaiserebersdorf, Zinnergasse
111|3436|11|Kaiserebersdorf, Zinnergasse
111|3431|11|Otto-Probst-Platz
111|3433|11|Otto-Probst-Platz
111|3434|11|Otto-Probst-Platz
111|3435|11|Otto-Probst-Platz
111|3436|11|Otto-Probst-Platz
111|3437|11|Kaiserebersdorf, Zinnergasse
111|71|11|Kaiserebersdorf, Zinnergasse
111|3437|11|Otto-Probst-Platz
111|71|11|Otto-Probst-Platz
111|1932|11|Kaiserebersdorf, Zinnergasse
111|1924|11|Otto-Probst-Platz
111|6010|11|Kaiserebersdorf, Zinnergasse
111|6510|11|Kaiserebersdorf, Zinnergasse
111|6010|11|Otto-Probst-Platz
111|6510|11|Otto-Probst-Platz
111|6409|11|Kaiserebersdorf, Zinnergasse
111|6409|11|Otto-Probst-Platz
111|6011|11|Kaiserebersdorf, Zinnergasse
111|6511|11|Kaiserebersdorf, Zinnergasse
111|6511|11|Otto-Probst-Platz
111|5637|11|Kaiserebersdorf, Zinnergasse
111|5637|11|Otto-Probst-Platz
111|407|11|Kaiserebersdorf, Zinnergasse
111|411|11|Otto-Probst-Platz
111|6410|11|Otto-Probst-Platz
111|848|11|Kaiserebersdorf, Zinnergasse
111|832|11|Otto-Probst-Platz
111|2023|11|Kaiserebersdorf, Zinnergasse
111|2023|11|Otto-Probst-Platz
111|2035|11|Otto-Probst-Platz
111|301|11|Kaiserebersdorf, Zinnergasse
111|301|11|Otto-Probst-Platz
111|341|11|Otto-Probst-Platz
111|1883|11|Kaiserebersdorf, Zinnergasse
111|1875|11|Otto-Probst-Platz
111|2036|11|Kaiserebersdorf, Zinnergasse
111|412|11|Kaiserebersdorf, Zinnergasse
111|2036|11|Otto-Probst-Platz
111|412|11|Otto-Probst-Platz
111|2009|11|Kaiserebersdorf, Zinnergasse
111|2009|11|Otto-Probst-Platz
111|304|11|Kaiserebersdorf, Zinnergasse
111|846|11|Otto-Probst-Platz
111|2025|11|Kaiserebersdorf, Zinnergasse
111|2033|11|Kaiserebersdorf, Zinnergasse
111|2025|11|Otto-Probst-Platz
111|2033|11|Otto-Probst-Platz
111|2257|11|Kaiserebersdorf, Zinnergasse
111|2261|11|Kaiserebersdorf, Zinnergasse
111|3471|11|Kaiserebersdorf, Zinnergasse
111|2261|11|Otto-Probst-Platz
111|3441|11|Kaiserebersdorf, Zinnergasse
111|408|11|Kaiserebersdorf, Zinnergasse
111|3441|11|Otto-Probst-Platz
111|3442|11|Otto-Probst-Platz
111|408|11|Otto-Probst-Platz
111|418|11|Otto-Probst-Platz
111|409|11|Kaiserebersdorf, Zinnergasse
111|409|11|Otto-Probst-Platz
111|416|11|Otto-Probst-Platz
111|405|11|Kaiserebersdorf, Zinnergasse
111|405|11|Otto-Probst-Platz
111|421|11|Otto-Probst-Platz
111|2584|11|Kaiserebersdorf, Zinnergasse
111|2584|11|Otto-Probst-Platz
111|300|11|Kaiserebersdorf, Zinnergasse
111|342|11|Kaiserebersdorf, Zinnergasse
111|300|11|Otto-Probst-Platz
111|342|11|Otto-Probst-Platz
111|2021|11|Kaiserebersdorf, Zinnergasse
111|2038|11|Otto-Probst-Platz
111|57|11|Kaiserebersdorf, Zinnergasse
111|58|11|Kaiserebersdorf, Zinnergasse
111|57|11|Otto-Probst-Platz
111|58|11|Otto-Probst-Platz
111|302|11|Kaiserebersdorf, Zinnergasse
111|847|11|Kaiserebersdorf, Zinnergasse
111|302|11|Otto-Probst-Platz
111|340|11|Otto-Probst-Platz
111|833|11|Otto-Probst-Platz
111|4795|11|Otto-Probst-Platz
111|4796|11|Otto-Probst-Platz
111|4797|11|Otto-Probst-Platz
111|4798|11|Otto-Probst-Platz
111|4799|11|Otto-Probst-Platz
111|834|11|Kaiserebersdorf, Zinnergasse
111|845|11|Otto-Probst-Platz
111|3438|11|Kaiserebersdorf, Zinnergasse
111|3439|11|Kaiserebersdorf, Zinnergasse
111|3438|11|Otto-Probst-Platz
111|3439|11|Otto-Probst-Platz
111|2974|11|Kaiserebersdorf, Zinnergasse
111|2974|11|Otto-Probst-Platz
111|849|11|Kaiserebersdorf, Zinnergasse
111|831|11|Otto-Probst-Platz
111|1884|11|Kaiserebersdorf, Zinnergasse
111|401|11|Kaiserebersdorf, Zinnergasse
111|425|11|Otto-Probst-Platz
111|1882|11|Kaiserebersdorf, Zinnergasse
111|1876|11|Otto-Probst-Platz
111|1931|11|Kaiserebersdorf, Zinnergasse
111|1925|11|Otto-Probst-Platz
111|2298|11|Kaiserebersdorf, Zinnergasse
111|2313|11|Kaiserebersdorf, Zinnergasse
111|2298|11|Otto-Probst-Platz
111|2313|11|Otto-Probst-Platz
111|7556|11|Otto-Probst-Platz
111|3713|11|Kaiserebersdorf, Zinnergasse
111|3713|11|Otto-Probst-Platz
111|2018|11|Kaiserebersdorf, Zinnergasse
111|2041|11|Otto-Probst-Platz
111|851|11|Kaiserebersdorf, Zinnergasse
111|426|11|Otto-Probst-Platz
111|2019|11|Kaiserebersdorf, Zinnergasse
111|2040|11|Otto-Probst-Platz
111|402|11|Kaiserebersdorf, Zinnergasse
111|424|11|Otto-Probst-Platz
111|1930|11|Kaiserebersdorf, Zinnergasse
111|1926|11|Otto-Probst-Platz
111|2244|11|Kaiserebersdorf, Zinnergasse
111|2244|11|Otto-Probst-Platz
111|2232|11|Kaiserebersdorf, Zinnergasse
111|2252|11|Otto-Probst-Platz
111|410|11|Kaiserebersdorf, Zinnergasse
111|410|11|Otto-Probst-Platz
111|415|11|Otto-Probst-Platz
111|109|11|Kaiserebersdorf, Zinnergasse
111|111|11|Kaiserebersdorf, Zinnergasse
111|303|11|Kaiserebersdorf, Zinnergasse
111|339|11|Kaiserebersdorf, Zinnergasse
111|109|11|Otto-Probst-Platz
111|111|11|Otto-Probst-Platz
111|303|11|Otto-Probst-Platz
111|339|11|Otto-Probst-Platz
111|7526|11|Kaiserebersdorf, Zinnergasse
111|7526|11|Otto-Probst-Platz
111|1933|11|Kaiserebersdorf, Zinnergasse
111|403|11|Kaiserebersdorf, Zinnergasse
111|423|11|Kaiserebersdorf, Zinnergasse
111|343|11|Otto-Probst-Platz
111|423|11|Otto-Probst-Platz
111|2260|11|Kaiserebersdorf, Zinnergasse
111|299|11|Kaiserebersdorf, Zinnergasse
111|1928|11|Otto-Probst-Platz
111|2254|11|Otto-Probst-Platz
111|299|11|Otto-Probst-Platz
111|2243|11|Kaiserebersdorf, Zinnergasse
111|3715|11|Kaiserebersdorf, Zinnergasse
111|404|11|Kaiserebersdorf, Zinnergasse
111|2243|11|Otto-Probst-Platz
111|3715|11|Otto-Probst-Platz
111|404|11|Otto-Probst-Platz
111|422|11|Otto-Probst-Platz
111|2259|11|Kaiserebersdorf, Zinnergasse
111|2255|11|Otto-Probst-Platz
111|406|11|Kaiserebersdorf, Zinnergasse
111|406|11|Otto-Probst-Platz
111|420|11|Otto-Probst-Platz
111|3712|11|Otto-Probst-Platz
111|2024|11|Kaiserebersdorf, Zinnergasse
111|2024|11|Otto-Probst-Platz
111|2034|11|Otto-Probst-Platz
111|4734|11|Kaiserebersdorf, Zinnergasse
111|4734|11|Otto-Probst-Platz
111|4735|11|Otto-Probst-Platz
111|2016|11|Kaiserebersdorf, Zinnergasse
111|293|11|Kaiserebersdorf, Zinnergasse
111|1878|11|Kaiserebersdorf, Zinnergasse
111|1880|11|Kaiserebersdorf, Zinnergasse
111|1878|11|Otto-Probst-Platz
111|2299|11|Kaiserebersdorf, Zinnergasse
111|2312|11|Kaiserebersdorf, Zinnergasse
111|2299|11|Otto-Probst-Platz
111|2312|11|Otto-Probst-Platz
111|2231|11|Kaiserebersdorf, Zinnergasse
111|2253|11|Otto-Probst-Platz
111|2679|11|Kaiserebersdorf, Zinnergasse
111|2680|11|Kaiserebersdorf, Zinnergasse
111|2679|11|Otto-Probst-Platz
111|2680|11|Otto-Probst-Platz
111|2876|11|Otto-Probst-Platz
111|2026|11|Kaiserebersdorf, Zinnergasse
111|2032|11|Otto-Probst-Platz
111|2297|11|Kaiserebersdorf, Zinnergasse
111|2314|11|Kaiserebersdorf, Zinnergasse
111|2297|11|Otto-Probst-Platz
111|2314|11|Otto-Probst-Platz
111|2258|11|Kaiserebersdorf, Zinnergasse
111|2256|11|Otto-Probst-Platz
111|835|11|Kaiserebersdorf, Zinnergasse
111|844|11|Otto-Probst-Platz
111|1881|11|Kaiserebersdorf, Zinnergasse
111|1877|11|Otto-Probst-Platz
111|2027|11|Kaiserebersdorf, Zinnergasse
111|2031|11|Otto-Probst-Platz
111|2028|11|Kaiserebersdorf, Zinnergasse
111|2030|11|Otto-Probst-Platz
111|2029|11|Kaiserebersdorf, Zinnergasse
111|2875|11|Kaiserebersdorf, Zinnergasse
111|4732|11|Kaiserebersdorf, Zinnergasse
111|7541|11|Kaiserebersdorf, Zinnergasse
111|2875|11|Otto-Probst-Platz
111|4733|11|Otto-Probst-Platz
111|2454|11|Kaiserebersdorf, Zinnergasse
111|2454|11|Otto-Probst-Platz
111|2455|11|Otto-Probst-Platz
111|2311|11|Kaiserebersdorf, Zinnergasse
111|2311|11|Otto-Probst-Platz
111|2020|11|Kaiserebersdorf, Zinnergasse
111|2039|11|Otto-Probst-Platz
112|250|12|Dornbach
112|359|12|Dornbach
112|250|12|Hillerstraße
112|359|12|Hillerstraße
112|135|12|Dornbach
112|135|12|Hillerstraße
112|136|12|Hillerstraße
112|347|12|Dornbach
112|390|12|Hillerstraße
112|119|12|Dornbach
112|100|12|Hillerstraße
112|119|12|Hillerstraße
112|104|12|Dornbach
112|104|12|Hillerstraße
112|6003|12|Dornbach
112|6503|12|Hillerstraße
112|6403|12|Dornbach
112|6403|12|Hillerstraße
112|6002|12|Dornbach
112|6502|12|Hillerstraße
112|225|12|Dornbach
112|6005|12|Dornbach
112|225|12|Hillerstraße
112|6505|12|Hillerstraße
112|272|12|Dornbach
112|377|12|Dornbach
112|272|12|Hillerstraße
112|2203|12|Dornbach
112|2223|12|Dornbach
112|2203|12|Hillerstraße
112|2223|12|Hillerstraße
112|274|12|Dornbach
112|248|12|Hillerstraße
112|274|12|Hillerstraße
112|219|12|Dornbach
112|235|12|Hillerstraße
112|3446|12|Dornbach
112|3447|12|Dornbach
112|3576|12|Dornbach
112|3446|12|Hillerstraße
112|3447|12|Hillerstraße
112|3576|12|Hillerstraße
112|209|12|Dornbach
112|214|12|Hillerstraße
112|1349|12|Dornbach
112|1369|12|Dornbach
112|560|12|Dornbach
112|1349|12|Hillerstraße
112|1369|12|Hillerstraße
112|560|12|Hillerstraße
112|318|12|Dornbach
112|323|12|Dornbach
112|318|12|Hillerstraße
112|323|12|Hillerstraße
112|358|12|Dornbach
112|378|12|Dornbach
112|358|12|Hillerstraße
112|378|12|Hillerstraße
112|2172|12|Dornbach
112|2189|12|Dornbach
112|2172|12|Hillerstraße
112|2189|12|Hillerstraße
112|2158|12|Dornbach
112|2159|12|Dornbach
112|2158|12|Hillerstraße
112|2159|12|Hillerstraße
112|2205|12|Dornbach
112|2205|12|Hillerstraße
112|118|12|Dornbach
112|353|12|Dornbach
112|384|12|Dornbach
112|118|12|Hillerstraße
112|353|12|Hillerstraße
112|384|12|Hillerstraße
112|352|12|Dornbach
112|385|12|Dornbach
112|352|12|Hillerstraße
112|385|12|Hillerstraße
112|2169|12|Dornbach
112|320|12|Dornbach
112|321|12|Dornbach
112|2169|12|Hillerstraße
112|320|12|Hillerstraße
112|321|12|Hillerstraße
112|2165|12|Dornbach
112|2195|12|Dornbach
112|2165|12|Hillerstraße
112|2195|12|Hillerstraße
112|247|12|Hillerstraße
112|3569|12|Dornbach
112|3575|12|Dornbach
112|3569|12|Hillerstraße
112|3575|12|Hillerstraße
112|1348|12|Dornbach
112|1357|12|Dornbach
112|1348|12|Hillerstraße
112|1357|12|Hillerstraße
112|224|12|Dornbach
112|230|12|Hillerstraße
112|3572|12|Dornbach
112|3572|12|Hillerstraße
112|2168|12|Dornbach
112|319|12|Dornbach
112|322|12|Dornbach
112|2168|12|Hillerstraße
112|319|12|Hillerstraße
112|322|12|Hillerstraße
112|2170|12|Dornbach
112|2191|12|Dornbach
112|2170|12|Hillerstraße
112|2191|12|Hillerstraße
112|316|12|Dornbach
112|325|12|Dornbach
112|316|12|Hillerstraße
112|325|12|Hillerstraße
112|2157|12|Dornbach
112|2167|12|Dornbach
112|2193|12|Dornbach
112|2204|12|Dornbach
112|2157|12|Hillerstraße
112|2167|12|Hillerstraße
112|2193|12|Hillerstraße
112|2204|12|Hillerstraße
112|548|12|Dornbach
112|556|12|Dornbach
112|548|12|Hillerstraße
112|556|12|Hillerstraße
112|273|12|Dornbach
112|365|12|Dornbach
112|458|12|Dornbach
112|249|12|Hillerstraße
112|273|12|Hillerstraße
112|365|12|Hillerstraße
112|458|12|Hillerstraße
112|3571|12|Dornbach
112|3573|12|Dornbach
112|3571|12|Hillerstraße
112|3573|12|Hillerstraße
112|362|12|Dornbach
112|374|12|Dornbach
112|362|12|Hillerstraße
112|374|12|Hillerstraße
112|361|12|Dornbach
112|375|12|Dornbach
112|361|12|Hillerstraße
112|375|12|Hillerstraße
112|366|12|Dornbach
112|367|12|Dornbach
112|366|12|Hillerstraße
112|367|12|Hillerstraße
112|2196|12|Dornbach
112|2196|12|Hillerstraße
112|351|12|Dornbach
112|386|12|Dornbach
112|351|12|Hillerstraße
112|386|12|Hillerstraße
112|3445|12|Dornbach
112|3448|12|Dornbach
112|3445|12|Hillerstraße
112|3448|12|Hillerstraße
112|356|12|Dornbach
112|380|12|Dornbach
112|237|12|Hillerstraße
112|356|12|Hillerstraße
112|380|12|Hillerstraße
112|357|12|Dornbach
112|379|12|Dornbach
112|357|12|Hillerstraße
112|379|12|Hillerstraße
112|355|12|Dornbach
112|381|12|Dornbach
112|355|12|Hillerstraße
112|381|12|Hillerstraße
112|360|12|Dornbach
112|376|12|Dornbach
112|360|12|Hillerstraße
112|376|12|Hillerstraße
112|588|12|Dornbach
112|561|12|Hillerstraße
112|588|12|Hillerstraße
112|120|12|Dornbach
112|3704|12|Hillerstraße
112|99|12|Hillerstraße
112|4711|12|Dornbach
112|4711|12|Hillerstraße
112|364|12|Dornbach
112|364|12|Hillerstraße
112|3708|12|Dornbach
112|3708|12|Hillerstraße
112|2171|12|Dornbach
112|2190|12|Dornbach
112|2171|12|Hillerstraße
112|2190|12|Hillerstraße
112|1362|12|Dornbach
112|1362|12|Hillerstraße
112|1368|12|Hillerstraße
112|528|12|Hillerstraße
112|392|12|Dornbach
112|392|12|Hillerstraße
112|275|12|Dornbach
112|275|12|Hillerstraße
112|3449|12|Dornbach
112|346|12|Dornbach
112|3449|12|Hillerstraße
112|346|12|Hillerstraße
112|391|12|Hillerstraße
112|348|12|Dornbach
112|389|12|Hillerstraße
112|354|12|Dornbach
112|354|12|Hillerstraße
112|210|12|Dornbach
112|383|12|Dornbach
112|213|12|Hillerstraße
112|383|12|Hillerstraße
112|3709|12|Dornbach
112|497|12|Dornbach
112|215|12|Hillerstraße
112|3709|12|Hillerstraße
112|497|12|Hillerstraße
112|4717|12|Dornbach
112|4717|12|Hillerstraße
112|311|12|Dornbach
112|311|12|Hillerstraße
112|4703|12|Dornbach
112|4703|12|Hillerstraße
112|349|12|Dornbach
112|388|12|Hillerstraße
112|3577|12|Dornbach
112|3577|12|Hillerstraße
112|326|12|Dornbach
112|326|12|Hillerstraße
112|1364|12|Dornbach
112|1364|12|Hillerstraße
112|1366|12|Hillerstraße
112|223|12|Dornbach
112|549|12|Dornbach
112|4710|12|Hillerstraße
112|1365|12|Dornbach
112|1365|12|Hillerstraße
112|562|12|Hillerstraße
112|1212|12|Dornbach
112|1212|12|Hillerstraße
112|150|12|Dornbach
112|1213|12|Hillerstraße
112|149|12|Dornbach
112|218|12|Dornbach
112|236|12|Hillerstraße
112|211|12|Dornbach
112|382|12|Dornbach
112|188|12|Hillerstraße
112|211|12|Hillerstraße
112|382|12|Hillerstraße
112|363|12|Dornbach
112|373|12|Dornbach
112|363|12|Hillerstraße
112|373|12|Hillerstraße
112|317|12|Dornbach
112|324|12|Dornbach
112|317|12|Hillerstraße
112|324|12|Hillerstraße
112|3570|12|Dornbach
112|3574|12|Dornbach
112|3570|12|Hillerstraße
112|3574|12|Hillerstraße
112|2224|12|Dornbach
112|350|12|Dornbach
112|387|12|Dornbach
112|2224|12|Hillerstraße
112|350|12|Hillerstraße
112|387|12|Hillerstraße
112|368|12|Dornbach
112|368|12|Hillerstraße
112|370|12|Dornbach
112|370|12|Hillerstraße
112|2166|12|Dornbach
112|2194|12|Dornbach
112|2166|12|Hillerstraße
112|2194|12|Hillerstraße
112|7531|12|Dornbach
112|7531|12|Hillerstraße
112|7540|12|Hillerstraße
112|1363|12|Dornbach
112|1363|12|Hillerstraße
112|1367|12|Hillerstraße
112|1347|12|Dornbach
112|1347|12|Hillerstraße
115|220|E4|Beethovengang
115|234|E4|Beethovengang
115|220|E4|Hernals, Wattgasse
115|234|E4|Hernals, Wattgasse
115|135|E4|Beethovengang
115|136|E4|Hernals, Wattgasse
115|4708|E4|Beethovengang
115|4708|E4|Hernals, Wattgasse
115|119|E4|Beethovengang
115|100|E4|Hernals, Wattgasse
115|104|E4|Beethovengang
115|104|E4|Hernals, Wattgasse
115|6003|E4|Beethovengang
115|6503|E4|Hernals, Wattgasse
115|6004|E4|Beethovengang
115|6504|E4|Hernals, Wattgasse
115|6005|E4|Beethovengang
115|6505|E4|Hernals, Wattgasse
115|117|E4|Beethovengang
115|102|E4|Hernals, Wattgasse
115|88|E4|Beethovengang
115|90|E4|Beethovengang
115|90|E4|Hernals, Wattgasse
115|7524|E4|Beethovengang
115|7524|E4|Hernals, Wattgasse
115|19|E4|Beethovengang
115|3703|E4|Beethovengang
115|45|E4|Beethovengang
115|1270|E4|Hernals, Wattgasse
115|19|E4|Hernals, Wattgasse
115|3703|E4|Hernals, Wattgasse
115|45|E4|Hernals, Wattgasse
115|3700|E4|Beethovengang
115|2223|E4|Beethovengang
115|2203|E4|Hernals, Wattgasse
115|219|E4|Beethovengang
115|235|E4|Beethovengang
115|219|E4|Hernals, Wattgasse
115|235|E4|Hernals, Wattgasse
115|222|E4|Beethovengang
115|232|E4|Beethovengang
115|222|E4|Hernals, Wattgasse
115|232|E4|Hernals, Wattgasse
115|118|E4|Beethovengang
115|101|E4|Hernals, Wattgasse
115|384|E4|Hernals, Wattgasse
115|352|E4|Beethovengang
115|385|E4|Hernals, Wattgasse
115|2163|E4|Beethovengang
115|2197|E4|Hernals, Wattgasse
115|2165|E4|Beethovengang
115|2195|E4|Hernals, Wattgasse
115|126|E4|Beethovengang
115|93|E4|Hernals, Wattgasse
115|123|E4|Beethovengang
115|96|E4|Hernals, Wattgasse
115|125|E4|Beethovengang
115|94|E4|Hernals, Wattgasse
115|124|E4|Beethovengang
115|95|E4|Hernals, Wattgasse
115|224|E4|Beethovengang
115|230|E4|Beethovengang
115|224|E4|Hernals, Wattgasse
115|230|E4|Hernals, Wattgasse
115|2157|E4|Beethovengang
115|2167|E4|Beethovengang
115|2193|E4|Hernals, Wattgasse
115|2204|E4|Hernals, Wattgasse
115|2164|E4|Beethovengang
115|2196|E4|Hernals, Wattgasse
115|351|E4|Beethovengang
115|386|E4|Hernals, Wattgasse
115|1346|E4|Beethovengang
115|238|E4|Beethovengang
115|1346|E4|Hernals, Wattgasse
115|238|E4|Hernals, Wattgasse
115|217|E4|Beethovengang
115|237|E4|Beethovengang
115|217|E4|Hernals, Wattgasse
115|237|E4|Hernals, Wattgasse
115|120|E4|Beethovengang
115|99|E4|Hernals, Wattgasse
115|1022|E4|Beethovengang
115|3708|E4|Beethovengang
115|3708|E4|Hernals, Wattgasse
115|128|E4|Beethovengang
115|91|E4|Hernals, Wattgasse
115|497|E4|Beethovengang
115|3709|E4|Hernals, Wattgasse
115|2162|E4|Beethovengang
115|2198|E4|Hernals, Wattgasse
115|2161|E4|Beethovengang
115|2199|E4|Hernals, Wattgasse
115|221|E4|Beethovengang
115|233|E4|Beethovengang
115|221|E4|Hernals, Wattgasse
115|233|E4|Hernals, Wattgasse
115|122|E4|Beethovengang
115|97|E4|Hernals, Wattgasse
115|223|E4|Beethovengang
115|231|E4|Beethovengang
115|223|E4|Hernals, Wattgasse
115|231|E4|Hernals, Wattgasse
115|43|E4|Beethovengang
115|21|E4|Hernals, Wattgasse
115|116|E4|Beethovengang
115|103|E4|Hernals, Wattgasse
115|44|E4|Beethovengang
115|79|E4|Beethovengang
115|20|E4|Hernals, Wattgasse
115|2214|E4|Hernals, Wattgasse
115|44|E4|Hernals, Wattgasse
115|79|E4|Hernals, Wattgasse
115|3711|E4|Beethovengang
115|3711|E4|Hernals, Wattgasse
115|18|E4|Beethovengang
115|18|E4|Hernals, Wattgasse
115|3701|E4|Beethovengang
115|3701|E4|Hernals, Wattgasse
115|1000|E4|Beethovengang
115|1000|E4|Hernals, Wattgasse
115|115|E4|Beethovengang
115|130|E4|Hernals, Wattgasse
115|127|E4|Beethovengang
115|92|E4|Hernals, Wattgasse
115|218|E4|Beethovengang
115|236|E4|Beethovengang
115|218|E4|Hernals, Wattgasse
115|236|E4|Hernals, Wattgasse
115|121|E4|Beethovengang
115|98|E4|Hernals, Wattgasse
115|2224|E4|Beethovengang
115|387|E4|Hernals, Wattgasse
115|2166|E4|Beethovengang
115|2194|E4|Beethovengang
115|2166|E4|Hernals, Wattgasse
115|2194|E4|Hernals, Wattgasse
115|7531|E4|Beethovengang
118|3431|18|Linzer Straße
118|3433|18|Linzer Straße
118|3431|18|Stadion U, Handelskai
118|3435|18|Stadion U, Handelskai
118|3436|18|Stadion U, Handelskai
118|71|18|Linzer Straße
118|3437|18|Stadion U, Handelskai
118|1556|18|Linzer Straße
118|1539|18|Stadion U, Handelskai
118|398|18|Linzer Straße
118|428|18|Linzer Straße
118|398|18|Stadion U, Handelskai
118|428|18|Stadion U, Handelskai
118|1718|18|Linzer Straße
118|1748|18|Linzer Straße
118|1718|18|Stadion U, Handelskai
118|1748|18|Stadion U, Handelskai
118|6510|18|Linzer Straße
118|6010|18|Stadion U, Handelskai
118|6409|18|Linzer Straße
118|6409|18|Stadion U, Handelskai
118|6008|18|Linzer Straße
118|6508|18|Linzer Straße
118|6024|18|Linzer Straße
118|6511|18|Linzer Straße
118|6011|18|Stadion U, Handelskai
118|1458|18|Linzer Straße
118|1465|18|Linzer Straße
118|1465|18|Stadion U, Handelskai
118|1545|18|Stadion U, Handelskai
118|7550|18|Linzer Straße
118|7550|18|Stadion U, Handelskai
118|836|18|Linzer Straße
118|843|18|Linzer Straße
118|836|18|Stadion U, Handelskai
118|1446|18|Linzer Straße
118|1476|18|Stadion U, Handelskai
118|407|18|Linzer Straße
118|411|18|Linzer Straße
118|407|18|Stadion U, Handelskai
118|411|18|Stadion U, Handelskai
118|7008|18|Linzer Straße
118|7008|18|Stadion U, Handelskai
118|832|18|Linzer Straße
118|848|18|Linzer Straße
118|832|18|Stadion U, Handelskai
118|848|18|Stadion U, Handelskai
118|1452|18|Linzer Straße
118|1471|18|Stadion U, Handelskai
118|460|18|Linzer Straße
118|508|18|Linzer Straße
118|460|18|Stadion U, Handelskai
118|508|18|Stadion U, Handelskai
118|341|18|Linzer Straße
118|301|18|Stadion U, Handelskai
118|1875|18|Linzer Straße
118|1883|18|Linzer Straße
118|1875|18|Stadion U, Handelskai
118|1883|18|Stadion U, Handelskai
118|1557|18|Linzer Straße
118|1538|18|Stadion U, Handelskai
118|471|18|Linzer Straße
118|471|18|Stadion U, Handelskai
118|3606|18|Linzer Straße
118|399|18|Linzer Straße
118|427|18|Linzer Straße
118|399|18|Stadion U, Handelskai
118|427|18|Stadion U, Handelskai
118|3604|18|Linzer Straße
118|3607|18|Linzer Straße
118|3604|18|Stadion U, Handelskai
118|3498|18|Linzer Straße
118|3498|18|Stadion U, Handelskai
118|2645|18|Linzer Straße
118|304|18|Linzer Straße
118|846|18|Linzer Straße
118|2645|18|Stadion U, Handelskai
118|304|18|Stadion U, Handelskai
118|846|18|Stadion U, Handelskai
118|1717|18|Linzer Straße
118|1749|18|Linzer Straße
118|1717|18|Stadion U, Handelskai
118|1749|18|Stadion U, Handelskai
118|1533|18|Linzer Straße
118|1561|18|Linzer Straße
118|1533|18|Stadion U, Handelskai
118|421|18|Linzer Straße
118|405|18|Stadion U, Handelskai
118|1552|18|Linzer Straße
118|1543|18|Stadion U, Handelskai
118|342|18|Linzer Straße
118|300|18|Stadion U, Handelskai
118|396|18|Linzer Straße
118|430|18|Linzer Straße
118|396|18|Stadion U, Handelskai
118|430|18|Stadion U, Handelskai
118|1554|18|Linzer Straße
118|1541|18|Stadion U, Handelskai
118|58|18|Linzer Straße
118|57|18|Stadion U, Handelskai
118|340|18|Linzer Straße
118|833|18|Linzer Straße
118|847|18|Linzer Straße
118|302|18|Stadion U, Handelskai
118|833|18|Stadion U, Handelskai
118|847|18|Stadion U, Handelskai
118|834|18|Linzer Straße
118|845|18|Linzer Straße
118|834|18|Stadion U, Handelskai
118|845|18|Stadion U, Handelskai
118|174|18|Linzer Straße
118|174|18|Stadion U, Handelskai
118|3438|18|Linzer Straße
118|3439|18|Stadion U, Handelskai
118|1457|18|Linzer Straße
118|1466|18|Stadion U, Handelskai
118|1448|18|Linzer Straße
118|1474|18|Stadion U, Handelskai
118|1454|18|Linzer Straße
118|1450|18|Linzer Straße
118|1472|18|Stadion U, Handelskai
118|1449|18|Linzer Straße
118|1473|18|Stadion U, Handelskai
118|831|18|Linzer Straße
118|849|18|Linzer Straße
118|831|18|Stadion U, Handelskai
118|849|18|Stadion U, Handelskai
118|1884|18|Linzer Straße
118|401|18|Linzer Straße
118|425|18|Linzer Straße
118|1884|18|Stadion U, Handelskai
118|401|18|Stadion U, Handelskai
118|425|18|Stadion U, Handelskai
118|1876|18|Linzer Straße
118|1882|18|Linzer Straße
118|1876|18|Stadion U, Handelskai
118|1882|18|Stadion U, Handelskai
118|305|18|Linzer Straße
118|337|18|Linzer Straße
118|305|18|Stadion U, Handelskai
118|337|18|Stadion U, Handelskai
118|161|18|Linzer Straße
118|176|18|Linzer Straße
118|161|18|Stadion U, Handelskai
118|176|18|Stadion U, Handelskai
118|7556|18|Linzer Straße
118|7556|18|Stadion U, Handelskai
118|3713|18|Linzer Straße
118|3713|18|Stadion U, Handelskai
118|1453|18|Linzer Straße
118|1470|18|Stadion U, Handelskai
118|571|18|Linzer Straße
118|578|18|Stadion U, Handelskai
118|1551|18|Linzer Straße
118|1544|18|Stadion U, Handelskai
118|3602|18|Linzer Straße
118|3609|18|Linzer Straße
118|3602|18|Stadion U, Handelskai
118|1555|18|Linzer Straße
118|1469|18|Stadion U, Handelskai
118|1540|18|Stadion U, Handelskai
118|397|18|Linzer Straße
118|429|18|Linzer Straße
118|397|18|Stadion U, Handelskai
118|429|18|Stadion U, Handelskai
118|481|18|Linzer Straße
118|482|18|Linzer Straße
118|481|18|Stadion U, Handelskai
118|482|18|Stadion U, Handelskai
118|162|18|Linzer Straße
118|175|18|Linzer Straße
118|162|18|Stadion U, Handelskai
118|175|18|Stadion U, Handelskai
118|1716|18|Linzer Straße
118|1750|18|Linzer Straße
118|1716|18|Stadion U, Handelskai
118|1750|18|Stadion U, Handelskai
118|4730|18|Linzer Straße
118|4730|18|Stadion U, Handelskai
118|400|18|Linzer Straße
118|426|18|Linzer Straße
118|851|18|Linzer Straße
118|400|18|Stadion U, Handelskai
118|426|18|Stadion U, Handelskai
118|851|18|Stadion U, Handelskai
118|475|18|Linzer Straße
118|475|18|Stadion U, Handelskai
118|402|18|Linzer Straße
118|424|18|Linzer Straße
118|402|18|Stadion U, Handelskai
118|424|18|Stadion U, Handelskai
118|1537|18|Stadion U, Handelskai
118|109|18|Linzer Straße
118|111|18|Linzer Straße
118|303|18|Linzer Straße
118|339|18|Linzer Straße
118|109|18|Stadion U, Handelskai
118|111|18|Stadion U, Handelskai
118|303|18|Stadion U, Handelskai
118|339|18|Stadion U, Handelskai
118|7526|18|Linzer Straße
118|7526|18|Stadion U, Handelskai
118|343|18|Linzer Straße
118|403|18|Linzer Straße
118|423|18|Linzer Straße
118|403|18|Stadion U, Handelskai
118|423|18|Stadion U, Handelskai
118|1558|18|Linzer Straße
118|579|18|Stadion U, Handelskai
118|306|18|Linzer Straße
118|336|18|Linzer Straße
118|306|18|Stadion U, Handelskai
118|336|18|Stadion U, Handelskai
118|2243|18|Linzer Straße
118|3715|18|Linzer Straße
118|422|18|Linzer Straße
118|2243|18|Stadion U, Handelskai
118|3715|18|Stadion U, Handelskai
118|404|18|Stadion U, Handelskai
118|1535|18|Linzer Straße
118|1559|18|Linzer Straße
118|1535|18|Stadion U, Handelskai
118|1534|18|Linzer Straße
118|1560|18|Linzer Straße
118|1534|18|Stadion U, Handelskai
118|3568|18|Linzer Straße
118|837|18|Linzer Straße
118|837|18|Stadion U, Handelskai
118|420|18|Linzer Straße
118|406|18|Stadion U, Handelskai
118|1447|18|Linzer Straße
118|1475|18|Stadion U, Handelskai
118|308|18|Linzer Straße
118|334|18|Linzer Straße
118|308|18|Stadion U, Handelskai
118|334|18|Stadion U, Handelskai
118|1455|18|Linzer Straße
118|1468|18|Stadion U, Handelskai
118|3712|18|Linzer Straße
118|3712|18|Stadion U, Handelskai
118|2016|18|Linzer Straße
118|284|18|Linzer Straße
118|293|18|Linzer Straße
118|2016|18|Stadion U, Handelskai
118|293|18|Stadion U, Handelskai
118|2420|18|Linzer Straße
118|2422|18|Linzer Straße
118|2420|18|Stadion U, Handelskai
118|3605|18|Linzer Straße
118|3605|18|Stadion U, Handelskai
118|2632|18|Linzer Straße
118|2750|18|Linzer Straße
118|2632|18|Stadion U, Handelskai
118|1532|18|Linzer Straße
118|1562|18|Linzer Straße
118|1532|18|Stadion U, Handelskai
118|1878|18|Linzer Straße
118|1880|18|Linzer Straße
118|1878|18|Stadion U, Handelskai
118|1880|18|Stadion U, Handelskai
118|307|18|Linzer Straße
118|335|18|Linzer Straße
118|307|18|Stadion U, Handelskai
118|335|18|Stadion U, Handelskai
118|1477|18|Linzer Straße
118|1550|18|Linzer Straße
118|462|18|Linzer Straße
118|485|18|Linzer Straße
118|541|18|Linzer Straße
118|1445|18|Stadion U, Handelskai
118|1550|18|Stadion U, Handelskai
118|462|18|Stadion U, Handelskai
118|485|18|Stadion U, Handelskai
118|535|18|Stadion U, Handelskai
118|2619|18|Linzer Straße
118|2620|18|Linzer Straße
118|2619|18|Stadion U, Handelskai
118|1456|18|Linzer Straße
118|1467|18|Stadion U, Handelskai
118|3603|18|Linzer Straße
118|3608|18|Linzer Straße
118|3603|18|Stadion U, Handelskai
118|1531|18|Linzer Straße
118|370|18|Linzer Straße
118|464|18|Linzer Straße
118|483|18|Linzer Straße
118|370|18|Stadion U, Handelskai
118|464|18|Stadion U, Handelskai
118|483|18|Stadion U, Handelskai
118|1548|18|Linzer Straße
118|1549|18|Linzer Straße
118|1548|18|Stadion U, Handelskai
118|835|18|Linzer Straße
118|844|18|Linzer Straße
118|835|18|Stadion U, Handelskai
118|844|18|Stadion U, Handelskai
118|1536|18|Linzer Straße
118|1536|18|Stadion U, Handelskai
118|1877|18|Linzer Straße
118|1881|18|Linzer Straße
118|1877|18|Stadion U, Handelskai
118|1881|18|Stadion U, Handelskai
118|1553|18|Linzer Straße
118|1542|18|Stadion U, Handelskai
125|2737|25|Aspern Nord S U
125|5728|25|Aspern Nord S U
125|2737|25|Oberdorfstraße
125|5728|25|Oberdorfstraße
125|2173|25|Aspern Nord S U
125|2188|25|Oberdorfstraße
125|1017|25|Aspern Nord S U
125|1005|25|Oberdorfstraße
125|2874|25|Aspern Nord S U
125|2874|25|Oberdorfstraße
125|2861|25|Aspern Nord S U
125|2870|25|Aspern Nord S U
125|2861|25|Oberdorfstraße
125|2870|25|Oberdorfstraße
125|6002|25|Aspern Nord S U
125|6502|25|Aspern Nord S U
125|6502|25|Oberdorfstraße
125|6402|25|Aspern Nord S U
125|6402|25|Oberdorfstraße
125|6001|25|Aspern Nord S U
125|6501|25|Oberdorfstraße
125|6401|25|Aspern Nord S U
125|6401|25|Oberdorfstraße
125|2865|25|Aspern Nord S U
125|2866|25|Aspern Nord S U
125|2865|25|Oberdorfstraße
125|2866|25|Oberdorfstraße
125|2378|25|Aspern Nord S U
125|2372|25|Oberdorfstraße
125|1011|25|Aspern Nord S U
125|1021|25|Aspern Nord S U
125|1011|25|Oberdorfstraße
125|1021|25|Oberdorfstraße
125|1016|25|Aspern Nord S U
125|1006|25|Oberdorfstraße
125|1015|25|Aspern Nord S U
125|1007|25|Oberdorfstraße
125|2172|25|Aspern Nord S U
125|2189|25|Aspern Nord S U
125|2345|25|Aspern Nord S U
125|2189|25|Oberdorfstraße
125|2343|25|Oberdorfstraße
125|2359|25|Oberdorfstraße
125|2205|25|Aspern Nord S U
125|2205|25|Oberdorfstraße
125|3187|25|Aspern Nord S U
125|3191|25|Aspern Nord S U
125|3187|25|Oberdorfstraße
125|3191|25|Oberdorfstraße
125|2228|25|Aspern Nord S U
125|2228|25|Oberdorfstraße
125|2379|25|Aspern Nord S U
125|2371|25|Oberdorfstraße
125|3186|25|Aspern Nord S U
125|3192|25|Aspern Nord S U
125|3186|25|Oberdorfstraße
125|3192|25|Oberdorfstraße
125|1012|25|Aspern Nord S U
125|1010|25|Oberdorfstraße
125|2703|25|Aspern Nord S U
125|2736|25|Aspern Nord S U
125|8637|25|Aspern Nord S U
125|2703|25|Oberdorfstraße
125|2736|25|Oberdorfstraße
125|8637|25|Oberdorfstraße
125|2380|25|Aspern Nord S U
125|2370|25|Oberdorfstraße
125|2377|25|Aspern Nord S U
125|2558|25|Aspern Nord S U
125|2373|25|Oberdorfstraße
125|2377|25|Oberdorfstraße
125|2634|25|Aspern Nord S U
125|880|25|Aspern Nord S U
125|2634|25|Oberdorfstraße
125|880|25|Oberdorfstraße
125|1018|25|Aspern Nord S U
125|894|25|Oberdorfstraße
125|2375|25|Aspern Nord S U
125|885|25|Aspern Nord S U
125|2375|25|Oberdorfstraße
125|885|25|Oberdorfstraße
125|966|25|Aspern Nord S U
125|1008|25|Oberdorfstraße
125|3068|25|Aspern Nord S U
125|3069|25|Aspern Nord S U
125|3068|25|Oberdorfstraße
125|3069|25|Oberdorfstraße
125|1013|25|Aspern Nord S U
125|1009|25|Oberdorfstraße
125|2594|25|Aspern Nord S U
125|2590|25|Oberdorfstraße
125|2174|25|Aspern Nord S U
125|2187|25|Aspern Nord S U
125|2187|25|Oberdorfstraße
125|5533|25|Aspern Nord S U
125|5533|25|Oberdorfstraße
125|2592|25|Aspern Nord S U
125|2595|25|Aspern Nord S U
125|2592|25|Oberdorfstraße
125|3185|25|Aspern Nord S U
125|3193|25|Aspern Nord S U
125|3185|25|Oberdorfstraße
125|3193|25|Oberdorfstraße
125|4717|25|Aspern Nord S U
125|4717|25|Oberdorfstraße
125|2596|25|Aspern Nord S U
125|2601|25|Oberdorfstraße
125|2556|25|Aspern Nord S U
125|2566|25|Aspern Nord S U
125|2566|25|Oberdorfstraße
125|3005|25|Aspern Nord S U
125|3115|25|Aspern Nord S U
125|3005|25|Oberdorfstraße
125|3115|25|Oberdorfstraße
125|2374|25|Aspern Nord S U
125|2376|25|Aspern Nord S U
125|2374|25|Oberdorfstraße
125|2376|25|Oberdorfstraße
125|2864|25|Aspern Nord S U
125|2867|25|Aspern Nord S U
125|2864|25|Oberdorfstraße
125|2867|25|Oberdorfstraße
125|2862|25|Aspern Nord S U
125|2869|25|Aspern Nord S U
125|2862|25|Oberdorfstraße
125|2869|25|Oberdorfstraße
125|883|25|Aspern Nord S U
125|893|25|Oberdorfstraße
125|3184|25|Aspern Nord S U
125|3196|25|Aspern Nord S U
125|3184|25|Oberdorfstraße
125|3196|25|Oberdorfstraße
125|2863|25|Aspern Nord S U
125|2868|25|Aspern Nord S U
125|2863|25|Oberdorfstraße
125|2868|25|Oberdorfstraße
125|2593|25|Aspern Nord S U
125|2591|25|Oberdorfstraße
125|3009|25|Aspern Nord S U
125|3113|25|Aspern Nord S U
125|3009|25|Oberdorfstraße
125|3113|25|Oberdorfstraße
125|3183|25|Aspern Nord S U
125|3197|25|Aspern Nord S U
125|3183|25|Oberdorfstraße
125|3197|25|Oberdorfstraße
126|5728|26|Aspern Nord S U
126|2737|26|Strebersdorf, Meriangasse
126|5728|26|Strebersdorf, Meriangasse
126|2188|26|Aspern Nord S U
126|2173|26|Strebersdorf, Meriangasse
126|2860|26|Aspern Nord S U
126|2860|26|Strebersdorf, Meriangasse
126|2861|26|Aspern Nord S U
126|2870|26|Aspern Nord S U
126|2861|26|Strebersdorf, Meriangasse
126|2870|26|Strebersdorf, Meriangasse
126|2183|26|Aspern Nord S U
126|2178|26|Strebersdorf, Meriangasse
126|6502|26|Aspern Nord S U
126|6002|26|Strebersdorf, Meriangasse
126|6402|26|Aspern Nord S U
126|6402|26|Strebersdorf, Meriangasse
126|6501|26|Aspern Nord S U
126|6001|26|Strebersdorf, Meriangasse
126|6401|26|Aspern Nord S U
126|6401|26|Strebersdorf, Meriangasse
126|2865|26|Aspern Nord S U
126|2866|26|Aspern Nord S U
126|2865|26|Strebersdorf, Meriangasse
126|2866|26|Strebersdorf, Meriangasse
126|2372|26|Aspern Nord S U
126|2378|26|Aspern Nord S U
126|2378|26|Strebersdorf, Meriangasse
126|2189|26|Aspern Nord S U
126|2343|26|Aspern Nord S U
126|2345|26|Aspern Nord S U
126|2359|26|Aspern Nord S U
126|2172|26|Strebersdorf, Meriangasse
126|2189|26|Strebersdorf, Meriangasse
126|2345|26|Strebersdorf, Meriangasse
126|2205|26|Aspern Nord S U
126|2205|26|Strebersdorf, Meriangasse
126|3187|26|Aspern Nord S U
126|3191|26|Aspern Nord S U
126|3187|26|Strebersdorf, Meriangasse
126|3472|26|Aspern Nord S U
126|3472|26|Strebersdorf, Meriangasse
126|2371|26|Aspern Nord S U
126|2379|26|Aspern Nord S U
126|2379|26|Strebersdorf, Meriangasse
126|3186|26|Aspern Nord S U
126|3192|26|Aspern Nord S U
126|3186|26|Strebersdorf, Meriangasse
126|2703|26|Aspern Nord S U
126|8637|26|Aspern Nord S U
126|2703|26|Strebersdorf, Meriangasse
126|2736|26|Strebersdorf, Meriangasse
126|8637|26|Strebersdorf, Meriangasse
126|2185|26|Aspern Nord S U
126|2176|26|Strebersdorf, Meriangasse
126|2370|26|Aspern Nord S U
126|2380|26|Aspern Nord S U
126|2380|26|Strebersdorf, Meriangasse
126|2373|26|Aspern Nord S U
126|2377|26|Aspern Nord S U
126|2558|26|Aspern Nord S U
126|2377|26|Strebersdorf, Meriangasse
126|2558|26|Strebersdorf, Meriangasse
126|2634|26|Aspern Nord S U
126|880|26|Aspern Nord S U
126|881|26|Aspern Nord S U
126|2634|26|Strebersdorf, Meriangasse
126|880|26|Strebersdorf, Meriangasse
126|881|26|Strebersdorf, Meriangasse
126|2375|26|Aspern Nord S U
126|885|26|Aspern Nord S U
126|885|26|Strebersdorf, Meriangasse
126|2186|26|Aspern Nord S U
126|2175|26|Strebersdorf, Meriangasse
126|3068|26|Aspern Nord S U
126|3069|26|Aspern Nord S U
126|3069|26|Strebersdorf, Meriangasse
126|2187|26|Aspern Nord S U
126|2174|26|Strebersdorf, Meriangasse
126|2187|26|Strebersdorf, Meriangasse
126|5533|26|Aspern Nord S U
126|5533|26|Strebersdorf, Meriangasse
126|3185|26|Aspern Nord S U
126|3193|26|Aspern Nord S U
126|3185|26|Strebersdorf, Meriangasse
126|4717|26|Aspern Nord S U
126|4717|26|Strebersdorf, Meriangasse
126|2556|26|Aspern Nord S U
126|2566|26|Aspern Nord S U
126|2556|26|Strebersdorf, Meriangasse
126|2566|26|Strebersdorf, Meriangasse
126|3005|26|Aspern Nord S U
126|3115|26|Aspern Nord S U
126|3115|26|Strebersdorf, Meriangasse
126|2182|26|Aspern Nord S U
126|2179|26|Strebersdorf, Meriangasse
126|2374|26|Aspern Nord S U
126|2376|26|Aspern Nord S U
126|2376|26|Strebersdorf, Meriangasse
126|2864|26|Aspern Nord S U
126|2867|26|Aspern Nord S U
126|2864|26|Strebersdorf, Meriangasse
126|2867|26|Strebersdorf, Meriangasse
126|2862|26|Aspern Nord S U
126|2869|26|Aspern Nord S U
126|2862|26|Strebersdorf, Meriangasse
126|2869|26|Strebersdorf, Meriangasse
126|3184|26|Aspern Nord S U
126|3196|26|Aspern Nord S U
126|3184|26|Strebersdorf, Meriangasse
126|2863|26|Aspern Nord S U
126|2868|26|Aspern Nord S U
126|2863|26|Strebersdorf, Meriangasse
126|2868|26|Strebersdorf, Meriangasse
126|2181|26|Aspern Nord S U
126|2181|26|Strebersdorf, Meriangasse
126|83|26|Strebersdorf, Meriangasse
126|2184|26|Aspern Nord S U
126|2177|26|Strebersdorf, Meriangasse
126|3113|26|Aspern Nord S U
126|3009|26|Strebersdorf, Meriangasse
126|3113|26|Strebersdorf, Meriangasse
126|3183|26|Aspern Nord S U
126|3197|26|Aspern Nord S U
126|3183|26|Strebersdorf, Meriangasse
127|5728|27|Aspern Nord S U
127|2737|27|Strebersdorf, Meriangasse
127|5728|27|Strebersdorf, Meriangasse
127|2188|27|Aspern Nord S U
127|2173|27|Strebersdorf, Meriangasse
127|2874|27|Aspern Nord S U
127|2874|27|Strebersdorf, Meriangasse
127|2861|27|Aspern Nord S U
127|2870|27|Aspern Nord S U
127|2861|27|Strebersdorf, Meriangasse
127|2870|27|Strebersdorf, Meriangasse
127|2183|27|Aspern Nord S U
127|2178|27|Strebersdorf, Meriangasse
127|6502|27|Aspern Nord S U
127|6002|27|Strebersdorf, Meriangasse
127|6402|27|Aspern Nord S U
127|6402|27|Strebersdorf, Meriangasse
127|6501|27|Aspern Nord S U
127|6001|27|Strebersdorf, Meriangasse
127|2865|27|Aspern Nord S U
127|2866|27|Aspern Nord S U
127|2865|27|Strebersdorf, Meriangasse
127|2866|27|Strebersdorf, Meriangasse
127|2372|27|Aspern Nord S U
127|2378|27|Aspern Nord S U
127|2378|27|Strebersdorf, Meriangasse
127|2189|27|Aspern Nord S U
127|2343|27|Aspern Nord S U
127|2345|27|Aspern Nord S U
127|2359|27|Aspern Nord S U
127|2172|27|Strebersdorf, Meriangasse
127|2189|27|Strebersdorf, Meriangasse
127|2345|27|Strebersdorf, Meriangasse
127|2205|27|Aspern Nord S U
127|2205|27|Strebersdorf, Meriangasse
127|3187|27|Aspern Nord S U
127|3191|27|Aspern Nord S U
127|3187|27|Strebersdorf, Meriangasse
127|2228|27|Aspern Nord S U
127|2228|27|Strebersdorf, Meriangasse
127|2371|27|Aspern Nord S U
127|2379|27|Aspern Nord S U
127|2379|27|Strebersdorf, Meriangasse
127|3186|27|Aspern Nord S U
127|3192|27|Aspern Nord S U
127|3186|27|Strebersdorf, Meriangasse
127|2703|27|Aspern Nord S U
127|8637|27|Aspern Nord S U
127|2703|27|Strebersdorf, Meriangasse
127|2736|27|Strebersdorf, Meriangasse
127|8637|27|Strebersdorf, Meriangasse
127|2185|27|Aspern Nord S U
127|2176|27|Strebersdorf, Meriangasse
127|2370|27|Aspern Nord S U
127|2380|27|Aspern Nord S U
127|2380|27|Strebersdorf, Meriangasse
127|2373|27|Aspern Nord S U
127|2377|27|Aspern Nord S U
127|2558|27|Aspern Nord S U
127|2377|27|Strebersdorf, Meriangasse
127|2558|27|Strebersdorf, Meriangasse
127|2634|27|Aspern Nord S U
127|881|27|Aspern Nord S U
127|2634|27|Strebersdorf, Meriangasse
127|881|27|Strebersdorf, Meriangasse
127|2375|27|Aspern Nord S U
127|885|27|Aspern Nord S U
127|885|27|Strebersdorf, Meriangasse
127|2186|27|Aspern Nord S U
127|2175|27|Strebersdorf, Meriangasse
127|3068|27|Aspern Nord S U
127|3069|27|Aspern Nord S U
127|3069|27|Strebersdorf, Meriangasse
127|2187|27|Aspern Nord S U
127|2174|27|Strebersdorf, Meriangasse
127|5533|27|Aspern Nord S U
127|5533|27|Strebersdorf, Meriangasse
127|3185|27|Aspern Nord S U
127|3193|27|Aspern Nord S U
127|3185|27|Strebersdorf, Meriangasse
127|4717|27|Aspern Nord S U
127|4717|27|Strebersdorf, Meriangasse
127|2556|27|Aspern Nord S U
127|2566|27|Aspern Nord S U
127|2556|27|Strebersdorf, Meriangasse
127|2566|27|Strebersdorf, Meriangasse
127|3005|27|Aspern Nord S U
127|3115|27|Aspern Nord S U
127|3115|27|Strebersdorf, Meriangasse
127|2182|27|Aspern Nord S U
127|2179|27|Strebersdorf, Meriangasse
127|2374|27|Aspern Nord S U
127|2376|27|Aspern Nord S U
127|2376|27|Strebersdorf, Meriangasse
127|2864|27|Aspern Nord S U
127|2867|27|Aspern Nord S U
127|2864|27|Strebersdorf, Meriangasse
127|2867|27|Strebersdorf, Meriangasse
127|2862|27|Aspern Nord S U
127|2869|27|Aspern Nord S U
127|2862|27|Strebersdorf, Meriangasse
127|2869|27|Strebersdorf, Meriangasse
127|3184|27|Aspern Nord S U
127|3196|27|Aspern Nord S U
127|3184|27|Strebersdorf, Meriangasse
127|2863|27|Aspern Nord S U
127|2868|27|Aspern Nord S U
127|2863|27|Strebersdorf, Meriangasse
127|2868|27|Strebersdorf, Meriangasse
127|3473|27|Aspern Nord S U
127|3473|27|Strebersdorf, Meriangasse
127|83|27|Strebersdorf, Meriangasse
127|2184|27|Aspern Nord S U
127|2177|27|Strebersdorf, Meriangasse
127|3113|27|Aspern Nord S U
127|3009|27|Strebersdorf, Meriangasse
127|3113|27|Strebersdorf, Meriangasse
127|3183|27|Aspern Nord S U
127|3197|27|Aspern Nord S U
127|3183|27|Strebersdorf, Meriangasse
130|2173|30|Stammersdorf
130|2188|30|Wexstraße
130|2210|30|Stammersdorf
130|2217|30|Wexstraße
130|6003|30|Stammersdorf
130|6503|30|Wexstraße
130|6002|30|Stammersdorf
130|6502|30|Wexstraße
130|6402|30|Stammersdorf
130|6402|30|Wexstraße
130|2192|30|Stammersdorf
130|2213|30|Wexstraße
130|2209|30|Stammersdorf
130|4718|30|Stammersdorf
130|2218|30|Wexstraße
130|4718|30|Wexstraße
130|2206|30|Stammersdorf
130|2221|30|Wexstraße
130|2201|30|Stammersdorf
130|2200|30|Wexstraße
130|2227|30|Stammersdorf
130|2226|30|Wexstraße
130|2172|30|Stammersdorf
130|2189|30|Wexstraße
130|2158|30|Stammersdorf
130|2159|30|Wexstraße
130|2205|30|Stammersdorf
130|2205|30|Wexstraße
130|2222|30|Wexstraße
130|3472|30|Stammersdorf
130|3472|30|Wexstraße
130|2169|30|Stammersdorf
130|321|30|Wexstraße
130|2208|30|Stammersdorf
130|2219|30|Wexstraße
130|2168|30|Stammersdorf
130|322|30|Wexstraße
130|2170|30|Stammersdorf
130|2191|30|Wexstraße
130|2167|30|Stammersdorf
130|2193|30|Wexstraße
130|2171|30|Stammersdorf
130|2190|30|Wexstraße
130|2174|30|Stammersdorf
130|2187|30|Stammersdorf
130|2187|30|Wexstraße
130|5533|30|Stammersdorf
130|5533|30|Wexstraße
130|4717|30|Stammersdorf
130|4717|30|Wexstraße
130|2207|30|Stammersdorf
130|2220|30|Wexstraße
130|84|30|Stammersdorf
130|84|30|Wexstraße
130|2211|30|Stammersdorf
130|2216|30|Wexstraße
130|2194|30|Wexstraße
130|7531|30|Stammersdorf
131|135|31|Schwedenplatz U
131|136|31|Stammersdorf
131|2188|31|Schwedenplatz U
131|2173|31|Stammersdorf
131|327|31|Schwedenplatz U
131|314|31|Stammersdorf
131|2217|31|Schwedenplatz U
131|2210|31|Stammersdorf
131|119|31|Schwedenplatz U
131|104|31|Schwedenplatz U
131|104|31|Stammersdorf
131|6503|31|Schwedenplatz U
131|6003|31|Stammersdorf
131|6403|31|Schwedenplatz U
131|6403|31|Stammersdorf
131|6502|31|Schwedenplatz U
131|6002|31|Stammersdorf
131|6402|31|Schwedenplatz U
131|6402|31|Stammersdorf
131|6501|31|Schwedenplatz U
131|2213|31|Schwedenplatz U
131|2192|31|Stammersdorf
131|1270|31|Schwedenplatz U
131|19|31|Schwedenplatz U
131|5|31|Schwedenplatz U
131|3700|31|Schwedenplatz U
131|2223|31|Schwedenplatz U
131|2203|31|Stammersdorf
131|2218|31|Schwedenplatz U
131|4718|31|Schwedenplatz U
131|2209|31|Stammersdorf
131|4718|31|Stammersdorf
131|2221|31|Schwedenplatz U
131|2206|31|Stammersdorf
131|2200|31|Schwedenplatz U
131|2201|31|Stammersdorf
131|2378|31|Schwedenplatz U
131|2372|31|Stammersdorf
131|323|31|Schwedenplatz U
131|318|31|Stammersdorf
131|2226|31|Schwedenplatz U
131|2227|31|Stammersdorf
131|2189|31|Schwedenplatz U
131|2343|31|Schwedenplatz U
131|2345|31|Schwedenplatz U
131|2172|31|Stammersdorf
131|2343|31|Stammersdorf
131|2359|31|Stammersdorf
131|2159|31|Schwedenplatz U
131|2158|31|Stammersdorf
131|2205|31|Schwedenplatz U
131|2222|31|Schwedenplatz U
131|2205|31|Stammersdorf
131|2228|31|Schwedenplatz U
131|2228|31|Stammersdorf
131|118|31|Schwedenplatz U
131|384|31|Stammersdorf
131|352|31|Schwedenplatz U
131|385|31|Stammersdorf
131|320|31|Schwedenplatz U
131|321|31|Schwedenplatz U
131|2169|31|Stammersdorf
131|320|31|Stammersdorf
131|2379|31|Schwedenplatz U
131|2371|31|Stammersdorf
131|2197|31|Schwedenplatz U
131|2225|31|Schwedenplatz U
131|2163|31|Stammersdorf
131|2195|31|Schwedenplatz U
131|2165|31|Stammersdorf
131|2219|31|Schwedenplatz U
131|2208|31|Stammersdorf
131|328|31|Schwedenplatz U
131|1003|31|Stammersdorf
131|322|31|Schwedenplatz U
131|2168|31|Stammersdorf
131|319|31|Stammersdorf
131|2380|31|Schwedenplatz U
131|2370|31|Stammersdorf
131|2191|31|Schwedenplatz U
131|2170|31|Stammersdorf
131|325|31|Schwedenplatz U
131|316|31|Stammersdorf
131|2157|31|Schwedenplatz U
131|2167|31|Schwedenplatz U
131|2193|31|Schwedenplatz U
131|2157|31|Stammersdorf
131|2167|31|Stammersdorf
131|2193|31|Stammersdorf
131|2204|31|Stammersdorf
131|2558|31|Schwedenplatz U
131|2373|31|Stammersdorf
131|2634|31|Schwedenplatz U
131|880|31|Schwedenplatz U
131|880|31|Stammersdorf
131|1020|31|Schwedenplatz U
131|1001|31|Stammersdorf
131|2196|31|Schwedenplatz U
131|2164|31|Stammersdorf
131|351|31|Schwedenplatz U
131|351|31|Stammersdorf
131|386|31|Stammersdorf
131|1022|31|Schwedenplatz U
131|1022|31|Stammersdorf
131|2190|31|Schwedenplatz U
131|2171|31|Stammersdorf
131|2187|31|Schwedenplatz U
131|2174|31|Stammersdorf
131|5533|31|Schwedenplatz U
131|5533|31|Stammersdorf
131|2198|31|Schwedenplatz U
131|2162|31|Stammersdorf
131|2199|31|Schwedenplatz U
131|2161|31|Stammersdorf
131|4717|31|Schwedenplatz U
131|4717|31|Stammersdorf
131|2556|31|Schwedenplatz U
131|2566|31|Stammersdorf
131|4703|31|Schwedenplatz U
131|4703|31|Stammersdorf
131|326|31|Schwedenplatz U
131|315|31|Stammersdorf
131|21|31|Schwedenplatz U
131|43|31|Schwedenplatz U
131|21|31|Stammersdorf
131|43|31|Stammersdorf
131|20|31|Schwedenplatz U
131|2160|31|Schwedenplatz U
131|2214|31|Schwedenplatz U
131|44|31|Schwedenplatz U
131|20|31|Stammersdorf
131|2160|31|Stammersdorf
131|2214|31|Stammersdorf
131|44|31|Stammersdorf
131|1000|31|Schwedenplatz U
131|1000|31|Stammersdorf
131|2220|31|Schwedenplatz U
131|2207|31|Stammersdorf
131|2212|31|Schwedenplatz U
131|2212|31|Stammersdorf
131|1019|31|Schwedenplatz U
131|1002|31|Stammersdorf
131|324|31|Schwedenplatz U
131|317|31|Stammersdorf
131|2216|31|Schwedenplatz U
131|2211|31|Stammersdorf
131|2224|31|Schwedenplatz U
131|387|31|Schwedenplatz U
131|2202|31|Stammersdorf
131|2224|31|Stammersdorf
131|350|31|Stammersdorf
131|387|31|Stammersdorf
131|2166|31|Schwedenplatz U
131|2194|31|Schwedenplatz U
131|2166|31|Stammersdorf
131|2194|31|Stammersdorf
131|7531|31|Schwedenplatz U
131|7540|31|Schwedenplatz U
131|7531|31|Stammersdorf
131|7540|31|Stammersdorf
137|250|37|Grinzing
137|359|37|Herbeckstraße
137|142|37|Grinzing
137|194|37|Grinzing
137|142|37|Herbeckstraße
137|194|37|Herbeckstraße
137|1219|37|Grinzing
137|1222|37|Herbeckstraße
137|4708|37|Grinzing
137|4708|37|Herbeckstraße
137|1339|37|Grinzing
137|1339|37|Herbeckstraße
137|191|37|Grinzing
137|145|37|Herbeckstraße
137|6004|37|Grinzing
137|6504|37|Herbeckstraße
137|199|37|Grinzing
137|203|37|Grinzing
137|199|37|Herbeckstraße
137|203|37|Herbeckstraße
137|7524|37|Grinzing
137|7524|37|Herbeckstraße
137|272|37|Herbeckstraße
137|235|37|Grinzing
137|219|37|Herbeckstraße
137|209|37|Grinzing
137|214|37|Grinzing
137|209|37|Herbeckstraße
137|212|37|Grinzing
137|212|37|Herbeckstraße
137|197|37|Grinzing
137|205|37|Grinzing
137|197|37|Herbeckstraße
137|205|37|Herbeckstraße
137|131|37|Grinzing
137|131|37|Herbeckstraße
137|3875|37|Grinzing
137|3878|37|Grinzing
137|3875|37|Herbeckstraße
137|3878|37|Herbeckstraße
137|378|37|Grinzing
137|358|37|Herbeckstraße
137|353|37|Grinzing
137|384|37|Herbeckstraße
137|352|37|Grinzing
137|385|37|Herbeckstraße
137|2964|37|Grinzing
137|2985|37|Herbeckstraße
137|143|37|Grinzing
137|521|37|Grinzing
137|143|37|Herbeckstraße
137|521|37|Herbeckstraße
137|207|37|Grinzing
137|216|37|Grinzing
137|207|37|Herbeckstraße
137|216|37|Herbeckstraße
137|1221|37|Grinzing
137|1221|37|Herbeckstraße
137|196|37|Grinzing
137|206|37|Grinzing
137|196|37|Herbeckstraße
137|206|37|Herbeckstraße
137|1214|37|Grinzing
137|1227|37|Herbeckstraße
137|141|37|Grinzing
137|195|37|Grinzing
137|141|37|Herbeckstraße
137|195|37|Herbeckstraße
137|201|37|Grinzing
137|240|37|Grinzing
137|201|37|Herbeckstraße
137|240|37|Herbeckstraße
137|3876|37|Grinzing
137|3877|37|Grinzing
137|3876|37|Herbeckstraße
137|3877|37|Herbeckstraße
137|458|37|Grinzing
137|365|37|Herbeckstraße
137|458|37|Herbeckstraße
137|351|37|Grinzing
137|386|37|Herbeckstraße
137|177|37|Grinzing
137|187|37|Herbeckstraße
137|237|37|Grinzing
137|380|37|Grinzing
137|356|37|Herbeckstraße
137|379|37|Grinzing
137|357|37|Herbeckstraße
137|381|37|Grinzing
137|355|37|Herbeckstraße
137|3704|37|Grinzing
137|3704|37|Herbeckstraße
137|3708|37|Grinzing
137|3708|37|Herbeckstraße
137|190|37|Grinzing
137|146|37|Herbeckstraße
137|1342|37|Grinzing
137|455|37|Grinzing
137|1342|37|Herbeckstraße
137|455|37|Herbeckstraße
137|354|37|Grinzing
137|210|37|Grinzing
137|213|37|Grinzing
137|210|37|Herbeckstraße
137|383|37|Herbeckstraße
137|208|37|Grinzing
137|215|37|Grinzing
137|3709|37|Grinzing
137|497|37|Grinzing
137|208|37|Herbeckstraße
137|3709|37|Herbeckstraße
137|1215|37|Grinzing
137|1226|37|Herbeckstraße
137|1218|37|Grinzing
137|1223|37|Herbeckstraße
137|200|37|Grinzing
137|202|37|Grinzing
137|200|37|Herbeckstraße
137|202|37|Herbeckstraße
137|198|37|Grinzing
137|204|37|Grinzing
137|198|37|Herbeckstraße
137|204|37|Herbeckstraße
137|4703|37|Grinzing
137|4703|37|Herbeckstraße
137|160|37|Grinzing
137|160|37|Herbeckstraße
137|1212|37|Grinzing
137|1212|37|Herbeckstraße
137|1213|37|Grinzing
137|150|37|Grinzing
137|1213|37|Herbeckstraße
137|150|37|Herbeckstraße
137|149|37|Grinzing
137|149|37|Herbeckstraße
137|1217|37|Grinzing
137|1224|37|Herbeckstraße
137|1216|37|Grinzing
137|1225|37|Herbeckstraße
137|522|37|Grinzing
137|522|37|Herbeckstraße
137|554|37|Herbeckstraße
137|236|37|Grinzing
137|218|37|Herbeckstraße
137|1340|37|Grinzing
137|523|37|Grinzing
137|553|37|Grinzing
137|1340|37|Herbeckstraße
137|523|37|Herbeckstraße
137|553|37|Herbeckstraße
137|148|37|Grinzing
137|188|37|Grinzing
137|211|37|Grinzing
137|382|37|Grinzing
137|148|37|Herbeckstraße
137|188|37|Herbeckstraße
137|211|37|Herbeckstraße
137|1275|37|Grinzing
137|1275|37|Herbeckstraße
137|1338|37|Grinzing
137|524|37|Grinzing
137|1338|37|Herbeckstraße
137|524|37|Herbeckstraße
137|4709|37|Grinzing
137|4709|37|Herbeckstraße
137|1299|37|Grinzing
137|1336|37|Grinzing
137|189|37|Grinzing
137|493|37|Grinzing
137|1299|37|Herbeckstraße
137|147|37|Herbeckstraße
137|493|37|Herbeckstraße
137|350|37|Grinzing
137|387|37|Herbeckstraße
137|192|37|Grinzing
137|144|37|Herbeckstraße
137|1347|37|Grinzing
137|1347|37|Herbeckstraße
138|250|38|Grinzing
138|359|38|Grinzing
138|1219|38|Grinzing
138|1222|38|Grinzing
138|4708|38|Grinzing
138|1339|38|Grinzing
138|145|38|Grinzing
138|191|38|Grinzing
138|6004|38|Grinzing
138|6504|38|Grinzing
138|199|38|Grinzing
138|203|38|Grinzing
138|7524|38|Grinzing
138|272|38|Grinzing
138|219|38|Grinzing
138|235|38|Grinzing
138|209|38|Grinzing
138|214|38|Grinzing
138|212|38|Grinzing
138|197|38|Grinzing
138|205|38|Grinzing
138|3875|38|Grinzing
138|3878|38|Grinzing
138|1311|38|Grinzing
138|1317|38|Grinzing
138|358|38|Grinzing
138|378|38|Grinzing
138|353|38|Grinzing
138|384|38|Grinzing
138|352|38|Grinzing
138|385|38|Grinzing
138|2964|38|Grinzing
138|2985|38|Grinzing
138|143|38|Grinzing
138|521|38|Grinzing
138|207|38|Grinzing
138|216|38|Grinzing
138|1221|38|Grinzing
138|196|38|Grinzing
138|206|38|Grinzing
138|1214|38|Grinzing
138|1227|38|Grinzing
138|201|38|Grinzing
138|240|38|Grinzing
138|3876|38|Grinzing
138|3877|38|Grinzing
138|365|38|Grinzing
138|458|38|Grinzing
138|351|38|Grinzing
138|386|38|Grinzing
138|177|38|Grinzing
138|187|38|Grinzing
138|237|38|Grinzing
138|356|38|Grinzing
138|380|38|Grinzing
138|357|38|Grinzing
138|379|38|Grinzing
138|355|38|Grinzing
138|381|38|Grinzing
138|3704|38|Grinzing
138|3708|38|Grinzing
138|146|38|Grinzing
138|190|38|Grinzing
138|1342|38|Grinzing
138|455|38|Grinzing
138|354|38|Grinzing
138|210|38|Grinzing
138|213|38|Grinzing
138|383|38|Grinzing
138|208|38|Grinzing
138|215|38|Grinzing
138|3709|38|Grinzing
138|497|38|Grinzing
138|1215|38|Grinzing
138|1226|38|Grinzing
138|1218|38|Grinzing
138|1223|38|Grinzing
138|200|38|Grinzing
138|202|38|Grinzing
138|198|38|Grinzing
138|204|38|Grinzing
138|1313|38|Grinzing
138|1315|38|Grinzing
138|4703|38|Grinzing
138|1312|38|Grinzing
138|1316|38|Grinzing
138|160|38|Grinzing
138|1212|38|Grinzing
138|1213|38|Grinzing
138|150|38|Grinzing
138|149|38|Grinzing
138|1217|38|Grinzing
138|1224|38|Grinzing
138|1216|38|Grinzing
138|1225|38|Grinzing
138|522|38|Grinzing
138|554|38|Grinzing
138|218|38|Grinzing
138|236|38|Grinzing
138|1340|38|Grinzing
138|523|38|Grinzing
138|553|38|Grinzing
138|148|38|Grinzing
138|188|38|Grinzing
138|211|38|Grinzing
138|382|38|Grinzing
138|1275|38|Grinzing
138|1310|38|Grinzing
138|1318|38|Grinzing
138|1338|38|Grinzing
138|524|38|Grinzing
138|4709|38|Grinzing
138|1299|38|Grinzing
138|1336|38|Grinzing
138|147|38|Grinzing
138|189|38|Grinzing
138|493|38|Grinzing
138|350|38|Grinzing
138|387|38|Grinzing
138|144|38|Grinzing
138|192|38|Grinzing
138|1347|38|Grinzing
140|194|40|Herbeckstraße
140|142|40|Schottentor U
140|194|40|Schottentor U
140|4708|40|Herbeckstraße
140|1339|40|Herbeckstraße
140|1339|40|Schottentor U
140|104|40|Herbeckstraße
140|104|40|Schottentor U
140|191|40|Herbeckstraße
140|145|40|Schottentor U
140|6004|40|Herbeckstraße
140|6504|40|Schottentor U
140|6005|40|Herbeckstraße
140|6505|40|Schottentor U
140|7524|40|Herbeckstraße
140|7524|40|Schottentor U
140|551|40|Herbeckstraße
140|525|40|Schottentor U
140|214|40|Herbeckstraße
140|209|40|Schottentor U
140|131|40|Herbeckstraße
140|131|40|Schottentor U
140|3875|40|Herbeckstraße
140|3878|40|Herbeckstraße
140|3875|40|Schottentor U
140|3878|40|Schottentor U
140|550|40|Herbeckstraße
140|526|40|Schottentor U
140|1311|40|Herbeckstraße
140|1317|40|Schottentor U
140|143|40|Herbeckstraße
140|193|40|Herbeckstraße
140|521|40|Herbeckstraße
140|143|40|Schottentor U
140|521|40|Schottentor U
140|141|40|Herbeckstraße
140|195|40|Herbeckstraße
140|141|40|Schottentor U
140|195|40|Schottentor U
140|224|40|Herbeckstraße
140|230|40|Herbeckstraße
140|224|40|Schottentor U
140|3876|40|Herbeckstraße
140|3877|40|Herbeckstraße
140|3876|40|Schottentor U
140|3877|40|Schottentor U
140|177|40|Herbeckstraße
140|187|40|Schottentor U
140|120|40|Herbeckstraße
140|3704|40|Herbeckstraße
140|3704|40|Schottentor U
140|99|40|Schottentor U
140|3708|40|Herbeckstraße
140|3708|40|Schottentor U
140|190|40|Herbeckstraße
140|146|40|Schottentor U
140|1342|40|Herbeckstraße
140|455|40|Herbeckstraße
140|1342|40|Schottentor U
140|455|40|Schottentor U
140|213|40|Herbeckstraße
140|210|40|Schottentor U
140|215|40|Herbeckstraße
140|3709|40|Herbeckstraße
140|497|40|Herbeckstraße
140|3709|40|Schottentor U
140|1313|40|Herbeckstraße
140|1313|40|Schottentor U
140|1315|40|Schottentor U
140|231|40|Herbeckstraße
140|223|40|Schottentor U
140|1312|40|Herbeckstraße
140|1316|40|Schottentor U
140|160|40|Herbeckstraße
140|160|40|Schottentor U
140|1212|40|Herbeckstraße
140|1212|40|Schottentor U
140|1213|40|Herbeckstraße
140|150|40|Schottentor U
140|149|40|Schottentor U
140|522|40|Herbeckstraße
140|554|40|Herbeckstraße
140|522|40|Schottentor U
140|554|40|Schottentor U
140|523|40|Herbeckstraße
140|553|40|Herbeckstraße
140|1340|40|Schottentor U
140|523|40|Schottentor U
140|553|40|Schottentor U
140|188|40|Herbeckstraße
140|148|40|Schottentor U
140|211|40|Schottentor U
140|1275|40|Herbeckstraße
140|1275|40|Schottentor U
140|1310|40|Herbeckstraße
140|1318|40|Schottentor U
140|1338|40|Herbeckstraße
140|524|40|Herbeckstraße
140|552|40|Herbeckstraße
140|1338|40|Schottentor U
140|524|40|Schottentor U
140|4709|40|Herbeckstraße
140|4709|40|Schottentor U
140|1299|40|Herbeckstraße
140|1336|40|Herbeckstraße
140|189|40|Herbeckstraße
140|493|40|Herbeckstraße
140|1299|40|Schottentor U
140|147|40|Schottentor U
140|493|40|Schottentor U
140|192|40|Herbeckstraße
140|144|40|Schottentor U
141|194|41|Pötzleinsdorf
141|142|41|Schottentor U
141|4708|41|Pötzleinsdorf
141|1339|41|Pötzleinsdorf
141|1339|41|Schottentor U
141|104|41|Pötzleinsdorf
141|104|41|Schottentor U
141|191|41|Pötzleinsdorf
141|145|41|Schottentor U
141|6004|41|Pötzleinsdorf
141|6504|41|Schottentor U
141|6005|41|Pötzleinsdorf
141|6505|41|Schottentor U
141|7524|41|Pötzleinsdorf
141|7524|41|Schottentor U
141|551|41|Pötzleinsdorf
141|525|41|Schottentor U
141|214|41|Pötzleinsdorf
141|209|41|Schottentor U
141|131|41|Pötzleinsdorf
141|3875|41|Pötzleinsdorf
141|3878|41|Pötzleinsdorf
141|3878|41|Schottentor U
141|550|41|Pötzleinsdorf
141|526|41|Schottentor U
141|1311|41|Pötzleinsdorf
141|1317|41|Schottentor U
141|143|41|Pötzleinsdorf
141|193|41|Pötzleinsdorf
141|521|41|Pötzleinsdorf
141|143|41|Schottentor U
141|141|41|Pötzleinsdorf
141|195|41|Pötzleinsdorf
141|141|41|Schottentor U
141|224|41|Pötzleinsdorf
141|230|41|Pötzleinsdorf
141|224|41|Schottentor U
141|3876|41|Pötzleinsdorf
141|3877|41|Pötzleinsdorf
141|3877|41|Schottentor U
141|177|41|Pötzleinsdorf
141|187|41|Schottentor U
141|120|41|Pötzleinsdorf
141|3704|41|Pötzleinsdorf
141|3704|41|Schottentor U
141|99|41|Schottentor U
141|3708|41|Pötzleinsdorf
141|3708|41|Schottentor U
141|190|41|Pötzleinsdorf
141|146|41|Schottentor U
141|1342|41|Pötzleinsdorf
141|455|41|Pötzleinsdorf
141|1342|41|Schottentor U
141|213|41|Pötzleinsdorf
141|210|41|Schottentor U
141|215|41|Pötzleinsdorf
141|3709|41|Pötzleinsdorf
141|497|41|Pötzleinsdorf
141|3709|41|Schottentor U
141|1313|41|Pötzleinsdorf
141|1315|41|Pötzleinsdorf
141|1315|41|Schottentor U
141|231|41|Pötzleinsdorf
141|223|41|Schottentor U
141|1312|41|Pötzleinsdorf
141|1316|41|Schottentor U
141|160|41|Pötzleinsdorf
141|160|41|Schottentor U
141|1212|41|Pötzleinsdorf
141|1212|41|Schottentor U
141|1213|41|Pötzleinsdorf
141|150|41|Schottentor U
141|149|41|Schottentor U
141|522|41|Pötzleinsdorf
141|554|41|Pötzleinsdorf
141|522|41|Schottentor U
141|523|41|Pötzleinsdorf
141|553|41|Pötzleinsdorf
141|1340|41|Schottentor U
141|523|41|Schottentor U
141|188|41|Pötzleinsdorf
141|148|41|Schottentor U
141|211|41|Schottentor U
141|1275|41|Pötzleinsdorf
141|1275|41|Schottentor U
141|1310|41|Pötzleinsdorf
141|1318|41|Schottentor U
141|1338|41|Pötzleinsdorf
141|524|41|Pötzleinsdorf
141|552|41|Pötzleinsdorf
141|524|41|Schottentor U
141|4709|41|Pötzleinsdorf
141|4709|41|Schottentor U
141|1299|41|Pötzleinsdorf
141|1336|41|Pötzleinsdorf
141|189|41|Pötzleinsdorf
141|493|41|Pötzleinsdorf
141|147|41|Schottentor U
141|493|41|Schottentor U
141|516|41|Pötzleinsdorf
141|516|41|Schottentor U
141|192|41|Pötzleinsdorf
141|144|41|Schottentor U
142|4708|42|Antonigasse
142|4708|42|Hohe Warte
142|1339|42|Antonigasse
142|1339|42|Hohe Warte
142|191|42|Antonigasse
142|145|42|Hohe Warte
142|6004|42|Antonigasse
142|6504|42|Hohe Warte
142|6005|42|Antonigasse
142|6505|42|Hohe Warte
142|203|42|Antonigasse
142|199|42|Hohe Warte
142|7524|42|Antonigasse
142|7524|42|Hohe Warte
142|551|42|Antonigasse
142|525|42|Hohe Warte
142|214|42|Antonigasse
142|209|42|Hohe Warte
142|212|42|Hohe Warte
142|205|42|Antonigasse
142|197|42|Hohe Warte
142|3875|42|Antonigasse
142|3878|42|Hohe Warte
142|550|42|Antonigasse
142|526|42|Hohe Warte
142|521|42|Antonigasse
142|143|42|Hohe Warte
142|207|42|Antonigasse
142|216|42|Hohe Warte
142|206|42|Antonigasse
142|196|42|Hohe Warte
142|224|42|Antonigasse
142|230|42|Antonigasse
142|224|42|Hohe Warte
142|201|42|Antonigasse
142|201|42|Hohe Warte
142|240|42|Hohe Warte
142|3876|42|Antonigasse
142|3877|42|Hohe Warte
142|177|42|Antonigasse
142|187|42|Hohe Warte
142|3704|42|Antonigasse
142|3704|42|Hohe Warte
142|3708|42|Antonigasse
142|3708|42|Hohe Warte
142|190|42|Antonigasse
142|146|42|Hohe Warte
142|455|42|Antonigasse
142|1342|42|Hohe Warte
142|213|42|Antonigasse
142|210|42|Hohe Warte
142|208|42|Antonigasse
142|215|42|Antonigasse
142|497|42|Antonigasse
142|3709|42|Hohe Warte
142|202|42|Antonigasse
142|200|42|Hohe Warte
142|204|42|Antonigasse
142|198|42|Hohe Warte
142|231|42|Antonigasse
142|223|42|Hohe Warte
142|160|42|Antonigasse
142|160|42|Hohe Warte
142|1212|42|Antonigasse
142|1212|42|Hohe Warte
142|1213|42|Antonigasse
142|150|42|Hohe Warte
142|149|42|Hohe Warte
142|554|42|Antonigasse
142|522|42|Hohe Warte
142|553|42|Antonigasse
142|1340|42|Hohe Warte
142|523|42|Hohe Warte
142|188|42|Antonigasse
142|148|42|Hohe Warte
142|211|42|Hohe Warte
142|1275|42|Antonigasse
142|1275|42|Hohe Warte
142|1338|42|Antonigasse
142|552|42|Antonigasse
142|524|42|Hohe Warte
142|4709|42|Hohe Warte
142|1299|42|Antonigasse
142|1336|42|Antonigasse
142|189|42|Antonigasse
142|147|42|Hohe Warte
142|493|42|Hohe Warte
142|516|42|Antonigasse
142|516|42|Hohe Warte
142|192|42|Antonigasse
142|144|42|Hohe Warte
143|220|43|Neuwaldegg (Anfang-Hst.)
143|234|43|Schottentor U
143|1339|43|Neuwaldegg (Anfang-Hst.)
143|1339|43|Schottentor U
143|225|43|Neuwaldegg (Anfang-Hst.)
143|6005|43|Neuwaldegg (Anfang-Hst.)
143|225|43|Schottentor U
143|6505|43|Schottentor U
143|6006|43|Neuwaldegg (Anfang-Hst.)
143|6506|43|Schottentor U
143|6405|43|Neuwaldegg (Anfang-Hst.)
143|6405|43|Schottentor U
143|525|43|Neuwaldegg (Anfang-Hst.)
143|551|43|Neuwaldegg (Anfang-Hst.)
143|525|43|Schottentor U
143|551|43|Schottentor U
143|274|43|Neuwaldegg (Anfang-Hst.)
143|248|43|Schottentor U
143|219|43|Neuwaldegg (Anfang-Hst.)
143|1372|43|Schottentor U
143|235|43|Schottentor U
143|1349|43|Neuwaldegg (Anfang-Hst.)
143|1356|43|Neuwaldegg (Anfang-Hst.)
143|1369|43|Neuwaldegg (Anfang-Hst.)
143|560|43|Neuwaldegg (Anfang-Hst.)
143|1349|43|Schottentor U
143|1356|43|Schottentor U
143|1369|43|Schottentor U
143|560|43|Schottentor U
143|1350|43|Neuwaldegg (Anfang-Hst.)
143|1355|43|Neuwaldegg (Anfang-Hst.)
143|1355|43|Schottentor U
143|3875|43|Neuwaldegg (Anfang-Hst.)
143|3878|43|Neuwaldegg (Anfang-Hst.)
143|222|43|Neuwaldegg (Anfang-Hst.)
143|526|43|Neuwaldegg (Anfang-Hst.)
143|550|43|Neuwaldegg (Anfang-Hst.)
143|232|43|Schottentor U
143|526|43|Schottentor U
143|550|43|Schottentor U
143|1311|43|Neuwaldegg (Anfang-Hst.)
143|1317|43|Neuwaldegg (Anfang-Hst.)
143|245|43|Neuwaldegg (Anfang-Hst.)
143|277|43|Neuwaldegg (Anfang-Hst.)
143|277|43|Schottentor U
143|555|43|Neuwaldegg (Anfang-Hst.)
143|1370|43|Schottentor U
143|143|43|Neuwaldegg (Anfang-Hst.)
143|521|43|Neuwaldegg (Anfang-Hst.)
143|143|43|Schottentor U
143|521|43|Schottentor U
143|247|43|Schottentor U
143|1348|43|Neuwaldegg (Anfang-Hst.)
143|1357|43|Neuwaldegg (Anfang-Hst.)
143|1348|43|Schottentor U
143|1357|43|Schottentor U
143|224|43|Neuwaldegg (Anfang-Hst.)
143|230|43|Neuwaldegg (Anfang-Hst.)
143|224|43|Schottentor U
143|230|43|Schottentor U
143|1360|43|Neuwaldegg (Anfang-Hst.)
143|1371|43|Schottentor U
143|1351|43|Neuwaldegg (Anfang-Hst.)
143|1354|43|Neuwaldegg (Anfang-Hst.)
143|1354|43|Schottentor U
143|1386|43|Neuwaldegg (Anfang-Hst.)
143|565|43|Neuwaldegg (Anfang-Hst.)
143|1386|43|Schottentor U
143|565|43|Schottentor U
143|279|43|Neuwaldegg (Anfang-Hst.)
143|279|43|Schottentor U
143|246|43|Neuwaldegg (Anfang-Hst.)
143|276|43|Neuwaldegg (Anfang-Hst.)
143|548|43|Neuwaldegg (Anfang-Hst.)
143|556|43|Neuwaldegg (Anfang-Hst.)
143|548|43|Schottentor U
143|556|43|Schottentor U
143|3876|43|Neuwaldegg (Anfang-Hst.)
143|3877|43|Neuwaldegg (Anfang-Hst.)
143|365|43|Neuwaldegg (Anfang-Hst.)
143|458|43|Neuwaldegg (Anfang-Hst.)
143|365|43|Schottentor U
143|1346|43|Neuwaldegg (Anfang-Hst.)
143|238|43|Schottentor U
143|217|43|Neuwaldegg (Anfang-Hst.)
143|237|43|Schottentor U
143|561|43|Neuwaldegg (Anfang-Hst.)
143|588|43|Neuwaldegg (Anfang-Hst.)
143|561|43|Schottentor U
143|588|43|Schottentor U
143|4711|43|Neuwaldegg (Anfang-Hst.)
143|4711|43|Schottentor U
143|241|43|Neuwaldegg (Anfang-Hst.)
143|242|43|Neuwaldegg (Anfang-Hst.)
143|563|43|Neuwaldegg (Anfang-Hst.)
143|586|43|Neuwaldegg (Anfang-Hst.)
143|241|43|Schottentor U
143|242|43|Schottentor U
143|586|43|Schottentor U
143|1362|43|Neuwaldegg (Anfang-Hst.)
143|528|43|Neuwaldegg (Anfang-Hst.)
143|1368|43|Schottentor U
143|528|43|Schottentor U
143|1342|43|Neuwaldegg (Anfang-Hst.)
143|455|43|Neuwaldegg (Anfang-Hst.)
143|275|43|Neuwaldegg (Anfang-Hst.)
143|4737|43|Neuwaldegg (Anfang-Hst.)
143|1353|43|Neuwaldegg (Anfang-Hst.)
143|1353|43|Schottentor U
143|1387|43|Neuwaldegg (Anfang-Hst.)
143|221|43|Neuwaldegg (Anfang-Hst.)
143|233|43|Schottentor U
143|1313|43|Neuwaldegg (Anfang-Hst.)
143|1315|43|Neuwaldegg (Anfang-Hst.)
143|564|43|Neuwaldegg (Anfang-Hst.)
143|585|43|Neuwaldegg (Anfang-Hst.)
143|564|43|Schottentor U
143|585|43|Schottentor U
143|244|43|Neuwaldegg (Anfang-Hst.)
143|278|43|Neuwaldegg (Anfang-Hst.)
143|278|43|Schottentor U
143|1364|43|Neuwaldegg (Anfang-Hst.)
143|1366|43|Schottentor U
143|223|43|Neuwaldegg (Anfang-Hst.)
143|231|43|Neuwaldegg (Anfang-Hst.)
143|549|43|Neuwaldegg (Anfang-Hst.)
143|223|43|Schottentor U
143|231|43|Schottentor U
143|549|43|Schottentor U
143|4710|43|Schottentor U
143|1365|43|Neuwaldegg (Anfang-Hst.)
143|562|43|Neuwaldegg (Anfang-Hst.)
143|587|43|Neuwaldegg (Anfang-Hst.)
143|562|43|Schottentor U
143|587|43|Schottentor U
143|1312|43|Neuwaldegg (Anfang-Hst.)
143|1316|43|Neuwaldegg (Anfang-Hst.)
143|160|43|Neuwaldegg (Anfang-Hst.)
143|160|43|Schottentor U
143|1212|43|Neuwaldegg (Anfang-Hst.)
143|1345|43|Neuwaldegg (Anfang-Hst.)
143|1345|43|Schottentor U
143|1213|43|Neuwaldegg (Anfang-Hst.)
143|150|43|Neuwaldegg (Anfang-Hst.)
143|149|43|Neuwaldegg (Anfang-Hst.)
143|522|43|Neuwaldegg (Anfang-Hst.)
143|554|43|Neuwaldegg (Anfang-Hst.)
143|522|43|Schottentor U
143|554|43|Schottentor U
143|218|43|Neuwaldegg (Anfang-Hst.)
143|236|43|Schottentor U
143|1340|43|Neuwaldegg (Anfang-Hst.)
143|523|43|Neuwaldegg (Anfang-Hst.)
143|553|43|Neuwaldegg (Anfang-Hst.)
143|523|43|Schottentor U
143|553|43|Schottentor U
143|148|43|Neuwaldegg (Anfang-Hst.)
143|188|43|Neuwaldegg (Anfang-Hst.)
143|1310|43|Neuwaldegg (Anfang-Hst.)
143|1318|43|Neuwaldegg (Anfang-Hst.)
143|1338|43|Neuwaldegg (Anfang-Hst.)
143|524|43|Neuwaldegg (Anfang-Hst.)
143|552|43|Neuwaldegg (Anfang-Hst.)
143|524|43|Schottentor U
143|552|43|Schottentor U
143|1336|43|Neuwaldegg (Anfang-Hst.)
143|493|43|Neuwaldegg (Anfang-Hst.)
143|516|43|Neuwaldegg (Anfang-Hst.)
143|516|43|Schottentor U
143|243|43|Neuwaldegg (Anfang-Hst.)
143|243|43|Schottentor U
143|1363|43|Neuwaldegg (Anfang-Hst.)
143|1367|43|Schottentor U
143|1361|43|Neuwaldegg (Anfang-Hst.)
143|1373|43|Schottentor U
143|1347|43|Neuwaldegg (Anfang-Hst.)
143|1347|43|Schottentor U
144|220|44|Bhf Hernals Kurzführung
144|234|44|Bhf Hernals Kurzführung
144|234|44|Schottentor U
144|6005|44|Bhf Hernals Kurzführung
144|225|44|Schottentor U
144|6505|44|Schottentor U
144|6006|44|Bhf Hernals Kurzführung
144|6109|44|Bhf Hernals Kurzführung
144|6506|44|Bhf Hernals Kurzführung
144|6006|44|Schottentor U
144|6109|44|Schottentor U
144|6506|44|Schottentor U
144|6008|44|Bhf Hernals Kurzführung
144|6508|44|Schottentor U
144|6405|44|Bhf Hernals Kurzführung
144|6405|44|Schottentor U
144|7008|44|Bhf Hernals Kurzführung
144|7008|44|Schottentor U
144|248|44|Bhf Hernals Kurzführung
144|274|44|Bhf Hernals Kurzführung
144|219|44|Bhf Hernals Kurzführung
144|235|44|Bhf Hernals Kurzführung
144|1372|44|Schottentor U
144|219|44|Schottentor U
144|235|44|Schottentor U
144|1369|44|Bhf Hernals Kurzführung
144|560|44|Bhf Hernals Kurzführung
144|1349|44|Schottentor U
144|1369|44|Schottentor U
144|560|44|Schottentor U
144|222|44|Bhf Hernals Kurzführung
144|232|44|Bhf Hernals Kurzführung
144|232|44|Schottentor U
144|245|44|Bhf Hernals Kurzführung
144|277|44|Bhf Hernals Kurzführung
144|245|44|Schottentor U
144|555|44|Bhf Hernals Kurzführung
144|1370|44|Schottentor U
144|555|44|Schottentor U
144|566|44|Bhf Hernals Kurzführung
144|583|44|Schottentor U
144|247|44|Bhf Hernals Kurzführung
144|1357|44|Bhf Hernals Kurzführung
144|1348|44|Schottentor U
144|1357|44|Schottentor U
144|224|44|Bhf Hernals Kurzführung
144|230|44|Bhf Hernals Kurzführung
144|224|44|Schottentor U
144|230|44|Schottentor U
144|1360|44|Bhf Hernals Kurzführung
144|1360|44|Schottentor U
144|1371|44|Schottentor U
144|568|44|Bhf Hernals Kurzführung
144|581|44|Schottentor U
144|1386|44|Bhf Hernals Kurzführung
144|565|44|Bhf Hernals Kurzführung
144|7551|44|Bhf Hernals Kurzführung
144|1386|44|Schottentor U
144|565|44|Schottentor U
144|584|44|Schottentor U
144|7551|44|Schottentor U
144|279|44|Bhf Hernals Kurzführung
144|246|44|Bhf Hernals Kurzführung
144|276|44|Bhf Hernals Kurzführung
144|548|44|Bhf Hernals Kurzführung
144|556|44|Bhf Hernals Kurzführung
144|246|44|Schottentor U
144|276|44|Schottentor U
144|548|44|Schottentor U
144|556|44|Schottentor U
144|365|44|Bhf Hernals Kurzführung
144|458|44|Bhf Hernals Kurzführung
144|575|44|Bhf Hernals Kurzführung
144|559|44|Schottentor U
144|1346|44|Bhf Hernals Kurzführung
144|238|44|Bhf Hernals Kurzführung
144|1346|44|Schottentor U
144|238|44|Schottentor U
144|217|44|Bhf Hernals Kurzführung
144|237|44|Bhf Hernals Kurzführung
144|217|44|Schottentor U
144|237|44|Schottentor U
144|567|44|Bhf Hernals Kurzführung
144|582|44|Schottentor U
144|588|44|Bhf Hernals Kurzführung
144|561|44|Schottentor U
144|588|44|Schottentor U
144|571|44|Bhf Hernals Kurzführung
144|571|44|Schottentor U
144|578|44|Schottentor U
144|4711|44|Bhf Hernals Kurzführung
144|4711|44|Schottentor U
144|241|44|Bhf Hernals Kurzführung
144|242|44|Bhf Hernals Kurzführung
144|241|44|Schottentor U
144|242|44|Schottentor U
144|563|44|Schottentor U
144|586|44|Schottentor U
144|569|44|Bhf Hernals Kurzführung
144|580|44|Schottentor U
144|1362|44|Bhf Hernals Kurzführung
144|528|44|Bhf Hernals Kurzführung
144|1368|44|Schottentor U
144|528|44|Schottentor U
144|275|44|Bhf Hernals Kurzführung
144|1387|44|Bhf Hernals Kurzführung
144|1387|44|Schottentor U
144|221|44|Bhf Hernals Kurzführung
144|233|44|Bhf Hernals Kurzführung
144|233|44|Schottentor U
144|1537|44|Schottentor U
144|564|44|Bhf Hernals Kurzführung
144|564|44|Schottentor U
144|585|44|Schottentor U
144|244|44|Bhf Hernals Kurzführung
144|278|44|Bhf Hernals Kurzführung
144|244|44|Schottentor U
144|570|44|Bhf Hernals Kurzführung
144|579|44|Schottentor U
144|1364|44|Bhf Hernals Kurzführung
144|1366|44|Schottentor U
144|223|44|Bhf Hernals Kurzführung
144|549|44|Bhf Hernals Kurzführung
144|223|44|Schottentor U
144|549|44|Schottentor U
144|4710|44|Bhf Hernals Kurzführung
144|4710|44|Schottentor U
144|1559|44|Bhf Hernals Kurzführung
144|1559|44|Schottentor U
144|1365|44|Bhf Hernals Kurzführung
144|562|44|Schottentor U
144|587|44|Schottentor U
144|1345|44|Bhf Hernals Kurzführung
144|1345|44|Schottentor U
144|218|44|Bhf Hernals Kurzführung
144|236|44|Bhf Hernals Kurzführung
144|218|44|Schottentor U
144|236|44|Schottentor U
144|243|44|Bhf Hernals Kurzführung
144|1363|44|Bhf Hernals Kurzführung
144|1367|44|Schottentor U
144|1536|44|Bhf Hernals Kurzführung
144|1536|44|Schottentor U
144|1361|44|Bhf Hernals Kurzführung
144|1361|44|Schottentor U
144|1373|44|Schottentor U
144|1347|44|Bhf Hernals Kurzführung
144|1347|44|Schottentor U
146|271|46|Hütteldorf, Bujattigasse
146|250|46|Parlament, U Volkstheater
146|1539|46|Hütteldorf, Bujattigasse
146|1556|46|Parlament, U Volkstheater
146|1376|46|Hütteldorf, Bujattigasse
146|1395|46|Hütteldorf, Bujattigasse
146|1395|46|Parlament, U Volkstheater
146|6006|46|Hütteldorf, Bujattigasse
146|6506|46|Parlament, U Volkstheater
146|6008|46|Hütteldorf, Bujattigasse
146|6508|46|Parlament, U Volkstheater
146|6407|46|Hütteldorf, Bujattigasse
146|6407|46|Parlament, U Volkstheater
146|6009|46|Hütteldorf, Bujattigasse
146|6509|46|Parlament, U Volkstheater
146|1458|46|Hütteldorf, Bujattigasse
146|1465|46|Hütteldorf, Bujattigasse
146|1545|46|Hütteldorf, Bujattigasse
146|1458|46|Parlament, U Volkstheater
146|1465|46|Parlament, U Volkstheater
146|7550|46|Hütteldorf, Bujattigasse
146|7550|46|Parlament, U Volkstheater
146|7542|46|Hütteldorf, Bujattigasse
146|7542|46|Parlament, U Volkstheater
146|7008|46|Hütteldorf, Bujattigasse
146|272|46|Hütteldorf, Bujattigasse
146|377|46|Parlament, U Volkstheater
146|1452|46|Hütteldorf, Bujattigasse
146|1471|46|Hütteldorf, Bujattigasse
146|4723|46|Hütteldorf, Bujattigasse
146|1452|46|Parlament, U Volkstheater
146|1471|46|Parlament, U Volkstheater
146|4723|46|Parlament, U Volkstheater
146|1380|46|Hütteldorf, Bujattigasse
146|1391|46|Hütteldorf, Bujattigasse
146|1391|46|Parlament, U Volkstheater
146|274|46|Hütteldorf, Bujattigasse
146|248|46|Parlament, U Volkstheater
146|3375|46|Hütteldorf, Bujattigasse
146|3376|46|Hütteldorf, Bujattigasse
146|3375|46|Parlament, U Volkstheater
146|3376|46|Parlament, U Volkstheater
146|1538|46|Hütteldorf, Bujattigasse
146|1557|46|Parlament, U Volkstheater
146|1639|46|Hütteldorf, Bujattigasse
146|5611|46|Parlament, U Volkstheater
146|277|46|Hütteldorf, Bujattigasse
146|245|46|Parlament, U Volkstheater
146|1382|46|Hütteldorf, Bujattigasse
146|1389|46|Hütteldorf, Bujattigasse
146|1389|46|Parlament, U Volkstheater
146|1533|46|Hütteldorf, Bujattigasse
146|1561|46|Parlament, U Volkstheater
146|1638|46|Hütteldorf, Bujattigasse
146|1611|46|Parlament, U Volkstheater
146|1543|46|Hütteldorf, Bujattigasse
146|1552|46|Parlament, U Volkstheater
146|1541|46|Hütteldorf, Bujattigasse
146|1554|46|Parlament, U Volkstheater
146|566|46|Hütteldorf, Bujattigasse
146|583|46|Hütteldorf, Bujattigasse
146|566|46|Parlament, U Volkstheater
146|583|46|Parlament, U Volkstheater
146|247|46|Parlament, U Volkstheater
146|574|46|Hütteldorf, Bujattigasse
146|1610|46|Parlament, U Volkstheater
146|1457|46|Hütteldorf, Bujattigasse
146|1466|46|Hütteldorf, Bujattigasse
146|1457|46|Parlament, U Volkstheater
146|1466|46|Parlament, U Volkstheater
146|1728|46|Hütteldorf, Bujattigasse
146|1615|46|Parlament, U Volkstheater
146|1461|46|Hütteldorf, Bujattigasse
146|1462|46|Hütteldorf, Bujattigasse
146|1461|46|Parlament, U Volkstheater
146|1462|46|Parlament, U Volkstheater
146|1454|46|Hütteldorf, Bujattigasse
146|1454|46|Parlament, U Volkstheater
146|1450|46|Hütteldorf, Bujattigasse
146|1472|46|Hütteldorf, Bujattigasse
146|568|46|Hütteldorf, Bujattigasse
146|581|46|Hütteldorf, Bujattigasse
146|1450|46|Parlament, U Volkstheater
146|1472|46|Parlament, U Volkstheater
146|568|46|Parlament, U Volkstheater
146|581|46|Parlament, U Volkstheater
146|1636|46|Hütteldorf, Bujattigasse
146|1613|46|Parlament, U Volkstheater
146|1386|46|Hütteldorf, Bujattigasse
146|565|46|Hütteldorf, Bujattigasse
146|584|46|Hütteldorf, Bujattigasse
146|7551|46|Hütteldorf, Bujattigasse
146|1386|46|Parlament, U Volkstheater
146|565|46|Parlament, U Volkstheater
146|584|46|Parlament, U Volkstheater
146|7551|46|Parlament, U Volkstheater
146|279|46|Hütteldorf, Bujattigasse
146|276|46|Hütteldorf, Bujattigasse
146|246|46|Parlament, U Volkstheater
146|270|46|Hütteldorf, Bujattigasse
146|251|46|Parlament, U Volkstheater
146|273|46|Hütteldorf, Bujattigasse
146|3477|46|Hütteldorf, Bujattigasse
146|458|46|Hütteldorf, Bujattigasse
146|249|46|Parlament, U Volkstheater
146|3477|46|Parlament, U Volkstheater
146|559|46|Hütteldorf, Bujattigasse
146|575|46|Hütteldorf, Bujattigasse
146|559|46|Parlament, U Volkstheater
146|575|46|Parlament, U Volkstheater
146|567|46|Hütteldorf, Bujattigasse
146|582|46|Hütteldorf, Bujattigasse
146|567|46|Parlament, U Volkstheater
146|582|46|Parlament, U Volkstheater
146|360|46|Hütteldorf, Bujattigasse
146|1453|46|Hütteldorf, Bujattigasse
146|1470|46|Hütteldorf, Bujattigasse
146|1453|46|Parlament, U Volkstheater
146|1470|46|Parlament, U Volkstheater
146|571|46|Hütteldorf, Bujattigasse
146|578|46|Hütteldorf, Bujattigasse
146|571|46|Parlament, U Volkstheater
146|1544|46|Hütteldorf, Bujattigasse
146|1551|46|Parlament, U Volkstheater
146|1469|46|Hütteldorf, Bujattigasse
146|1540|46|Hütteldorf, Bujattigasse
146|1469|46|Parlament, U Volkstheater
146|1555|46|Parlament, U Volkstheater
146|1385|46|Hütteldorf, Bujattigasse
146|241|46|Hütteldorf, Bujattigasse
146|242|46|Hütteldorf, Bujattigasse
146|586|46|Hütteldorf, Bujattigasse
146|241|46|Parlament, U Volkstheater
146|242|46|Parlament, U Volkstheater
146|586|46|Parlament, U Volkstheater
146|569|46|Hütteldorf, Bujattigasse
146|580|46|Hütteldorf, Bujattigasse
146|569|46|Parlament, U Volkstheater
146|275|46|Hütteldorf, Bujattigasse
146|1384|46|Hütteldorf, Bujattigasse
146|1387|46|Hütteldorf, Bujattigasse
146|1387|46|Parlament, U Volkstheater
146|1375|46|Hütteldorf, Bujattigasse
146|15|46|Hütteldorf, Bujattigasse
146|1375|46|Parlament, U Volkstheater
146|3730|46|Parlament, U Volkstheater
146|1537|46|Hütteldorf, Bujattigasse
146|577|46|Hütteldorf, Bujattigasse
146|1635|46|Hütteldorf, Bujattigasse
146|1614|46|Parlament, U Volkstheater
146|564|46|Hütteldorf, Bujattigasse
146|585|46|Hütteldorf, Bujattigasse
146|564|46|Parlament, U Volkstheater
146|585|46|Parlament, U Volkstheater
146|269|46|Hütteldorf, Bujattigasse
146|252|46|Parlament, U Volkstheater
146|278|46|Hütteldorf, Bujattigasse
146|244|46|Parlament, U Volkstheater
146|570|46|Hütteldorf, Bujattigasse
146|579|46|Hütteldorf, Bujattigasse
146|1558|46|Parlament, U Volkstheater
146|570|46|Parlament, U Volkstheater
146|1459|46|Hütteldorf, Bujattigasse
146|1464|46|Hütteldorf, Bujattigasse
146|1459|46|Parlament, U Volkstheater
146|1464|46|Parlament, U Volkstheater
146|1535|46|Hütteldorf, Bujattigasse
146|1559|46|Hütteldorf, Bujattigasse
146|1559|46|Parlament, U Volkstheater
146|1534|46|Hütteldorf, Bujattigasse
146|1560|46|Parlament, U Volkstheater
146|1463|46|Hütteldorf, Bujattigasse
146|1463|46|Parlament, U Volkstheater
146|576|46|Hütteldorf, Bujattigasse
146|572|46|Parlament, U Volkstheater
146|2635|46|Hütteldorf, Bujattigasse
146|2635|46|Parlament, U Volkstheater
146|1378|46|Hütteldorf, Bujattigasse
146|1393|46|Hütteldorf, Bujattigasse
146|1393|46|Parlament, U Volkstheater
146|1383|46|Hütteldorf, Bujattigasse
146|1388|46|Hütteldorf, Bujattigasse
146|1388|46|Parlament, U Volkstheater
146|1455|46|Hütteldorf, Bujattigasse
146|1468|46|Hütteldorf, Bujattigasse
146|1455|46|Parlament, U Volkstheater
146|1468|46|Parlament, U Volkstheater
146|1637|46|Hütteldorf, Bujattigasse
146|1612|46|Parlament, U Volkstheater
146|1532|46|Hütteldorf, Bujattigasse
146|1562|46|Parlament, U Volkstheater
146|1377|46|Hütteldorf, Bujattigasse
146|1394|46|Hütteldorf, Bujattigasse
146|1394|46|Parlament, U Volkstheater
146|1379|46|Hütteldorf, Bujattigasse
146|1392|46|Hütteldorf, Bujattigasse
146|1392|46|Parlament, U Volkstheater
146|1381|46|Hütteldorf, Bujattigasse
146|1390|46|Hütteldorf, Bujattigasse
146|1390|46|Parlament, U Volkstheater
146|1456|46|Hütteldorf, Bujattigasse
146|1467|46|Hütteldorf, Bujattigasse
146|1456|46|Parlament, U Volkstheater
146|1467|46|Parlament, U Volkstheater
146|1739|46|Parlament, U Volkstheater
146|243|46|Hütteldorf, Bujattigasse
146|36|46|Hütteldorf, Bujattigasse
146|36|46|Parlament, U Volkstheater
146|1548|46|Hütteldorf, Bujattigasse
146|1549|46|Parlament, U Volkstheater
146|1536|46|Hütteldorf, Bujattigasse
146|1542|46|Hütteldorf, Bujattigasse
146|1553|46|Parlament, U Volkstheater
149|1539|49|Hütteldorf, Bujattigasse
149|1539|49|Parlament, U Volkstheater
149|1556|49|Parlament, U Volkstheater
149|1376|49|Hütteldorf, Bujattigasse
149|1395|49|Parlament, U Volkstheater
149|6006|49|Hütteldorf, Bujattigasse
149|6506|49|Hütteldorf, Bujattigasse
149|6006|49|Parlament, U Volkstheater
149|6109|49|Parlament, U Volkstheater
149|6506|49|Parlament, U Volkstheater
149|6008|49|Hütteldorf, Bujattigasse
149|6508|49|Parlament, U Volkstheater
149|6024|49|Parlament, U Volkstheater
149|6134|49|Parlament, U Volkstheater
149|6407|49|Hütteldorf, Bujattigasse
149|6407|49|Parlament, U Volkstheater
149|6009|49|Hütteldorf, Bujattigasse
149|6509|49|Parlament, U Volkstheater
149|1458|49|Hütteldorf, Bujattigasse
149|1545|49|Hütteldorf, Bujattigasse
149|1458|49|Parlament, U Volkstheater
149|1465|49|Parlament, U Volkstheater
149|1545|49|Parlament, U Volkstheater
149|7550|49|Parlament, U Volkstheater
149|1446|49|Hütteldorf, Bujattigasse
149|1446|49|Parlament, U Volkstheater
149|1476|49|Parlament, U Volkstheater
149|6406|49|Hütteldorf, Bujattigasse
149|7542|49|Hütteldorf, Bujattigasse
149|6406|49|Parlament, U Volkstheater
149|7542|49|Parlament, U Volkstheater
149|7008|49|Hütteldorf, Bujattigasse
149|7008|49|Parlament, U Volkstheater
149|1452|49|Hütteldorf, Bujattigasse
149|4723|49|Hütteldorf, Bujattigasse
149|1452|49|Parlament, U Volkstheater
149|1471|49|Parlament, U Volkstheater
149|4723|49|Parlament, U Volkstheater
149|1380|49|Hütteldorf, Bujattigasse
149|1391|49|Parlament, U Volkstheater
149|3375|49|Hütteldorf, Bujattigasse
149|3376|49|Parlament, U Volkstheater
149|1538|49|Hütteldorf, Bujattigasse
149|1538|49|Parlament, U Volkstheater
149|1557|49|Parlament, U Volkstheater
149|1639|49|Hütteldorf, Bujattigasse
149|5611|49|Hütteldorf, Bujattigasse
149|5611|49|Parlament, U Volkstheater
149|1382|49|Hütteldorf, Bujattigasse
149|1389|49|Parlament, U Volkstheater
149|1533|49|Hütteldorf, Bujattigasse
149|1561|49|Hütteldorf, Bujattigasse
149|1533|49|Parlament, U Volkstheater
149|1561|49|Parlament, U Volkstheater
149|1611|49|Hütteldorf, Bujattigasse
149|1638|49|Hütteldorf, Bujattigasse
149|1611|49|Parlament, U Volkstheater
149|1543|49|Hütteldorf, Bujattigasse
149|1543|49|Parlament, U Volkstheater
149|1552|49|Parlament, U Volkstheater
149|1541|49|Hütteldorf, Bujattigasse
149|1541|49|Parlament, U Volkstheater
149|1554|49|Parlament, U Volkstheater
149|566|49|Hütteldorf, Bujattigasse
149|583|49|Parlament, U Volkstheater
149|1610|49|Hütteldorf, Bujattigasse
149|574|49|Hütteldorf, Bujattigasse
149|1610|49|Parlament, U Volkstheater
149|1457|49|Hütteldorf, Bujattigasse
149|1457|49|Parlament, U Volkstheater
149|1466|49|Parlament, U Volkstheater
149|1615|49|Hütteldorf, Bujattigasse
149|1728|49|Hütteldorf, Bujattigasse
149|1615|49|Parlament, U Volkstheater
149|1448|49|Hütteldorf, Bujattigasse
149|1448|49|Parlament, U Volkstheater
149|1474|49|Parlament, U Volkstheater
149|1461|49|Hütteldorf, Bujattigasse
149|1461|49|Parlament, U Volkstheater
149|1462|49|Parlament, U Volkstheater
149|1454|49|Hütteldorf, Bujattigasse
149|1454|49|Parlament, U Volkstheater
149|1450|49|Hütteldorf, Bujattigasse
149|568|49|Hütteldorf, Bujattigasse
149|1450|49|Parlament, U Volkstheater
149|1472|49|Parlament, U Volkstheater
149|581|49|Parlament, U Volkstheater
149|1613|49|Hütteldorf, Bujattigasse
149|1636|49|Hütteldorf, Bujattigasse
149|1613|49|Parlament, U Volkstheater
149|1386|49|Hütteldorf, Bujattigasse
149|565|49|Hütteldorf, Bujattigasse
149|1386|49|Parlament, U Volkstheater
149|565|49|Parlament, U Volkstheater
149|584|49|Parlament, U Volkstheater
149|1449|49|Hütteldorf, Bujattigasse
149|1449|49|Parlament, U Volkstheater
149|1473|49|Parlament, U Volkstheater
149|1444|49|Hütteldorf, Bujattigasse
149|1478|49|Parlament, U Volkstheater
149|575|49|Hütteldorf, Bujattigasse
149|559|49|Parlament, U Volkstheater
149|1486|49|Hütteldorf, Bujattigasse
149|1487|49|Parlament, U Volkstheater
149|567|49|Hütteldorf, Bujattigasse
149|582|49|Parlament, U Volkstheater
149|1453|49|Hütteldorf, Bujattigasse
149|1453|49|Parlament, U Volkstheater
149|1470|49|Parlament, U Volkstheater
149|578|49|Hütteldorf, Bujattigasse
149|571|49|Parlament, U Volkstheater
149|578|49|Parlament, U Volkstheater
149|1544|49|Hütteldorf, Bujattigasse
149|1544|49|Parlament, U Volkstheater
149|1551|49|Parlament, U Volkstheater
149|1540|49|Hütteldorf, Bujattigasse
149|1469|49|Parlament, U Volkstheater
149|1540|49|Parlament, U Volkstheater
149|1555|49|Parlament, U Volkstheater
149|1385|49|Hütteldorf, Bujattigasse
149|586|49|Parlament, U Volkstheater
149|1384|49|Hütteldorf, Bujattigasse
149|1387|49|Parlament, U Volkstheater
149|1375|49|Hütteldorf, Bujattigasse
149|1375|49|Parlament, U Volkstheater
149|1537|49|Hütteldorf, Bujattigasse
149|577|49|Hütteldorf, Bujattigasse
149|1537|49|Parlament, U Volkstheater
149|1614|49|Hütteldorf, Bujattigasse
149|1635|49|Hütteldorf, Bujattigasse
149|1614|49|Parlament, U Volkstheater
149|564|49|Hütteldorf, Bujattigasse
149|585|49|Parlament, U Volkstheater
149|579|49|Hütteldorf, Bujattigasse
149|1558|49|Parlament, U Volkstheater
149|579|49|Parlament, U Volkstheater
149|1459|49|Hütteldorf, Bujattigasse
149|1464|49|Parlament, U Volkstheater
149|1535|49|Hütteldorf, Bujattigasse
149|1559|49|Hütteldorf, Bujattigasse
149|1535|49|Parlament, U Volkstheater
149|1559|49|Parlament, U Volkstheater
149|1534|49|Hütteldorf, Bujattigasse
149|1560|49|Hütteldorf, Bujattigasse
149|1534|49|Parlament, U Volkstheater
149|1560|49|Parlament, U Volkstheater
149|1463|49|Parlament, U Volkstheater
149|572|49|Hütteldorf, Bujattigasse
149|576|49|Hütteldorf, Bujattigasse
149|572|49|Parlament, U Volkstheater
149|2635|49|Parlament, U Volkstheater
149|1378|49|Hütteldorf, Bujattigasse
149|1393|49|Parlament, U Volkstheater
149|1383|49|Hütteldorf, Bujattigasse
149|1388|49|Parlament, U Volkstheater
149|1447|49|Hütteldorf, Bujattigasse
149|1447|49|Parlament, U Volkstheater
149|1475|49|Parlament, U Volkstheater
149|1455|49|Hütteldorf, Bujattigasse
149|1455|49|Parlament, U Volkstheater
149|1468|49|Parlament, U Volkstheater
149|1442|49|Hütteldorf, Bujattigasse
149|1480|49|Parlament, U Volkstheater
149|1612|49|Hütteldorf, Bujattigasse
149|1637|49|Hütteldorf, Bujattigasse
149|1612|49|Parlament, U Volkstheater
149|1532|49|Hütteldorf, Bujattigasse
149|1562|49|Hütteldorf, Bujattigasse
149|1532|49|Parlament, U Volkstheater
149|1562|49|Parlament, U Volkstheater
149|1441|49|Hütteldorf, Bujattigasse
149|1481|49|Parlament, U Volkstheater
149|1377|49|Hütteldorf, Bujattigasse
149|1394|49|Parlament, U Volkstheater
149|1379|49|Hütteldorf, Bujattigasse
149|1392|49|Parlament, U Volkstheater
149|1381|49|Hütteldorf, Bujattigasse
149|1390|49|Parlament, U Volkstheater
149|1445|49|Hütteldorf, Bujattigasse
149|1550|49|Hütteldorf, Bujattigasse
149|541|49|Hütteldorf, Bujattigasse
149|1445|49|Parlament, U Volkstheater
149|1477|49|Parlament, U Volkstheater
149|1550|49|Parlament, U Volkstheater
149|535|49|Parlament, U Volkstheater
149|1440|49|Hütteldorf, Bujattigasse
149|1482|49|Parlament, U Volkstheater
149|1456|49|Hütteldorf, Bujattigasse
149|1456|49|Parlament, U Volkstheater
149|1467|49|Parlament, U Volkstheater
149|1739|49|Hütteldorf, Bujattigasse
149|1739|49|Parlament, U Volkstheater
149|36|49|Hütteldorf, Bujattigasse
149|464|49|Hütteldorf, Bujattigasse
149|483|49|Hütteldorf, Bujattigasse
149|484|49|Hütteldorf, Bujattigasse
149|36|49|Parlament, U Volkstheater
149|464|49|Parlament, U Volkstheater
149|483|49|Parlament, U Volkstheater
149|484|49|Parlament, U Volkstheater
149|1548|49|Hütteldorf, Bujattigasse
149|1549|49|Hütteldorf, Bujattigasse
149|1548|49|Parlament, U Volkstheater
149|1549|49|Parlament, U Volkstheater
149|1443|49|Hütteldorf, Bujattigasse
149|1479|49|Parlament, U Volkstheater
149|1536|49|Hütteldorf, Bujattigasse
149|1536|49|Parlament, U Volkstheater
149|1542|49|Hütteldorf, Bujattigasse
149|1542|49|Parlament, U Volkstheater
149|1553|49|Parlament, U Volkstheater
152|1539|52|Hütteldorf, Bujattigasse
152|1556|52|Parlament, U Volkstheater
152|6006|52|Hütteldorf, Bujattigasse
152|6506|52|Parlament, U Volkstheater
152|6008|52|Hütteldorf, Bujattigasse
152|6508|52|Parlament, U Volkstheater
152|6024|52|Parlament, U Volkstheater
152|6407|52|Hütteldorf, Bujattigasse
152|6407|52|Parlament, U Volkstheater
152|6009|52|Hütteldorf, Bujattigasse
152|6509|52|Parlament, U Volkstheater
152|1458|52|Hütteldorf, Bujattigasse
152|1545|52|Hütteldorf, Bujattigasse
152|1465|52|Parlament, U Volkstheater
152|1545|52|Parlament, U Volkstheater
152|7550|52|Parlament, U Volkstheater
152|1446|52|Hütteldorf, Bujattigasse
152|1476|52|Hütteldorf, Bujattigasse
152|1476|52|Parlament, U Volkstheater
152|7542|52|Hütteldorf, Bujattigasse
152|7542|52|Parlament, U Volkstheater
152|7008|52|Hütteldorf, Bujattigasse
152|7008|52|Parlament, U Volkstheater
152|1452|52|Hütteldorf, Bujattigasse
152|4723|52|Hütteldorf, Bujattigasse
152|1471|52|Parlament, U Volkstheater
152|4723|52|Parlament, U Volkstheater
152|508|52|Hütteldorf, Bujattigasse
152|460|52|Parlament, U Volkstheater
152|508|52|Parlament, U Volkstheater
152|3375|52|Hütteldorf, Bujattigasse
152|3376|52|Parlament, U Volkstheater
152|1538|52|Hütteldorf, Bujattigasse
152|1557|52|Parlament, U Volkstheater
152|1597|52|Hütteldorf, Bujattigasse
152|1605|52|Hütteldorf, Bujattigasse
152|1639|52|Hütteldorf, Bujattigasse
152|5611|52|Hütteldorf, Bujattigasse
152|1597|52|Parlament, U Volkstheater
152|1605|52|Parlament, U Volkstheater
152|1639|52|Parlament, U Volkstheater
152|5611|52|Parlament, U Volkstheater
152|1599|52|Hütteldorf, Bujattigasse
152|1603|52|Hütteldorf, Bujattigasse
152|1599|52|Parlament, U Volkstheater
152|1603|52|Parlament, U Volkstheater
152|1533|52|Hütteldorf, Bujattigasse
152|1533|52|Parlament, U Volkstheater
152|1561|52|Parlament, U Volkstheater
152|1611|52|Hütteldorf, Bujattigasse
152|1638|52|Hütteldorf, Bujattigasse
152|1611|52|Parlament, U Volkstheater
152|1638|52|Parlament, U Volkstheater
152|1543|52|Hütteldorf, Bujattigasse
152|1552|52|Parlament, U Volkstheater
152|1541|52|Hütteldorf, Bujattigasse
152|1554|52|Parlament, U Volkstheater
152|566|52|Hütteldorf, Bujattigasse
152|583|52|Hütteldorf, Bujattigasse
152|566|52|Parlament, U Volkstheater
152|583|52|Parlament, U Volkstheater
152|1610|52|Hütteldorf, Bujattigasse
152|574|52|Hütteldorf, Bujattigasse
152|1610|52|Parlament, U Volkstheater
152|574|52|Parlament, U Volkstheater
152|1457|52|Hütteldorf, Bujattigasse
152|1466|52|Parlament, U Volkstheater
152|1615|52|Hütteldorf, Bujattigasse
152|1728|52|Hütteldorf, Bujattigasse
152|1615|52|Parlament, U Volkstheater
152|1728|52|Parlament, U Volkstheater
152|1448|52|Hütteldorf, Bujattigasse
152|1474|52|Hütteldorf, Bujattigasse
152|1474|52|Parlament, U Volkstheater
152|1461|52|Hütteldorf, Bujattigasse
152|1461|52|Parlament, U Volkstheater
152|1462|52|Parlament, U Volkstheater
152|1454|52|Hütteldorf, Bujattigasse
152|1450|52|Hütteldorf, Bujattigasse
152|1472|52|Hütteldorf, Bujattigasse
152|568|52|Hütteldorf, Bujattigasse
152|581|52|Hütteldorf, Bujattigasse
152|1472|52|Parlament, U Volkstheater
152|568|52|Parlament, U Volkstheater
152|581|52|Parlament, U Volkstheater
152|1613|52|Hütteldorf, Bujattigasse
152|1636|52|Hütteldorf, Bujattigasse
152|1613|52|Parlament, U Volkstheater
152|1636|52|Parlament, U Volkstheater
152|1386|52|Hütteldorf, Bujattigasse
152|1386|52|Parlament, U Volkstheater
152|1449|52|Hütteldorf, Bujattigasse
152|1473|52|Hütteldorf, Bujattigasse
152|1473|52|Parlament, U Volkstheater
152|1444|52|Hütteldorf, Bujattigasse
152|1478|52|Parlament, U Volkstheater
152|559|52|Hütteldorf, Bujattigasse
152|575|52|Hütteldorf, Bujattigasse
152|559|52|Parlament, U Volkstheater
152|575|52|Parlament, U Volkstheater
152|1486|52|Hütteldorf, Bujattigasse
152|1487|52|Parlament, U Volkstheater
152|567|52|Hütteldorf, Bujattigasse
152|582|52|Hütteldorf, Bujattigasse
152|567|52|Parlament, U Volkstheater
152|582|52|Parlament, U Volkstheater
152|1453|52|Hütteldorf, Bujattigasse
152|1470|52|Parlament, U Volkstheater
152|571|52|Hütteldorf, Bujattigasse
152|578|52|Hütteldorf, Bujattigasse
152|571|52|Parlament, U Volkstheater
152|1544|52|Hütteldorf, Bujattigasse
152|1551|52|Parlament, U Volkstheater
152|1540|52|Hütteldorf, Bujattigasse
152|1469|52|Parlament, U Volkstheater
152|1555|52|Parlament, U Volkstheater
152|569|52|Hütteldorf, Bujattigasse
152|580|52|Hütteldorf, Bujattigasse
152|569|52|Parlament, U Volkstheater
152|1375|52|Hütteldorf, Bujattigasse
152|1375|52|Parlament, U Volkstheater
152|1537|52|Hütteldorf, Bujattigasse
152|577|52|Hütteldorf, Bujattigasse
152|1537|52|Parlament, U Volkstheater
152|577|52|Parlament, U Volkstheater
152|1614|52|Hütteldorf, Bujattigasse
152|1635|52|Hütteldorf, Bujattigasse
152|1614|52|Parlament, U Volkstheater
152|1635|52|Parlament, U Volkstheater
152|570|52|Hütteldorf, Bujattigasse
152|579|52|Hütteldorf, Bujattigasse
152|1558|52|Parlament, U Volkstheater
152|570|52|Parlament, U Volkstheater
152|1459|52|Hütteldorf, Bujattigasse
152|1464|52|Parlament, U Volkstheater
152|1535|52|Hütteldorf, Bujattigasse
152|1559|52|Hütteldorf, Bujattigasse
152|1535|52|Parlament, U Volkstheater
152|1559|52|Parlament, U Volkstheater
152|1534|52|Hütteldorf, Bujattigasse
152|1534|52|Parlament, U Volkstheater
152|1560|52|Parlament, U Volkstheater
152|1463|52|Parlament, U Volkstheater
152|572|52|Hütteldorf, Bujattigasse
152|576|52|Hütteldorf, Bujattigasse
152|572|52|Parlament, U Volkstheater
152|576|52|Parlament, U Volkstheater
152|1447|52|Hütteldorf, Bujattigasse
152|1475|52|Hütteldorf, Bujattigasse
152|1475|52|Parlament, U Volkstheater
152|1455|52|Hütteldorf, Bujattigasse
152|1468|52|Parlament, U Volkstheater
152|1442|52|Hütteldorf, Bujattigasse
152|1480|52|Parlament, U Volkstheater
152|1612|52|Hütteldorf, Bujattigasse
152|1637|52|Hütteldorf, Bujattigasse
152|1612|52|Parlament, U Volkstheater
152|1637|52|Parlament, U Volkstheater
152|1532|52|Hütteldorf, Bujattigasse
152|1532|52|Parlament, U Volkstheater
152|1562|52|Parlament, U Volkstheater
152|1441|52|Hütteldorf, Bujattigasse
152|1481|52|Parlament, U Volkstheater
152|1601|52|Hütteldorf, Bujattigasse
152|1601|52|Parlament, U Volkstheater
152|1445|52|Hütteldorf, Bujattigasse
152|1550|52|Hütteldorf, Bujattigasse
152|462|52|Hütteldorf, Bujattigasse
152|535|52|Hütteldorf, Bujattigasse
152|541|52|Hütteldorf, Bujattigasse
152|1477|52|Parlament, U Volkstheater
152|1550|52|Parlament, U Volkstheater
152|485|52|Parlament, U Volkstheater
152|535|52|Parlament, U Volkstheater
152|1600|52|Hütteldorf, Bujattigasse
152|1602|52|Hütteldorf, Bujattigasse
152|1600|52|Parlament, U Volkstheater
152|1602|52|Parlament, U Volkstheater
152|1440|52|Hütteldorf, Bujattigasse
152|1482|52|Parlament, U Volkstheater
152|1456|52|Hütteldorf, Bujattigasse
152|1467|52|Parlament, U Volkstheater
152|1739|52|Hütteldorf, Bujattigasse
152|1739|52|Parlament, U Volkstheater
152|1598|52|Hütteldorf, Bujattigasse
152|1604|52|Hütteldorf, Bujattigasse
152|1598|52|Parlament, U Volkstheater
152|1604|52|Parlament, U Volkstheater
152|36|52|Hütteldorf, Bujattigasse
152|370|52|Hütteldorf, Bujattigasse
152|464|52|Hütteldorf, Bujattigasse
152|484|52|Hütteldorf, Bujattigasse
152|36|52|Parlament, U Volkstheater
152|370|52|Parlament, U Volkstheater
152|464|52|Parlament, U Volkstheater
152|483|52|Parlament, U Volkstheater
152|484|52|Parlament, U Volkstheater
152|1548|52|Hütteldorf, Bujattigasse
152|1548|52|Parlament, U Volkstheater
152|1549|52|Parlament, U Volkstheater
152|1443|52|Hütteldorf, Bujattigasse
152|1479|52|Parlament, U Volkstheater
152|1536|52|Hütteldorf, Bujattigasse
152|7704|52|Hütteldorf, Bujattigasse
152|1536|52|Parlament, U Volkstheater
152|7704|52|Parlament, U Volkstheater
152|1542|52|Hütteldorf, Bujattigasse
152|1553|52|Parlament, U Volkstheater
160|1539|60|Baumgarten
160|1556|60|Baumgarten
160|1539|60|Rodaun
160|1556|60|Rodaun
160|1627|60|Baumgarten
160|1622|60|Rodaun
160|6506|60|Baumgarten
160|6006|60|Rodaun
160|6508|60|Baumgarten
160|6008|60|Rodaun
160|6024|60|Baumgarten
160|6509|60|Baumgarten
160|6009|60|Rodaun
160|6509|60|Rodaun
160|6408|60|Baumgarten
160|6408|60|Rodaun
160|1465|60|Baumgarten
160|1545|60|Baumgarten
160|1465|60|Rodaun
160|1545|60|Rodaun
160|7542|60|Baumgarten
160|7542|60|Rodaun
160|7008|60|Baumgarten
160|7008|60|Rodaun
160|1538|60|Baumgarten
160|1557|60|Baumgarten
160|1538|60|Rodaun
160|1557|60|Rodaun
160|1605|60|Baumgarten
160|1639|60|Baumgarten
160|5611|60|Baumgarten
160|1597|60|Rodaun
160|1639|60|Rodaun
160|5611|60|Rodaun
160|3705|60|Baumgarten
160|3705|60|Rodaun
160|1603|60|Baumgarten
160|1599|60|Rodaun
160|1630|60|Baumgarten
160|1619|60|Rodaun
160|1561|60|Baumgarten
160|1533|60|Rodaun
160|1611|60|Baumgarten
160|1638|60|Baumgarten
160|1611|60|Rodaun
160|1638|60|Rodaun
160|1543|60|Baumgarten
160|1552|60|Baumgarten
160|1543|60|Rodaun
160|1552|60|Rodaun
160|1541|60|Baumgarten
160|1554|60|Baumgarten
160|1541|60|Rodaun
160|1554|60|Rodaun
160|566|60|Baumgarten
160|583|60|Baumgarten
160|566|60|Rodaun
160|583|60|Rodaun
160|1738|60|Baumgarten
160|1610|60|Baumgarten
160|574|60|Baumgarten
160|1610|60|Rodaun
160|574|60|Rodaun
160|1615|60|Baumgarten
160|1634|60|Baumgarten
160|1728|60|Baumgarten
160|1615|60|Rodaun
160|1728|60|Rodaun
160|568|60|Baumgarten
160|581|60|Baumgarten
160|568|60|Rodaun
160|581|60|Rodaun
160|1613|60|Baumgarten
160|1636|60|Baumgarten
160|1613|60|Rodaun
160|1636|60|Rodaun
160|1386|60|Baumgarten
160|1386|60|Rodaun
160|1626|60|Baumgarten
160|1623|60|Rodaun
160|559|60|Baumgarten
160|575|60|Baumgarten
160|559|60|Rodaun
160|575|60|Rodaun
160|1737|60|Baumgarten
160|1730|60|Rodaun
160|567|60|Baumgarten
160|582|60|Baumgarten
160|567|60|Rodaun
160|582|60|Rodaun
160|571|60|Baumgarten
160|578|60|Baumgarten
160|571|60|Rodaun
160|578|60|Rodaun
160|1544|60|Baumgarten
160|1551|60|Baumgarten
160|1544|60|Rodaun
160|1551|60|Rodaun
160|1540|60|Baumgarten
160|1555|60|Baumgarten
160|1540|60|Rodaun
160|1555|60|Rodaun
160|569|60|Baumgarten
160|580|60|Baumgarten
160|569|60|Rodaun
160|580|60|Rodaun
160|1629|60|Baumgarten
160|1620|60|Rodaun
160|1628|60|Baumgarten
160|1621|60|Rodaun
160|3720|60|Baumgarten
160|3720|60|Rodaun
160|577|60|Baumgarten
160|1537|60|Rodaun
160|577|60|Rodaun
160|1614|60|Baumgarten
160|1635|60|Baumgarten
160|1614|60|Rodaun
160|1635|60|Rodaun
160|1558|60|Baumgarten
160|570|60|Baumgarten
160|579|60|Baumgarten
160|1558|60|Rodaun
160|570|60|Rodaun
160|579|60|Rodaun
160|1632|60|Baumgarten
160|1617|60|Rodaun
160|1625|60|Baumgarten
160|1624|60|Rodaun
160|1625|60|Rodaun
160|1607|60|Baumgarten
160|1606|60|Rodaun
160|1559|60|Baumgarten
160|1535|60|Rodaun
160|1559|60|Rodaun
160|1560|60|Baumgarten
160|1534|60|Rodaun
160|572|60|Baumgarten
160|576|60|Baumgarten
160|572|60|Rodaun
160|576|60|Rodaun
160|1631|60|Baumgarten
160|1618|60|Rodaun
160|1633|60|Baumgarten
160|1616|60|Rodaun
160|1612|60|Baumgarten
160|1637|60|Baumgarten
160|1612|60|Rodaun
160|1637|60|Rodaun
160|1562|60|Baumgarten
160|1532|60|Rodaun
160|1601|60|Baumgarten
160|1601|60|Rodaun
160|1602|60|Baumgarten
160|1600|60|Rodaun
160|1736|60|Baumgarten
160|1731|60|Rodaun
160|1739|60|Baumgarten
160|1739|60|Rodaun
160|1604|60|Baumgarten
160|1598|60|Rodaun
160|1531|60|Baumgarten
160|370|60|Baumgarten
160|483|60|Baumgarten
160|1531|60|Rodaun
160|370|60|Rodaun
160|1549|60|Baumgarten
160|1548|60|Rodaun
160|1536|60|Baumgarten
160|1536|60|Rodaun
160|1732|60|Baumgarten
160|1735|60|Baumgarten
160|1732|60|Rodaun
160|1542|60|Baumgarten
160|1553|60|Baumgarten
160|1542|60|Rodaun
160|1553|60|Rodaun
162|3431|62|Matthäusgasse
162|3433|62|Matthäusgasse
162|3435|62|Matthäusgasse
162|3436|62|Matthäusgasse
162|3431|62|Wolkersbergenstraße
162|3433|62|Wolkersbergenstraße
162|3437|62|Matthäusgasse
162|71|62|Matthäusgasse
162|3437|62|Wolkersbergenstraße
162|71|62|Wolkersbergenstraße
162|1744|62|Matthäusgasse
162|1744|62|Wolkersbergenstraße
162|398|62|Matthäusgasse
162|428|62|Matthäusgasse
162|398|62|Wolkersbergenstraße
162|428|62|Wolkersbergenstraße
162|1718|62|Matthäusgasse
162|1748|62|Matthäusgasse
162|1718|62|Wolkersbergenstraße
162|1748|62|Wolkersbergenstraße
162|1726|62|Matthäusgasse
162|1740|62|Matthäusgasse
162|1726|62|Wolkersbergenstraße
162|1740|62|Wolkersbergenstraße
162|6409|62|Matthäusgasse
162|6409|62|Wolkersbergenstraße
162|470|62|Matthäusgasse
162|477|62|Matthäusgasse
162|470|62|Wolkersbergenstraße
162|477|62|Wolkersbergenstraße
162|6508|62|Matthäusgasse
162|6008|62|Wolkersbergenstraße
162|6509|62|Matthäusgasse
162|6009|62|Wolkersbergenstraße
162|6408|62|Matthäusgasse
162|6408|62|Wolkersbergenstraße
162|407|62|Matthäusgasse
162|411|62|Matthäusgasse
162|407|62|Wolkersbergenstraße
162|411|62|Wolkersbergenstraße
162|7008|62|Matthäusgasse
162|7008|62|Wolkersbergenstraße
162|832|62|Matthäusgasse
162|848|62|Matthäusgasse
162|832|62|Wolkersbergenstraße
162|848|62|Wolkersbergenstraße
162|461|62|Matthäusgasse
162|628|62|Matthäusgasse
162|461|62|Wolkersbergenstraße
162|14|62|Matthäusgasse
162|50|62|Wolkersbergenstraße
162|301|62|Matthäusgasse
162|341|62|Wolkersbergenstraße
162|1875|62|Matthäusgasse
162|1883|62|Matthäusgasse
162|1875|62|Wolkersbergenstraße
162|1883|62|Wolkersbergenstraße
162|1639|62|Matthäusgasse
162|5611|62|Matthäusgasse
162|1639|62|Wolkersbergenstraße
162|5611|62|Wolkersbergenstraße
162|471|62|Matthäusgasse
162|4727|62|Matthäusgasse
162|476|62|Matthäusgasse
162|471|62|Wolkersbergenstraße
162|4727|62|Wolkersbergenstraße
162|476|62|Wolkersbergenstraße
162|399|62|Matthäusgasse
162|427|62|Matthäusgasse
162|399|62|Wolkersbergenstraße
162|427|62|Wolkersbergenstraße
162|2645|62|Matthäusgasse
162|304|62|Matthäusgasse
162|2645|62|Wolkersbergenstraße
162|846|62|Wolkersbergenstraße
162|3705|62|Matthäusgasse
162|3705|62|Wolkersbergenstraße
162|1717|62|Matthäusgasse
162|1749|62|Matthäusgasse
162|1717|62|Wolkersbergenstraße
162|1749|62|Wolkersbergenstraße
162|405|62|Matthäusgasse
162|421|62|Matthäusgasse
162|1611|62|Matthäusgasse
162|1638|62|Matthäusgasse
162|1611|62|Wolkersbergenstraße
162|1638|62|Wolkersbergenstraße
162|300|62|Matthäusgasse
162|342|62|Wolkersbergenstraße
162|396|62|Matthäusgasse
162|430|62|Matthäusgasse
162|396|62|Wolkersbergenstraße
162|430|62|Wolkersbergenstraße
162|57|62|Matthäusgasse
162|58|62|Matthäusgasse
162|57|62|Wolkersbergenstraße
162|58|62|Wolkersbergenstraße
162|302|62|Matthäusgasse
162|833|62|Matthäusgasse
162|847|62|Matthäusgasse
162|340|62|Wolkersbergenstraße
162|833|62|Wolkersbergenstraße
162|847|62|Wolkersbergenstraße
162|834|62|Matthäusgasse
162|845|62|Wolkersbergenstraße
162|1738|62|Matthäusgasse
162|1738|62|Wolkersbergenstraße
162|1723|62|Matthäusgasse
162|1743|62|Matthäusgasse
162|1723|62|Wolkersbergenstraße
162|1743|62|Wolkersbergenstraße
162|1610|62|Matthäusgasse
162|574|62|Matthäusgasse
162|1610|62|Wolkersbergenstraße
162|574|62|Wolkersbergenstraße
162|174|62|Matthäusgasse
162|174|62|Wolkersbergenstraße
162|3438|62|Matthäusgasse
162|3439|62|Matthäusgasse
162|3438|62|Wolkersbergenstraße
162|3439|62|Wolkersbergenstraße
162|1615|62|Matthäusgasse
162|1634|62|Matthäusgasse
162|1728|62|Matthäusgasse
162|1615|62|Wolkersbergenstraße
162|1634|62|Wolkersbergenstraße
162|1728|62|Wolkersbergenstraße
162|1613|62|Matthäusgasse
162|1636|62|Matthäusgasse
162|1613|62|Wolkersbergenstraße
162|1636|62|Wolkersbergenstraße
162|1752|62|Matthäusgasse
162|1713|62|Wolkersbergenstraße
162|1752|62|Wolkersbergenstraße
162|2610|62|Wolkersbergenstraße
162|1756|62|Matthäusgasse
162|1756|62|Wolkersbergenstraße
162|831|62|Matthäusgasse
162|849|62|Matthäusgasse
162|1715|62|Wolkersbergenstraße
162|831|62|Wolkersbergenstraße
162|849|62|Wolkersbergenstraße
162|1730|62|Matthäusgasse
162|1737|62|Matthäusgasse
162|1730|62|Wolkersbergenstraße
162|1737|62|Wolkersbergenstraße
162|1884|62|Matthäusgasse
162|401|62|Matthäusgasse
162|425|62|Matthäusgasse
162|1884|62|Wolkersbergenstraße
162|401|62|Wolkersbergenstraße
162|425|62|Wolkersbergenstraße
162|1876|62|Matthäusgasse
162|1882|62|Matthäusgasse
162|1876|62|Wolkersbergenstraße
162|1882|62|Wolkersbergenstraße
162|305|62|Matthäusgasse
162|337|62|Matthäusgasse
162|337|62|Wolkersbergenstraße
162|161|62|Matthäusgasse
162|176|62|Matthäusgasse
162|176|62|Wolkersbergenstraße
162|1714|62|Wolkersbergenstraße
162|1751|62|Matthäusgasse
162|1751|62|Wolkersbergenstraße
162|7556|62|Matthäusgasse
162|7556|62|Wolkersbergenstraße
162|3713|62|Matthäusgasse
162|397|62|Matthäusgasse
162|429|62|Matthäusgasse
162|397|62|Wolkersbergenstraße
162|429|62|Wolkersbergenstraße
162|481|62|Matthäusgasse
162|482|62|Matthäusgasse
162|481|62|Wolkersbergenstraße
162|482|62|Wolkersbergenstraße
162|162|62|Matthäusgasse
162|175|62|Matthäusgasse
162|175|62|Wolkersbergenstraße
162|1716|62|Matthäusgasse
162|1750|62|Matthäusgasse
162|1716|62|Wolkersbergenstraße
162|1750|62|Wolkersbergenstraße
162|4730|62|Matthäusgasse
162|4730|62|Wolkersbergenstraße
162|400|62|Matthäusgasse
162|426|62|Matthäusgasse
162|851|62|Matthäusgasse
162|400|62|Wolkersbergenstraße
162|426|62|Wolkersbergenstraße
162|851|62|Wolkersbergenstraße
162|1753|62|Matthäusgasse
162|1712|62|Wolkersbergenstraße
162|1753|62|Wolkersbergenstraße
162|475|62|Matthäusgasse
162|475|62|Wolkersbergenstraße
162|402|62|Matthäusgasse
162|424|62|Matthäusgasse
162|402|62|Wolkersbergenstraße
162|424|62|Wolkersbergenstraße
162|13|62|Matthäusgasse
162|1710|62|Matthäusgasse
162|1710|62|Wolkersbergenstraße
162|51|62|Wolkersbergenstraße
162|1375|62|Matthäusgasse
162|33|62|Matthäusgasse
162|1375|62|Wolkersbergenstraße
162|4701|62|Wolkersbergenstraße
162|1754|62|Matthäusgasse
162|1711|62|Wolkersbergenstraße
162|1754|62|Wolkersbergenstraße
162|1537|62|Matthäusgasse
162|577|62|Matthäusgasse
162|1537|62|Wolkersbergenstraße
162|577|62|Wolkersbergenstraße
162|1614|62|Matthäusgasse
162|1635|62|Matthäusgasse
162|1614|62|Wolkersbergenstraße
162|1635|62|Wolkersbergenstraße
162|109|62|Matthäusgasse
162|111|62|Matthäusgasse
162|303|62|Matthäusgasse
162|339|62|Matthäusgasse
162|109|62|Wolkersbergenstraße
162|111|62|Wolkersbergenstraße
162|303|62|Wolkersbergenstraße
162|339|62|Wolkersbergenstraße
162|7526|62|Matthäusgasse
162|7526|62|Wolkersbergenstraße
162|403|62|Matthäusgasse
162|423|62|Matthäusgasse
162|343|62|Wolkersbergenstraße
162|403|62|Wolkersbergenstraße
162|423|62|Wolkersbergenstraße
162|306|62|Matthäusgasse
162|336|62|Matthäusgasse
162|336|62|Wolkersbergenstraße
162|4843|62|Matthäusgasse
162|1709|62|Wolkersbergenstraße
162|4843|62|Wolkersbergenstraße
162|2243|62|Matthäusgasse
162|404|62|Matthäusgasse
162|422|62|Matthäusgasse
162|2243|62|Wolkersbergenstraße
162|1725|62|Matthäusgasse
162|1741|62|Matthäusgasse
162|1725|62|Wolkersbergenstraße
162|1741|62|Wolkersbergenstraße
162|1559|62|Matthäusgasse
162|1559|62|Wolkersbergenstraße
162|1724|62|Matthäusgasse
162|1742|62|Matthäusgasse
162|1724|62|Wolkersbergenstraße
162|1742|62|Wolkersbergenstraße
162|572|62|Matthäusgasse
162|576|62|Matthäusgasse
162|572|62|Wolkersbergenstraße
162|576|62|Wolkersbergenstraße
162|406|62|Matthäusgasse
162|420|62|Matthäusgasse
162|2010|62|Matthäusgasse
162|81|62|Matthäusgasse
162|105|62|Wolkersbergenstraße
162|2010|62|Wolkersbergenstraße
162|308|62|Matthäusgasse
162|334|62|Matthäusgasse
162|334|62|Wolkersbergenstraße
162|1721|62|Matthäusgasse
162|1745|62|Matthäusgasse
162|1721|62|Wolkersbergenstraße
162|1745|62|Wolkersbergenstraße
162|1616|62|Matthäusgasse
162|1616|62|Wolkersbergenstraße
162|2016|62|Matthäusgasse
162|293|62|Matthäusgasse
162|1612|62|Matthäusgasse
162|1637|62|Matthäusgasse
162|1612|62|Wolkersbergenstraße
162|1637|62|Wolkersbergenstraße
162|1878|62|Matthäusgasse
162|1880|62|Matthäusgasse
162|1878|62|Wolkersbergenstraße
162|1880|62|Wolkersbergenstraße
162|307|62|Matthäusgasse
162|335|62|Matthäusgasse
162|335|62|Wolkersbergenstraße
162|1477|62|Matthäusgasse
162|1550|62|Matthäusgasse
162|485|62|Matthäusgasse
162|1445|62|Wolkersbergenstraße
162|1477|62|Wolkersbergenstraße
162|1550|62|Wolkersbergenstraße
162|462|62|Wolkersbergenstraße
162|1731|62|Matthäusgasse
162|1736|62|Matthäusgasse
162|1731|62|Wolkersbergenstraße
162|1736|62|Wolkersbergenstraße
162|1727|62|Matthäusgasse
162|1739|62|Matthäusgasse
162|1727|62|Wolkersbergenstraße
162|1739|62|Wolkersbergenstraße
162|370|62|Matthäusgasse
162|483|62|Matthäusgasse
162|370|62|Wolkersbergenstraße
162|464|62|Wolkersbergenstraße
162|483|62|Wolkersbergenstraße
162|1720|62|Matthäusgasse
162|1746|62|Matthäusgasse
162|1720|62|Wolkersbergenstraße
162|1746|62|Wolkersbergenstraße
162|835|62|Matthäusgasse
162|844|62|Wolkersbergenstraße
162|1536|62|Matthäusgasse
162|1536|62|Wolkersbergenstraße
162|1877|62|Matthäusgasse
162|1881|62|Matthäusgasse
162|1877|62|Wolkersbergenstraße
162|1881|62|Wolkersbergenstraße
162|1732|62|Matthäusgasse
162|1735|62|Matthäusgasse
162|1732|62|Wolkersbergenstraße
162|1735|62|Wolkersbergenstraße
171|3433|71|Kaiserebersdorf, Zinnergasse
171|3434|71|Kaiserebersdorf, Zinnergasse
171|3435|71|Kaiserebersdorf, Zinnergasse
171|3431|71|Schottenring U
171|3434|71|Schottenring U
171|3436|71|Schottenring U
171|6126|71|Kaiserebersdorf, Zinnergasse
171|6126|71|Schottenring U
171|71|71|Kaiserebersdorf, Zinnergasse
171|3437|71|Schottenring U
171|2640|71|Kaiserebersdorf, Zinnergasse
171|2641|71|Kaiserebersdorf, Zinnergasse
171|2641|71|Schottenring U
171|6010|71|Kaiserebersdorf, Zinnergasse
171|6510|71|Schottenring U
171|6011|71|Kaiserebersdorf, Zinnergasse
171|6511|71|Schottenring U
171|5637|71|Kaiserebersdorf, Zinnergasse
171|5637|71|Schottenring U
171|843|71|Kaiserebersdorf, Zinnergasse
171|836|71|Schottenring U
171|6410|71|Kaiserebersdorf, Zinnergasse
171|6410|71|Schottenring U
171|1270|71|Kaiserebersdorf, Zinnergasse
171|19|71|Kaiserebersdorf, Zinnergasse
171|45|71|Kaiserebersdorf, Zinnergasse
171|5|71|Kaiserebersdorf, Zinnergasse
171|1270|71|Schottenring U
171|19|71|Schottenring U
171|45|71|Schottenring U
171|5|71|Schottenring U
171|3700|71|Kaiserebersdorf, Zinnergasse
171|3700|71|Schottenring U
171|31|71|Kaiserebersdorf, Zinnergasse
171|31|71|Schottenring U
171|2023|71|Kaiserebersdorf, Zinnergasse
171|2035|71|Schottenring U
171|14|71|Kaiserebersdorf, Zinnergasse
171|50|71|Kaiserebersdorf, Zinnergasse
171|14|71|Schottenring U
171|50|71|Schottenring U
171|301|71|Kaiserebersdorf, Zinnergasse
171|341|71|Schottenring U
171|412|71|Kaiserebersdorf, Zinnergasse
171|2036|71|Schottenring U
171|412|71|Schottenring U
171|2009|71|Kaiserebersdorf, Zinnergasse
171|842|71|Kaiserebersdorf, Zinnergasse
171|304|71|Kaiserebersdorf, Zinnergasse
171|846|71|Schottenring U
171|2025|71|Kaiserebersdorf, Zinnergasse
171|2033|71|Kaiserebersdorf, Zinnergasse
171|2025|71|Schottenring U
171|2033|71|Schottenring U
171|408|71|Kaiserebersdorf, Zinnergasse
171|418|71|Kaiserebersdorf, Zinnergasse
171|418|71|Schottenring U
171|409|71|Kaiserebersdorf, Zinnergasse
171|416|71|Kaiserebersdorf, Zinnergasse
171|416|71|Schottenring U
171|405|71|Kaiserebersdorf, Zinnergasse
171|421|71|Kaiserebersdorf, Zinnergasse
171|421|71|Schottenring U
171|2584|71|Kaiserebersdorf, Zinnergasse
171|2584|71|Schottenring U
171|133|71|Schottenring U
171|300|71|Kaiserebersdorf, Zinnergasse
171|342|71|Schottenring U
171|106|71|Kaiserebersdorf, Zinnergasse
171|114|71|Kaiserebersdorf, Zinnergasse
171|106|71|Schottenring U
171|114|71|Schottenring U
171|2021|71|Kaiserebersdorf, Zinnergasse
171|2038|71|Kaiserebersdorf, Zinnergasse
171|2038|71|Schottenring U
171|58|71|Kaiserebersdorf, Zinnergasse
171|57|71|Schottenring U
171|302|71|Kaiserebersdorf, Zinnergasse
171|340|71|Schottenring U
171|4795|71|Kaiserebersdorf, Zinnergasse
171|4795|71|Schottenring U
171|4796|71|Kaiserebersdorf, Zinnergasse
171|4796|71|Schottenring U
171|4797|71|Kaiserebersdorf, Zinnergasse
171|4797|71|Schottenring U
171|4798|71|Kaiserebersdorf, Zinnergasse
171|4798|71|Schottenring U
171|4799|71|Kaiserebersdorf, Zinnergasse
171|4799|71|Schottenring U
171|1003|71|Schottenring U
171|834|71|Kaiserebersdorf, Zinnergasse
171|845|71|Schottenring U
171|132|71|Kaiserebersdorf, Zinnergasse
171|174|71|Kaiserebersdorf, Zinnergasse
171|132|71|Schottenring U
171|174|71|Schottenring U
171|3438|71|Kaiserebersdorf, Zinnergasse
171|3439|71|Schottenring U
171|23|71|Kaiserebersdorf, Zinnergasse
171|41|71|Kaiserebersdorf, Zinnergasse
171|55|71|Kaiserebersdorf, Zinnergasse
171|9|71|Kaiserebersdorf, Zinnergasse
171|23|71|Schottenring U
171|41|71|Schottenring U
171|55|71|Schottenring U
171|9|71|Schottenring U
171|2300|71|Kaiserebersdorf, Zinnergasse
171|2300|71|Schottenring U
171|2610|71|Schottenring U
171|2611|71|Kaiserebersdorf, Zinnergasse
171|2611|71|Schottenring U
171|1020|71|Kaiserebersdorf, Zinnergasse
171|1001|71|Schottenring U
171|2014|71|Kaiserebersdorf, Zinnergasse
171|2045|71|Kaiserebersdorf, Zinnergasse
171|2045|71|Schottenring U
171|176|71|Kaiserebersdorf, Zinnergasse
171|161|71|Schottenring U
171|2298|71|Kaiserebersdorf, Zinnergasse
171|2313|71|Schottenring U
171|7556|71|Kaiserebersdorf, Zinnergasse
171|7556|71|Schottenring U
171|3713|71|Kaiserebersdorf, Zinnergasse
171|2018|71|Kaiserebersdorf, Zinnergasse
171|2041|71|Kaiserebersdorf, Zinnergasse
171|2041|71|Schottenring U
171|1022|71|Kaiserebersdorf, Zinnergasse
171|1022|71|Schottenring U
171|175|71|Kaiserebersdorf, Zinnergasse
171|162|71|Schottenring U
171|4730|71|Kaiserebersdorf, Zinnergasse
171|4730|71|Schottenring U
171|2019|71|Kaiserebersdorf, Zinnergasse
171|2040|71|Kaiserebersdorf, Zinnergasse
171|2040|71|Schottenring U
171|392|71|Schottenring U
171|2015|71|Kaiserebersdorf, Zinnergasse
171|2044|71|Kaiserebersdorf, Zinnergasse
171|2044|71|Schottenring U
171|13|71|Kaiserebersdorf, Zinnergasse
171|51|71|Kaiserebersdorf, Zinnergasse
171|13|71|Schottenring U
171|51|71|Schottenring U
171|15|71|Kaiserebersdorf, Zinnergasse
171|49|71|Kaiserebersdorf, Zinnergasse
171|1375|71|Schottenring U
171|15|71|Schottenring U
171|33|71|Schottenring U
171|49|71|Schottenring U
171|4701|71|Kaiserebersdorf, Zinnergasse
171|4701|71|Schottenring U
171|107|71|Kaiserebersdorf, Zinnergasse
171|113|71|Kaiserebersdorf, Zinnergasse
171|107|71|Schottenring U
171|113|71|Schottenring U
171|410|71|Kaiserebersdorf, Zinnergasse
171|415|71|Kaiserebersdorf, Zinnergasse
171|415|71|Schottenring U
171|345|71|Kaiserebersdorf, Zinnergasse
171|345|71|Schottenring U
171|109|71|Kaiserebersdorf, Zinnergasse
171|111|71|Kaiserebersdorf, Zinnergasse
171|109|71|Schottenring U
171|111|71|Schottenring U
171|339|71|Schottenring U
171|7526|71|Kaiserebersdorf, Zinnergasse
171|7526|71|Schottenring U
171|403|71|Kaiserebersdorf, Zinnergasse
171|423|71|Kaiserebersdorf, Zinnergasse
171|423|71|Schottenring U
171|17|71|Kaiserebersdorf, Zinnergasse
171|47|71|Kaiserebersdorf, Zinnergasse
171|17|71|Schottenring U
171|47|71|Schottenring U
171|2013|71|Kaiserebersdorf, Zinnergasse
171|2046|71|Kaiserebersdorf, Zinnergasse
171|336|71|Kaiserebersdorf, Zinnergasse
171|2046|71|Schottenring U
171|404|71|Kaiserebersdorf, Zinnergasse
171|422|71|Kaiserebersdorf, Zinnergasse
171|422|71|Schottenring U
171|312|71|Kaiserebersdorf, Zinnergasse
171|329|71|Schottenring U
171|21|71|Kaiserebersdorf, Zinnergasse
171|43|71|Kaiserebersdorf, Zinnergasse
171|21|71|Schottenring U
171|43|71|Schottenring U
171|2568|71|Schottenring U
171|837|71|Kaiserebersdorf, Zinnergasse
171|837|71|Schottenring U
171|108|71|Kaiserebersdorf, Zinnergasse
171|112|71|Kaiserebersdorf, Zinnergasse
171|108|71|Schottenring U
171|112|71|Schottenring U
171|20|71|Kaiserebersdorf, Zinnergasse
171|44|71|Kaiserebersdorf, Zinnergasse
171|79|71|Kaiserebersdorf, Zinnergasse
171|20|71|Schottenring U
171|44|71|Schottenring U
171|79|71|Schottenring U
171|18|71|Kaiserebersdorf, Zinnergasse
171|46|71|Kaiserebersdorf, Zinnergasse
171|18|71|Schottenring U
171|46|71|Schottenring U
171|406|71|Kaiserebersdorf, Zinnergasse
171|420|71|Kaiserebersdorf, Zinnergasse
171|420|71|Schottenring U
171|105|71|Kaiserebersdorf, Zinnergasse
171|12|71|Kaiserebersdorf, Zinnergasse
171|2010|71|Kaiserebersdorf, Zinnergasse
171|52|71|Kaiserebersdorf, Zinnergasse
171|81|71|Kaiserebersdorf, Zinnergasse
171|105|71|Schottenring U
171|12|71|Schottenring U
171|2010|71|Schottenring U
171|52|71|Schottenring U
171|81|71|Schottenring U
171|1000|71|Kaiserebersdorf, Zinnergasse
171|22|71|Kaiserebersdorf, Zinnergasse
171|1000|71|Schottenring U
171|134|71|Schottenring U
171|22|71|Schottenring U
171|42|71|Schottenring U
171|334|71|Kaiserebersdorf, Zinnergasse
171|308|71|Schottenring U
171|2024|71|Kaiserebersdorf, Zinnergasse
171|2034|71|Schottenring U
171|4734|71|Kaiserebersdorf, Zinnergasse
171|4735|71|Kaiserebersdorf, Zinnergasse
171|4734|71|Schottenring U
171|4735|71|Schottenring U
171|2016|71|Kaiserebersdorf, Zinnergasse
171|2043|71|Kaiserebersdorf, Zinnergasse
171|293|71|Kaiserebersdorf, Zinnergasse
171|2016|71|Schottenring U
171|2043|71|Schottenring U
171|293|71|Schottenring U
171|10|71|Kaiserebersdorf, Zinnergasse
171|54|71|Kaiserebersdorf, Zinnergasse
171|10|71|Schottenring U
171|54|71|Schottenring U
171|2299|71|Kaiserebersdorf, Zinnergasse
171|2312|71|Schottenring U
171|313|71|Kaiserebersdorf, Zinnergasse
171|1019|71|Kaiserebersdorf, Zinnergasse
171|1002|71|Schottenring U
171|335|71|Kaiserebersdorf, Zinnergasse
171|307|71|Schottenring U
171|2012|71|Kaiserebersdorf, Zinnergasse
171|2047|71|Kaiserebersdorf, Zinnergasse
171|2047|71|Schottenring U
171|2679|71|Kaiserebersdorf, Zinnergasse
171|2680|71|Schottenring U
171|2620|71|Kaiserebersdorf, Zinnergasse
171|2619|71|Schottenring U
171|2876|71|Kaiserebersdorf, Zinnergasse
171|2876|71|Schottenring U
171|11|71|Kaiserebersdorf, Zinnergasse
171|53|71|Kaiserebersdorf, Zinnergasse
171|11|71|Schottenring U
171|53|71|Schottenring U
171|2026|71|Kaiserebersdorf, Zinnergasse
171|2032|71|Schottenring U
171|2297|71|Kaiserebersdorf, Zinnergasse
171|2314|71|Schottenring U
171|835|71|Kaiserebersdorf, Zinnergasse
171|844|71|Schottenring U
171|2027|71|Kaiserebersdorf, Zinnergasse
171|2031|71|Schottenring U
171|2028|71|Kaiserebersdorf, Zinnergasse
171|2030|71|Schottenring U
171|2011|71|Kaiserebersdorf, Zinnergasse
171|2029|71|Kaiserebersdorf, Zinnergasse
171|4732|71|Kaiserebersdorf, Zinnergasse
171|7541|71|Kaiserebersdorf, Zinnergasse
171|2011|71|Schottenring U
171|4733|71|Schottenring U
171|2454|71|Kaiserebersdorf, Zinnergasse
171|2455|71|Schottenring U
171|2311|71|Schottenring U
171|2020|71|Kaiserebersdorf, Zinnergasse
171|2039|71|Kaiserebersdorf, Zinnergasse
171|2039|71|Schottenring U
136|3431|D|Beethovengang
136|3433|D|Beethovengang
136|3435|D|Beethovengang
136|3436|D|Beethovengang
136|3431|D|Fickeysstraße
136|3433|D|Fickeysstraße
136|3434|D|Fickeysstraße
136|3435|D|Fickeysstraße
136|3436|D|Fickeysstraße
136|6035|D|Beethovengang
136|6035|D|Fickeysstraße
136|3437|D|Beethovengang
136|71|D|Beethovengang
136|3437|D|Fickeysstraße
136|71|D|Fickeysstraße
136|135|D|Beethovengang
136|135|D|Fickeysstraße
136|136|D|Fickeysstraße
136|2641|D|Beethovengang
136|2640|D|Fickeysstraße
136|2641|D|Fickeysstraße
136|4708|D|Beethovengang
136|4708|D|Fickeysstraße
136|1339|D|Fickeysstraße
136|119|D|Beethovengang
136|100|D|Fickeysstraße
136|119|D|Fickeysstraße
136|104|D|Beethovengang
136|104|D|Fickeysstraße
136|6010|D|Beethovengang
136|6510|D|Fickeysstraße
136|6409|D|Beethovengang
136|6409|D|Fickeysstraße
136|6004|D|Beethovengang
136|6004|D|Fickeysstraße
136|6504|D|Fickeysstraße
136|6011|D|Beethovengang
136|6511|D|Fickeysstraße
136|117|D|Beethovengang
136|102|D|Fickeysstraße
136|117|D|Fickeysstraße
136|836|D|Fickeysstraße
136|843|D|Fickeysstraße
136|88|D|Beethovengang
136|90|D|Beethovengang
136|88|D|Fickeysstraße
136|90|D|Fickeysstraße
136|411|D|Beethovengang
136|407|D|Fickeysstraße
136|7524|D|Beethovengang
136|7524|D|Fickeysstraße
136|832|D|Beethovengang
136|848|D|Fickeysstraße
136|1270|D|Beethovengang
136|19|D|Beethovengang
136|3703|D|Beethovengang
136|5|D|Beethovengang
136|1270|D|Fickeysstraße
136|19|D|Fickeysstraße
136|3703|D|Fickeysstraße
136|45|D|Fickeysstraße
136|5|D|Fickeysstraße
136|3700|D|Beethovengang
136|31|D|Beethovengang
136|31|D|Fickeysstraße
136|2023|D|Beethovengang
136|2023|D|Fickeysstraße
136|2035|D|Fickeysstraße
136|14|D|Beethovengang
136|14|D|Fickeysstraße
136|50|D|Fickeysstraße
136|214|D|Fickeysstraße
136|301|D|Beethovengang
136|341|D|Beethovengang
136|301|D|Fickeysstraße
136|341|D|Fickeysstraße
136|3875|D|Fickeysstraße
136|3878|D|Fickeysstraße
136|2036|D|Fickeysstraße
136|2009|D|Beethovengang
136|2009|D|Fickeysstraße
136|842|D|Fickeysstraße
136|304|D|Beethovengang
136|2645|D|Fickeysstraße
136|304|D|Fickeysstraße
136|846|D|Fickeysstraße
136|2025|D|Beethovengang
136|2033|D|Beethovengang
136|2025|D|Fickeysstraße
136|2033|D|Fickeysstraße
136|118|D|Beethovengang
136|101|D|Fickeysstraße
136|118|D|Fickeysstraße
136|384|D|Fickeysstraße
136|352|D|Beethovengang
136|385|D|Fickeysstraße
136|408|D|Beethovengang
136|418|D|Fickeysstraße
136|409|D|Beethovengang
136|416|D|Fickeysstraße
136|405|D|Beethovengang
136|405|D|Fickeysstraße
136|421|D|Fickeysstraße
136|2584|D|Fickeysstraße
136|126|D|Beethovengang
136|126|D|Fickeysstraße
136|93|D|Fickeysstraße
136|300|D|Beethovengang
136|342|D|Beethovengang
136|300|D|Fickeysstraße
136|342|D|Fickeysstraße
136|123|D|Beethovengang
136|123|D|Fickeysstraße
136|96|D|Fickeysstraße
136|106|D|Beethovengang
136|114|D|Beethovengang
136|106|D|Fickeysstraße
136|114|D|Fickeysstraße
136|125|D|Beethovengang
136|125|D|Fickeysstraße
136|94|D|Fickeysstraße
136|2021|D|Beethovengang
136|2021|D|Fickeysstraße
136|2038|D|Fickeysstraße
136|57|D|Beethovengang
136|58|D|Beethovengang
136|57|D|Fickeysstraße
136|58|D|Fickeysstraße
136|302|D|Beethovengang
136|340|D|Beethovengang
136|833|D|Beethovengang
136|302|D|Fickeysstraße
136|340|D|Fickeysstraße
136|847|D|Fickeysstraße
136|124|D|Beethovengang
136|124|D|Fickeysstraße
136|95|D|Fickeysstraße
136|834|D|Beethovengang
136|834|D|Fickeysstraße
136|845|D|Fickeysstraße
136|174|D|Beethovengang
136|132|D|Fickeysstraße
136|3438|D|Beethovengang
136|3439|D|Beethovengang
136|3438|D|Fickeysstraße
136|3439|D|Fickeysstraße
136|3876|D|Fickeysstraße
136|3877|D|Fickeysstraße
136|41|D|Beethovengang
136|55|D|Beethovengang
136|9|D|Beethovengang
136|23|D|Fickeysstraße
136|9|D|Fickeysstraße
136|2610|D|Fickeysstraße
136|2611|D|Beethovengang
136|2611|D|Fickeysstraße
136|2045|D|Beethovengang
136|2014|D|Fickeysstraße
136|2045|D|Fickeysstraße
136|831|D|Beethovengang
136|849|D|Fickeysstraße
136|351|D|Beethovengang
136|386|D|Fickeysstraße
136|425|D|Beethovengang
136|401|D|Fickeysstraße
136|305|D|Beethovengang
136|337|D|Fickeysstraße
136|161|D|Beethovengang
136|176|D|Fickeysstraße
136|7556|D|Fickeysstraße
136|3713|D|Beethovengang
136|3713|D|Fickeysstraße
136|120|D|Beethovengang
136|120|D|Fickeysstraße
136|99|D|Fickeysstraße
136|2018|D|Beethovengang
136|2018|D|Fickeysstraße
136|2041|D|Fickeysstraße
136|1022|D|Beethovengang
136|3708|D|Beethovengang
136|3708|D|Fickeysstraße
136|162|D|Beethovengang
136|175|D|Fickeysstraße
136|4730|D|Beethovengang
136|4730|D|Fickeysstraße
136|426|D|Beethovengang
136|851|D|Fickeysstraße
136|1342|D|Fickeysstraße
136|455|D|Fickeysstraße
136|2019|D|Beethovengang
136|2019|D|Fickeysstraße
136|2040|D|Fickeysstraße
136|424|D|Beethovengang
136|402|D|Fickeysstraße
136|128|D|Beethovengang
136|128|D|Fickeysstraße
136|91|D|Fickeysstraße
136|213|D|Fickeysstraße
136|497|D|Beethovengang
136|215|D|Fickeysstraße
136|3709|D|Fickeysstraße
136|2044|D|Beethovengang
136|2015|D|Fickeysstraße
136|2044|D|Fickeysstraße
136|13|D|Beethovengang
136|13|D|Fickeysstraße
136|51|D|Fickeysstraße
136|1375|D|Beethovengang
136|15|D|Beethovengang
136|33|D|Beethovengang
136|3730|D|Beethovengang
136|1375|D|Fickeysstraße
136|15|D|Fickeysstraße
136|3730|D|Fickeysstraße
136|49|D|Fickeysstraße
136|4701|D|Fickeysstraße
136|107|D|Beethovengang
136|113|D|Beethovengang
136|107|D|Fickeysstraße
136|113|D|Fickeysstraße
136|410|D|Beethovengang
136|415|D|Fickeysstraße
136|109|D|Beethovengang
136|111|D|Beethovengang
136|303|D|Beethovengang
136|339|D|Beethovengang
136|109|D|Fickeysstraße
136|111|D|Fickeysstraße
136|303|D|Fickeysstraße
136|339|D|Fickeysstraße
136|7526|D|Beethovengang
136|7526|D|Fickeysstraße
136|343|D|Beethovengang
136|403|D|Beethovengang
136|423|D|Beethovengang
136|343|D|Fickeysstraße
136|403|D|Fickeysstraße
136|423|D|Fickeysstraße
136|4703|D|Beethovengang
136|4703|D|Fickeysstraße
136|122|D|Beethovengang
136|122|D|Fickeysstraße
136|97|D|Fickeysstraße
136|17|D|Beethovengang
136|17|D|Fickeysstraße
136|47|D|Fickeysstraße
136|2046|D|Beethovengang
136|306|D|Beethovengang
136|2013|D|Fickeysstraße
136|2046|D|Fickeysstraße
136|336|D|Fickeysstraße
136|2243|D|Beethovengang
136|404|D|Beethovengang
136|2243|D|Fickeysstraße
136|3715|D|Fickeysstraße
136|404|D|Fickeysstraße
136|422|D|Fickeysstraße
136|21|D|Beethovengang
136|43|D|Beethovengang
136|21|D|Fickeysstraße
136|2568|D|Fickeysstraße
136|837|D|Fickeysstraße
136|116|D|Beethovengang
136|103|D|Fickeysstraße
136|116|D|Fickeysstraße
136|108|D|Beethovengang
136|112|D|Beethovengang
136|108|D|Fickeysstraße
136|112|D|Fickeysstraße
136|20|D|Beethovengang
136|44|D|Beethovengang
136|79|D|Beethovengang
136|20|D|Fickeysstraße
136|44|D|Fickeysstraße
136|79|D|Fickeysstraße
136|18|D|Beethovengang
136|1212|D|Fickeysstraße
136|18|D|Fickeysstraße
136|46|D|Fickeysstraße
136|3701|D|Beethovengang
136|3701|D|Fickeysstraße
136|406|D|Beethovengang
136|406|D|Fickeysstraße
136|420|D|Fickeysstraße
136|105|D|Beethovengang
136|12|D|Beethovengang
136|2010|D|Beethovengang
136|52|D|Beethovengang
136|81|D|Beethovengang
136|105|D|Fickeysstraße
136|12|D|Fickeysstraße
136|2010|D|Fickeysstraße
136|81|D|Fickeysstraße
136|1213|D|Fickeysstraße
136|150|D|Fickeysstraße
136|1000|D|Beethovengang
136|22|D|Beethovengang
136|42|D|Beethovengang
136|1000|D|Fickeysstraße
136|22|D|Fickeysstraße
136|308|D|Beethovengang
136|334|D|Fickeysstraße
136|115|D|Beethovengang
136|115|D|Fickeysstraße
136|130|D|Fickeysstraße
136|149|D|Fickeysstraße
136|3712|D|Fickeysstraße
136|127|D|Beethovengang
136|127|D|Fickeysstraße
136|92|D|Fickeysstraße
136|2024|D|Beethovengang
136|2024|D|Fickeysstraße
136|2034|D|Fickeysstraße
136|1340|D|Fickeysstraße
136|553|D|Fickeysstraße
136|148|D|Fickeysstraße
136|188|D|Fickeysstraße
136|121|D|Beethovengang
136|121|D|Fickeysstraße
136|98|D|Fickeysstraße
136|2016|D|Beethovengang
136|293|D|Beethovengang
136|2016|D|Fickeysstraße
136|2043|D|Fickeysstraße
136|284|D|Fickeysstraße
136|293|D|Fickeysstraße
136|10|D|Beethovengang
136|54|D|Beethovengang
136|10|D|Fickeysstraße
136|307|D|Beethovengang
136|335|D|Fickeysstraße
136|2047|D|Beethovengang
136|2012|D|Fickeysstraße
136|2047|D|Fickeysstraße
136|2619|D|Fickeysstraße
136|2620|D|Fickeysstraße
136|1338|D|Fickeysstraße
136|524|D|Fickeysstraße
136|1299|D|Fickeysstraße
136|493|D|Fickeysstraße
136|350|D|Beethovengang
136|387|D|Fickeysstraße
136|11|D|Beethovengang
136|53|D|Beethovengang
136|11|D|Fickeysstraße
136|835|D|Beethovengang
136|835|D|Fickeysstraße
136|844|D|Fickeysstraße
136|2020|D|Beethovengang
136|2020|D|Fickeysstraße
136|2039|D|Fickeysstraße
170|7001|O|Bruno-Marek-Allee
170|3431|O|Raxstraße
170|3433|O|Raxstraße
170|3435|O|Raxstraße
170|3436|O|Raxstraße
170|3437|O|Raxstraße
170|71|O|Raxstraße
170|2641|O|Bruno-Marek-Allee
170|2640|O|Raxstraße
170|347|O|Bruno-Marek-Allee
170|390|O|Bruno-Marek-Allee
170|347|O|Raxstraße
170|390|O|Raxstraße
170|1932|O|Bruno-Marek-Allee
170|1924|O|Raxstraße
170|1932|O|Raxstraße
170|6003|O|Bruno-Marek-Allee
170|6503|O|Raxstraße
170|6403|O|Bruno-Marek-Allee
170|6403|O|Raxstraße
170|6010|O|Bruno-Marek-Allee
170|6510|O|Raxstraße
170|6409|O|Bruno-Marek-Allee
170|6409|O|Raxstraße
170|836|O|Bruno-Marek-Allee
170|843|O|Bruno-Marek-Allee
170|836|O|Raxstraße
170|843|O|Raxstraße
170|411|O|Bruno-Marek-Allee
170|407|O|Raxstraße
170|832|O|Bruno-Marek-Allee
170|848|O|Raxstraße
170|3446|O|Bruno-Marek-Allee
170|3447|O|Bruno-Marek-Allee
170|3446|O|Raxstraße
170|3447|O|Raxstraße
170|301|O|Bruno-Marek-Allee
170|301|O|Raxstraße
170|341|O|Raxstraße
170|323|O|Bruno-Marek-Allee
170|318|O|Raxstraße
170|842|O|Bruno-Marek-Allee
170|842|O|Raxstraße
170|304|O|Bruno-Marek-Allee
170|2645|O|Raxstraße
170|304|O|Raxstraße
170|846|O|Raxstraße
170|310|O|Bruno-Marek-Allee
170|332|O|Bruno-Marek-Allee
170|310|O|Raxstraße
170|332|O|Raxstraße
170|2257|O|Bruno-Marek-Allee
170|2257|O|Raxstraße
170|2261|O|Raxstraße
170|405|O|Raxstraße
170|421|O|Raxstraße
170|2165|O|Bruno-Marek-Allee
170|2195|O|Bruno-Marek-Allee
170|2165|O|Raxstraße
170|2195|O|Raxstraße
170|133|O|Bruno-Marek-Allee
170|300|O|Bruno-Marek-Allee
170|342|O|Bruno-Marek-Allee
170|300|O|Raxstraße
170|342|O|Raxstraße
170|114|O|Bruno-Marek-Allee
170|106|O|Raxstraße
170|57|O|Raxstraße
170|58|O|Raxstraße
170|302|O|Bruno-Marek-Allee
170|833|O|Bruno-Marek-Allee
170|302|O|Raxstraße
170|340|O|Raxstraße
170|847|O|Raxstraße
170|1003|O|Bruno-Marek-Allee
170|834|O|Bruno-Marek-Allee
170|845|O|Raxstraße
170|165|O|Bruno-Marek-Allee
170|172|O|Raxstraße
170|5431|O|Bruno-Marek-Allee
170|5431|O|Raxstraße
170|132|O|Bruno-Marek-Allee
170|163|O|Bruno-Marek-Allee
170|174|O|Bruno-Marek-Allee
170|132|O|Raxstraße
170|163|O|Raxstraße
170|174|O|Raxstraße
170|3438|O|Raxstraße
170|3439|O|Raxstraße
170|2168|O|Bruno-Marek-Allee
170|319|O|Raxstraße
170|325|O|Bruno-Marek-Allee
170|316|O|Raxstraße
170|2167|O|Bruno-Marek-Allee
170|2193|O|Raxstraße
170|23|O|Bruno-Marek-Allee
170|41|O|Bruno-Marek-Allee
170|55|O|Bruno-Marek-Allee
170|23|O|Raxstraße
170|41|O|Raxstraße
170|9|O|Raxstraße
170|1001|O|Bruno-Marek-Allee
170|1020|O|Raxstraße
170|2045|O|Bruno-Marek-Allee
170|2014|O|Raxstraße
170|831|O|Bruno-Marek-Allee
170|849|O|Raxstraße
170|2196|O|Bruno-Marek-Allee
170|2196|O|Raxstraße
170|351|O|Bruno-Marek-Allee
170|351|O|Raxstraße
170|425|O|Bruno-Marek-Allee
170|401|O|Raxstraße
170|305|O|Bruno-Marek-Allee
170|305|O|Raxstraße
170|337|O|Raxstraße
170|3445|O|Bruno-Marek-Allee
170|3448|O|Bruno-Marek-Allee
170|3445|O|Raxstraße
170|3448|O|Raxstraße
170|161|O|Bruno-Marek-Allee
170|161|O|Raxstraße
170|176|O|Raxstraße
170|1931|O|Bruno-Marek-Allee
170|1925|O|Raxstraße
170|1931|O|Raxstraße
170|7556|O|Bruno-Marek-Allee
170|7556|O|Raxstraße
170|3713|O|Bruno-Marek-Allee
170|166|O|Bruno-Marek-Allee
170|171|O|Raxstraße
170|1022|O|Bruno-Marek-Allee
170|1022|O|Raxstraße
170|162|O|Bruno-Marek-Allee
170|162|O|Raxstraße
170|175|O|Raxstraße
170|4730|O|Bruno-Marek-Allee
170|4730|O|Raxstraße
170|426|O|Bruno-Marek-Allee
170|851|O|Raxstraße
170|392|O|Bruno-Marek-Allee
170|392|O|Raxstraße
170|424|O|Bruno-Marek-Allee
170|402|O|Raxstraße
170|1930|O|Bruno-Marek-Allee
170|1926|O|Raxstraße
170|1930|O|Raxstraße
170|3449|O|Bruno-Marek-Allee
170|346|O|Bruno-Marek-Allee
170|391|O|Bruno-Marek-Allee
170|3449|O|Raxstraße
170|346|O|Raxstraße
170|391|O|Raxstraße
170|348|O|Bruno-Marek-Allee
170|389|O|Bruno-Marek-Allee
170|348|O|Raxstraße
170|389|O|Raxstraße
170|2044|O|Bruno-Marek-Allee
170|2015|O|Raxstraße
170|113|O|Bruno-Marek-Allee
170|107|O|Raxstraße
170|168|O|Bruno-Marek-Allee
170|169|O|Bruno-Marek-Allee
170|169|O|Raxstraße
170|3450|O|Bruno-Marek-Allee
170|3450|O|Raxstraße
170|311|O|Bruno-Marek-Allee
170|311|O|Raxstraße
170|5432|O|Raxstraße
170|109|O|Bruno-Marek-Allee
170|111|O|Bruno-Marek-Allee
170|303|O|Bruno-Marek-Allee
170|109|O|Raxstraße
170|111|O|Raxstraße
170|303|O|Raxstraße
170|339|O|Raxstraße
170|7526|O|Bruno-Marek-Allee
170|7526|O|Raxstraße
170|1933|O|Bruno-Marek-Allee
170|403|O|Bruno-Marek-Allee
170|423|O|Bruno-Marek-Allee
170|1933|O|Raxstraße
170|343|O|Raxstraße
170|423|O|Raxstraße
170|164|O|Bruno-Marek-Allee
170|333|O|Bruno-Marek-Allee
170|164|O|Raxstraße
170|173|O|Raxstraße
170|333|O|Raxstraße
170|349|O|Bruno-Marek-Allee
170|388|O|Bruno-Marek-Allee
170|349|O|Raxstraße
170|388|O|Raxstraße
170|2260|O|Bruno-Marek-Allee
170|299|O|Bruno-Marek-Allee
170|1928|O|Raxstraße
170|2254|O|Raxstraße
170|299|O|Raxstraße
170|3577|O|Raxstraße
170|326|O|Bruno-Marek-Allee
170|2046|O|Bruno-Marek-Allee
170|306|O|Bruno-Marek-Allee
170|2013|O|Raxstraße
170|306|O|Raxstraße
170|336|O|Raxstraße
170|2243|O|Bruno-Marek-Allee
170|3715|O|Bruno-Marek-Allee
170|2243|O|Raxstraße
170|3715|O|Raxstraße
170|404|O|Raxstraße
170|422|O|Raxstraße
170|329|O|Bruno-Marek-Allee
170|312|O|Raxstraße
170|2259|O|Bruno-Marek-Allee
170|2255|O|Raxstraße
170|2568|O|Bruno-Marek-Allee
170|2568|O|Raxstraße
170|837|O|Bruno-Marek-Allee
170|837|O|Raxstraße
170|112|O|Bruno-Marek-Allee
170|108|O|Raxstraße
170|406|O|Raxstraße
170|420|O|Raxstraße
170|52|O|Bruno-Marek-Allee
170|81|O|Bruno-Marek-Allee
170|105|O|Raxstraße
170|12|O|Raxstraße
170|134|O|Bruno-Marek-Allee
170|22|O|Bruno-Marek-Allee
170|22|O|Raxstraße
170|308|O|Bruno-Marek-Allee
170|308|O|Raxstraße
170|334|O|Raxstraße
170|3712|O|Raxstraße
170|2016|O|Bruno-Marek-Allee
170|2043|O|Bruno-Marek-Allee
170|293|O|Bruno-Marek-Allee
170|2016|O|Raxstraße
170|2043|O|Raxstraße
170|284|O|Raxstraße
170|293|O|Raxstraße
170|54|O|Bruno-Marek-Allee
170|10|O|Raxstraße
170|313|O|Raxstraße
170|1002|O|Bruno-Marek-Allee
170|1019|O|Raxstraße
170|324|O|Bruno-Marek-Allee
170|317|O|Raxstraße
170|307|O|Bruno-Marek-Allee
170|307|O|Raxstraße
170|335|O|Raxstraße
170|2047|O|Bruno-Marek-Allee
170|2012|O|Raxstraße
170|2619|O|Bruno-Marek-Allee
170|2620|O|Bruno-Marek-Allee
170|2619|O|Raxstraße
170|2620|O|Raxstraße
170|350|O|Bruno-Marek-Allee
170|387|O|Bruno-Marek-Allee
170|350|O|Raxstraße
170|387|O|Raxstraße
170|53|O|Bruno-Marek-Allee
170|11|O|Raxstraße
170|2166|O|Bruno-Marek-Allee
170|2194|O|Bruno-Marek-Allee
170|2166|O|Raxstraße
170|2194|O|Raxstraße
170|7531|O|Bruno-Marek-Allee
170|2258|O|Bruno-Marek-Allee
170|2256|O|Raxstraße
170|835|O|Bruno-Marek-Allee
170|844|O|Raxstraße
170|167|O|Bruno-Marek-Allee
170|170|O|Raxstraße
399|1718|LB|Baden Josefsplatz
399|1748|LB|Karlsplatz
399|5921|LB|Baden Josefsplatz
399|5921|LB|Karlsplatz
399|5947|LB|Baden Josefsplatz
399|5946|LB|Karlsplatz
399|5920|LB|Baden Josefsplatz
399|5922|LB|Karlsplatz
399|477|LB|Baden Josefsplatz
399|470|LB|Karlsplatz
399|476|LB|Baden Josefsplatz
399|471|LB|Karlsplatz
399|427|LB|Baden Josefsplatz
399|399|LB|Karlsplatz
399|5913|LB|Baden Josefsplatz
399|5929|LB|Karlsplatz
399|1717|LB|Baden Josefsplatz
399|1749|LB|Karlsplatz
399|5910|LB|Baden Josefsplatz
399|5932|LB|Karlsplatz
399|5912|LB|Baden Josefsplatz
399|5930|LB|Karlsplatz
399|5902|LB|Baden Josefsplatz
399|5940|LB|Karlsplatz
399|5903|LB|Baden Josefsplatz
399|5939|LB|Karlsplatz
399|1713|LB|Baden Josefsplatz
399|1752|LB|Karlsplatz
399|5943|LB|Baden Josefsplatz
399|5943|LB|Karlsplatz
399|1756|LB|Karlsplatz
399|1715|LB|Baden Josefsplatz
399|831|LB|Karlsplatz
399|1714|LB|Baden Josefsplatz
399|1751|LB|Karlsplatz
399|5919|LB|Baden Josefsplatz
399|5923|LB|Karlsplatz
399|5908|LB|Baden Josefsplatz
399|5934|LB|Karlsplatz
399|1716|LB|Baden Josefsplatz
399|1750|LB|Karlsplatz
399|851|LB|Baden Josefsplatz
399|400|LB|Karlsplatz
399|1712|LB|Baden Josefsplatz
399|1753|LB|Karlsplatz
399|5918|LB|Baden Josefsplatz
399|5924|LB|Karlsplatz
399|5914|LB|Baden Josefsplatz
399|5928|LB|Karlsplatz
399|5904|LB|Baden Josefsplatz
399|5938|LB|Karlsplatz
399|5911|LB|Baden Josefsplatz
399|5931|LB|Karlsplatz
399|1711|LB|Baden Josefsplatz
399|1754|LB|Karlsplatz
399|5917|LB|Baden Josefsplatz
399|5925|LB|Karlsplatz
399|1709|LB|Baden Josefsplatz
399|4843|LB|Karlsplatz
399|5900|LB|Baden Josefsplatz
399|5942|LB|Karlsplatz
399|5905|LB|Baden Josefsplatz
399|5937|LB|Karlsplatz
399|5901|LB|Baden Josefsplatz
399|5941|LB|Karlsplatz
399|5915|LB|Baden Josefsplatz
399|5927|LB|Karlsplatz
399|5916|LB|Baden Josefsplatz
399|5926|LB|Karlsplatz
399|5907|LB|Baden Josefsplatz
399|5935|LB|Karlsplatz
399|5906|LB|Baden Josefsplatz
399|5936|LB|Karlsplatz
399|5909|LB|Baden Josefsplatz
399|5933|LB|Karlsplatz
825|2462|25BR|Süßenbrunner Platz
825|2466|25BR|Süßenbrunner Platz
825|2749|25BR|Süßenbrunner Platz
825|943|25BR|Süßenbrunner Platz
825|2464|25BR|Süßenbrunner Platz
825|3456|25BR|Süßenbrunner Platz
825|3462|25BR|Süßenbrunner Platz
825|3458|25BR|Süßenbrunner Platz
825|3460|25BR|Süßenbrunner Platz
825|3459|25BR|Süßenbrunner Platz
825|3464|25BR|Süßenbrunner Platz
825|3457|25BR|Süßenbrunner Platz
825|3461|25BR|Süßenbrunner Platz
825|3455|25BR|Süßenbrunner Platz
825|3463|25BR|Süßenbrunner Platz
825|2463|25BR|Süßenbrunner Platz
825|2465|25BR|Süßenbrunner Platz
825|3040|25BR|Süßenbrunner Platz
825|940|25BR|Süßenbrunner Platz
825|3039|25BR|Süßenbrunner Platz
401|2944|1A|Stephansplatz U
401|6016|1A|Schottentor U
401|6516|1A|Stephansplatz U
401|2914|1A|Stephansplatz U
401|2945|1A|Stephansplatz U
401|2907|1A|Schottentor U
401|2938|1A|Stephansplatz U
401|2904|1A|Schottentor U
401|2926|1A|Stephansplatz U
401|2906|1A|Schottentor U
401|2910|1A|Schottentor U
401|3851|1A|Schottentor U
401|2910|1A|Stephansplatz U
401|3851|1A|Stephansplatz U
401|2905|1A|Schottentor U
401|2915|1A|Schottentor U
401|2915|1A|Stephansplatz U
401|2911|1A|Stephansplatz U
402|6145|2A|Obere Augartenstraße
402|6145|2A|Stephansplatz U
402|2944|2A|Stephansplatz U
402|2922|2A|Stephansplatz U
402|3982|2A|Obere Augartenstraße
402|3978|2A|Stephansplatz U
402|2398|2A|Obere Augartenstraße
402|2389|2A|Stephansplatz U
402|3374|2A|Stephansplatz U
402|2388|2A|Obere Augartenstraße
402|2388|2A|Stephansplatz U
402|2933|2A|Obere Augartenstraße
402|2933|2A|Stephansplatz U
402|2925|2A|Stephansplatz U
402|3979|2A|Stephansplatz U
402|2934|2A|Obere Augartenstraße
402|2934|2A|Stephansplatz U
402|2915|2A|Obere Augartenstraße
402|2915|2A|Stephansplatz U
402|2397|2A|Obere Augartenstraße
402|2390|2A|Stephansplatz U
403|6145|3A|Oper, Karlsplatz >
403|6145|3A|Schottenring U
403|8189|3A|Schottenring U
403|6146|3A|Oper, Karlsplatz >
403|2947|3A|Schottenring U
403|2944|3A|Oper, Karlsplatz >
403|2942|3A|Oper, Karlsplatz >
403|3984|3A|Oper, Karlsplatz >
403|3986|3A|Schottenring U
403|2904|3A|Oper, Karlsplatz >
403|2922|3A|Oper, Karlsplatz >
403|2904|3A|Schottenring U
403|3983|3A|Oper, Karlsplatz >
403|3983|3A|Schottenring U
403|3987|3A|Schottenring U
403|2923|3A|Oper, Karlsplatz >
403|2923|3A|Schottenring U
403|2906|3A|Schottenring U
403|2916|3A|Oper, Karlsplatz >
403|2902|3A|Schottenring U
403|2941|3A|Oper, Karlsplatz >
403|2925|3A|Oper, Karlsplatz >
403|5084|3A|Oper, Karlsplatz >
403|3985|3A|Schottenring U
403|5084|3A|Schottenring U
403|2940|3A|Oper, Karlsplatz >
403|2940|3A|Schottenring U
403|2920|3A|Oper, Karlsplatz >
403|2905|3A|Schottenring U
403|2903|3A|Oper, Karlsplatz >
403|2915|3A|Oper, Karlsplatz >
403|2903|3A|Schottenring U
403|2915|3A|Schottenring U
403|3988|3A|Schottenring U
404|2622|4A|Karlsplatz U
404|2621|4A|Wittelsbachstraße
404|2622|4A|Wittelsbachstraße
404|1499|4A|Karlsplatz U
404|1493|4A|Wittelsbachstraße
404|6014|4A|Wittelsbachstraße
404|6514|4A|Karlsplatz U
404|1496|4A|Wittelsbachstraße
404|254|4A|Karlsplatz U
404|267|4A|Wittelsbachstraße
404|1490|4A|Karlsplatz U
404|1502|4A|Karlsplatz U
404|1490|4A|Wittelsbachstraße
404|1500|4A|Karlsplatz U
404|1492|4A|Wittelsbachstraße
404|1500|4A|Wittelsbachstraße
404|171|4A|Karlsplatz U
404|1485|4A|Karlsplatz U
404|1497|4A|Karlsplatz U
404|1485|4A|Wittelsbachstraße
404|9500|4A|Karlsplatz U
404|9500|4A|Wittelsbachstraße
404|1495|4A|Karlsplatz U
404|1498|4A|Karlsplatz U
404|1495|4A|Wittelsbachstraße
404|1501|4A|Karlsplatz U
404|1491|4A|Wittelsbachstraße
404|1489|4A|Karlsplatz U
404|1483|4A|Wittelsbachstraße
404|2104|4A|Karlsplatz U
404|2104|4A|Wittelsbachstraße
404|2114|4A|Wittelsbachstraße
404|1488|4A|Karlsplatz U
404|1484|4A|Wittelsbachstraße
405|6040|5A|Nestroyplatz U
405|627|5A|Griegstraße
405|608|5A|Nestroyplatz U
405|623|5A|Griegstraße
405|592|5A|Nestroyplatz U
405|2402|5A|Griegstraße
405|2383|5A|Nestroyplatz U
405|617|5A|Griegstraße
405|622|5A|Nestroyplatz U
405|2955|5A|Griegstraße
405|2958|5A|Nestroyplatz U
405|2951|5A|Griegstraße
405|2957|5A|Nestroyplatz U
405|625|5A|Griegstraße
405|590|5A|Nestroyplatz U
405|625|5A|Nestroyplatz U
405|2387|5A|Griegstraße
405|3003|5A|Griegstraße
405|2387|5A|Nestroyplatz U
405|3003|5A|Nestroyplatz U
405|2392|5A|Nestroyplatz U
405|667|5A|Griegstraße
405|667|5A|Nestroyplatz U
405|624|5A|Griegstraße
405|591|5A|Nestroyplatz U
405|620|5A|Griegstraße
405|2577|5A|Griegstraße
405|2400|5A|Griegstraße
405|2386|5A|Nestroyplatz U
405|2391|5A|Griegstraße
405|2396|5A|Griegstraße
405|2391|5A|Nestroyplatz U
405|2398|5A|Griegstraße
405|2389|5A|Nestroyplatz U
405|626|5A|Griegstraße
405|609|5A|Nestroyplatz U
405|2952|5A|Griegstraße
405|2956|5A|Nestroyplatz U
405|3374|5A|Nestroyplatz U
405|2395|5A|Griegstraße
405|2395|5A|Nestroyplatz U
405|2399|5A|Griegstraße
405|2388|5A|Nestroyplatz U
405|2382|5A|Nestroyplatz U
405|2975|5A|Griegstraße
405|2393|5A|Nestroyplatz U
405|349|5A|Griegstraße
405|388|5A|Nestroyplatz U
405|2397|5A|Griegstraße
405|2390|5A|Nestroyplatz U
405|621|5A|Griegstraße
405|2394|5A|Griegstraße
405|2394|5A|Nestroyplatz U
405|2949|5A|Nestroyplatz U
405|649|5A|Griegstraße
405|619|5A|Griegstraße
405|2401|5A|Griegstraße
405|2385|5A|Nestroyplatz U
407|6046|7A|Meidling Hauptstraße U
407|6046|7A|Reumannplatz U
407|780|7A|Meidling Hauptstraße U
407|807|7A|Meidling Hauptstraße U
407|807|7A|Reumannplatz U
407|2578|7A|Reumannplatz U
407|717|7A|Meidling Hauptstraße U
407|715|7A|Reumannplatz U
407|719|7A|Meidling Hauptstraße U
407|713|7A|Reumannplatz U
407|719|7A|Reumannplatz U
407|1848|7A|Meidling Hauptstraße U
407|1848|7A|Reumannplatz U
407|1847|7A|Meidling Hauptstraße U
407|1847|7A|Reumannplatz U
407|720|7A|Meidling Hauptstraße U
407|712|7A|Reumannplatz U
407|779|7A|Meidling Hauptstraße U
407|781|7A|Reumannplatz U
407|815|7A|Reumannplatz U
407|709|7A|Meidling Hauptstraße U
407|6014|7A|Reumannplatz U
407|6514|7A|Meidling Hauptstraße U
407|814|7A|Meidling Hauptstraße U
407|1798|7A|Reumannplatz U
407|814|7A|Reumannplatz U
407|1837|7A|Meidling Hauptstraße U
407|3213|7A|Reumannplatz U
407|718|7A|Meidling Hauptstraße U
407|714|7A|Reumannplatz U
407|1634|7A|Reumannplatz U
407|1832|7A|Meidling Hauptstraße U
407|1795|7A|Reumannplatz U
407|1802|7A|Reumannplatz U
407|1399|7A|Reumannplatz U
407|701|7A|Meidling Hauptstraße U
407|701|7A|Reumannplatz U
407|823|7A|Reumannplatz U
407|721|7A|Meidling Hauptstraße U
407|711|7A|Reumannplatz U
407|689|7A|Reumannplatz U
407|2569|7A|Meidling Hauptstraße U
407|2570|7A|Reumannplatz U
407|1850|7A|Meidling Hauptstraße U
407|1792|7A|Reumannplatz U
407|1850|7A|Reumannplatz U
407|1768|7A|Reumannplatz U
407|2579|7A|Meidling Hauptstraße U
407|2579|7A|Reumannplatz U
407|1838|7A|Meidling Hauptstraße U
407|1801|7A|Reumannplatz U
407|1797|7A|Meidling Hauptstraße U
407|1797|7A|Reumannplatz U
407|710|7A|Reumannplatz U
407|517|7A|Meidling Hauptstraße U
407|790|7A|Reumannplatz U
408|1777|8A|Bhf. Meidling S U, Eichenstraße
408|1820|8A|Bhf. Meidling S U, Eichenstraße
408|1777|8A|Küniglberg, ORF-Zentrum
408|518|8A|Bhf. Meidling S U, Eichenstraße
408|500|8A|Küniglberg, ORF-Zentrum
408|2567|8A|Bhf. Meidling S U, Eichenstraße
408|2567|8A|Küniglberg, ORF-Zentrum
408|1783|8A|Bhf. Meidling S U, Eichenstraße
408|1784|8A|Bhf. Meidling S U, Eichenstraße
408|1773|8A|Küniglberg, ORF-Zentrum
408|1784|8A|Küniglberg, ORF-Zentrum
408|1770|8A|Küniglberg, ORF-Zentrum
408|1774|8A|Bhf. Meidling S U, Eichenstraße
408|1774|8A|Küniglberg, ORF-Zentrum
408|1795|8A|Bhf. Meidling S U, Eichenstraße
408|1832|8A|Küniglberg, ORF-Zentrum
408|1786|8A|Bhf. Meidling S U, Eichenstraße
408|1771|8A|Küniglberg, ORF-Zentrum
408|1733|8A|Bhf. Meidling S U, Eichenstraße
408|1700|8A|Küniglberg, ORF-Zentrum
408|1722|8A|Bhf. Meidling S U, Eichenstraße
408|1729|8A|Bhf. Meidling S U, Eichenstraße
408|1729|8A|Küniglberg, ORF-Zentrum
408|1799|8A|Bhf. Meidling S U, Eichenstraße
408|1707|8A|Küniglberg, ORF-Zentrum
408|1787|8A|Bhf. Meidling S U, Eichenstraße
408|2633|8A|Küniglberg, ORF-Zentrum
408|1788|8A|Bhf. Meidling S U, Eichenstraße
408|1769|8A|Küniglberg, ORF-Zentrum
408|1719|8A|Küniglberg, ORF-Zentrum
408|1785|8A|Bhf. Meidling S U, Eichenstraße
408|1772|8A|Küniglberg, ORF-Zentrum
409|6044|9A|Bhf. Meidling S U, Eichenstraße
409|6044|9A|Meidling Hauptstraße U
409|6135|9A|Bhf. Meidling S U, Eichenstraße
409|6135|9A|Meidling Hauptstraße U
409|3214|9A|Bhf. Meidling S U, Eichenstraße
409|3206|9A|Meidling Hauptstraße U
409|500|9A|Meidling Hauptstraße U
409|3200|9A|Bhf. Meidling S U, Eichenstraße
409|3200|9A|Meidling Hauptstraße U
409|3221|9A|Bhf. Meidling S U, Eichenstraße
409|3216|9A|Bhf. Meidling S U, Eichenstraße
409|3226|9A|Bhf. Meidling S U, Eichenstraße
409|3226|9A|Meidling Hauptstraße U
409|3213|9A|Bhf. Meidling S U, Eichenstraße
409|1837|9A|Meidling Hauptstraße U
409|1832|9A|Meidling Hauptstraße U
409|3207|9A|Bhf. Meidling S U, Eichenstraße
409|3207|9A|Meidling Hauptstraße U
409|3217|9A|Bhf. Meidling S U, Eichenstraße
409|3217|9A|Meidling Hauptstraße U
409|3203|9A|Meidling Hauptstraße U
409|3218|9A|Bhf. Meidling S U, Eichenstraße
409|3202|9A|Meidling Hauptstraße U
409|3225|9A|Meidling Hauptstraße U
409|3219|9A|Bhf. Meidling S U, Eichenstraße
409|3201|9A|Meidling Hauptstraße U
409|3215|9A|Bhf. Meidling S U, Eichenstraße
409|3227|9A|Meidling Hauptstraße U
409|3220|9A|Bhf. Meidling S U, Eichenstraße
410|6053|10A|Bahnhof Heiligenstadt S U
410|6074|10A|Bahnhof Heiligenstadt S U
410|6074|10A|Niederhofstraße U
410|657|10A|Bahnhof Heiligenstadt S U
410|2972|10A|Niederhofstraße U
410|2877|10A|Bahnhof Heiligenstadt S U
410|2881|10A|Niederhofstraße U
410|1206|10A|Bahnhof Heiligenstadt S U
410|1206|10A|Niederhofstraße U
410|2988|10A|Bahnhof Heiligenstadt S U
410|2961|10A|Niederhofstraße U
410|722|10A|Bahnhof Heiligenstadt S U
410|2983|10A|Bahnhof Heiligenstadt S U
410|1471|10A|Bahnhof Heiligenstadt S U
410|2965|10A|Niederhofstraße U
410|2980|10A|Bahnhof Heiligenstadt S U
410|2969|10A|Niederhofstraße U
410|1282|10A|Bahnhof Heiligenstadt S U
410|2966|10A|Niederhofstraße U
410|654|10A|Bahnhof Heiligenstadt S U
410|2978|10A|Niederhofstraße U
410|6115|10A|Bahnhof Heiligenstadt S U
410|6014|10A|Niederhofstraße U
410|6514|10A|Bahnhof Heiligenstadt S U
410|2964|10A|Bahnhof Heiligenstadt S U
410|2985|10A|Niederhofstraße U
410|2968|10A|Bahnhof Heiligenstadt S U
410|2981|10A|Bahnhof Heiligenstadt S U
410|2968|10A|Niederhofstraße U
410|2989|10A|Bahnhof Heiligenstadt S U
410|2960|10A|Niederhofstraße U
410|2984|10A|Bahnhof Heiligenstadt S U
410|2984|10A|Niederhofstraße U
410|2979|10A|Bahnhof Heiligenstadt S U
410|2973|10A|Niederhofstraße U
410|2979|10A|Niederhofstraße U
410|1450|10A|Bahnhof Heiligenstadt S U
410|2887|10A|Bahnhof Heiligenstadt S U
410|900|10A|Niederhofstraße U
410|898|10A|Bahnhof Heiligenstadt S U
410|898|10A|Niederhofstraße U
410|8193|10A|Bahnhof Heiligenstadt S U
410|8192|10A|Niederhofstraße U
410|879|10A|Bahnhof Heiligenstadt S U
410|902|10A|Niederhofstraße U
410|882|10A|Bahnhof Heiligenstadt S U
410|901|10A|Niederhofstraße U
410|1766|10A|Bahnhof Heiligenstadt S U
410|1792|10A|Bahnhof Heiligenstadt S U
410|1766|10A|Niederhofstraße U
410|1792|10A|Niederhofstraße U
410|6073|10A|Bahnhof Heiligenstadt S U
410|6073|10A|Niederhofstraße U
410|1608|10A|Bahnhof Heiligenstadt S U
410|1764|10A|Bahnhof Heiligenstadt S U
410|1764|10A|Niederhofstraße U
410|2953|10A|Bahnhof Heiligenstadt S U
410|652|10A|Bahnhof Heiligenstadt S U
410|2953|10A|Niederhofstraße U
410|2976|10A|Bahnhof Heiligenstadt S U
410|2970|10A|Niederhofstraße U
410|1791|10A|Niederhofstraße U
410|2987|10A|Bahnhof Heiligenstadt S U
410|2962|10A|Niederhofstraße U
410|852|10A|Bahnhof Heiligenstadt S U
410|725|10A|Niederhofstraße U
410|2878|10A|Bahnhof Heiligenstadt S U
410|2880|10A|Bahnhof Heiligenstadt S U
410|897|10A|Bahnhof Heiligenstadt S U
410|2878|10A|Niederhofstraße U
410|2880|10A|Niederhofstraße U
410|897|10A|Niederhofstraße U
410|724|10A|Bahnhof Heiligenstadt S U
410|723|10A|Niederhofstraße U
410|724|10A|Niederhofstraße U
410|653|10A|Bahnhof Heiligenstadt S U
410|2971|10A|Niederhofstraße U
410|2986|10A|Bahnhof Heiligenstadt S U
410|2963|10A|Niederhofstraße U
410|2982|10A|Bahnhof Heiligenstadt S U
410|2967|10A|Niederhofstraße U
410|656|10A|Bahnhof Heiligenstadt S U
410|2977|10A|Niederhofstraße U
411|6052|11A|Bahnhof Heiligenstadt S U
411|6052|11A|Stadion U
411|6053|11A|Bahnhof Heiligenstadt S U
411|6053|11A|Stadion U
411|6143|11A|Stadion U
411|6148|11A|Bahnhof Heiligenstadt S U
411|6148|11A|Stadion U
411|623|11A|Bahnhof Heiligenstadt S U
411|592|11A|Stadion U
411|679|11A|Bahnhof Heiligenstadt S U
411|679|11A|Stadion U
411|617|11A|Bahnhof Heiligenstadt S U
411|593|11A|Stadion U
411|617|11A|Stadion U
411|678|11A|Bahnhof Heiligenstadt S U
411|680|11A|Stadion U
411|2691|11A|Bahnhof Heiligenstadt S U
411|2711|11A|Bahnhof Heiligenstadt S U
411|2689|11A|Stadion U
411|2711|11A|Stadion U
411|677|11A|Bahnhof Heiligenstadt S U
411|681|11A|Stadion U
411|590|11A|Bahnhof Heiligenstadt S U
411|625|11A|Bahnhof Heiligenstadt S U
411|590|11A|Stadion U
411|625|11A|Stadion U
411|6016|11A|Bahnhof Heiligenstadt S U
411|6516|11A|Bahnhof Heiligenstadt S U
411|6516|11A|Stadion U
411|1205|11A|Bahnhof Heiligenstadt S U
411|591|11A|Bahnhof Heiligenstadt S U
411|624|11A|Bahnhof Heiligenstadt S U
411|591|11A|Stadion U
411|618|11A|Bahnhof Heiligenstadt S U
411|598|11A|Stadion U
411|618|11A|Stadion U
411|620|11A|Bahnhof Heiligenstadt S U
411|595|11A|Stadion U
411|3571|11A|Bahnhof Heiligenstadt S U
411|3573|11A|Bahnhof Heiligenstadt S U
411|3571|11A|Stadion U
411|2690|11A|Bahnhof Heiligenstadt S U
411|2690|11A|Stadion U
411|626|11A|Bahnhof Heiligenstadt S U
411|609|11A|Stadion U
411|3372|11A|Stadion U
411|1208|11A|Stadion U
411|1204|11A|Bahnhof Heiligenstadt S U
411|615|11A|Bahnhof Heiligenstadt S U
411|5755|11A|Stadion U
411|8191|11A|Stadion U
411|2975|11A|Bahnhof Heiligenstadt S U
411|650|11A|Stadion U
411|2420|11A|Bahnhof Heiligenstadt S U
411|2420|11A|Stadion U
411|2422|11A|Stadion U
411|2747|11A|Bahnhof Heiligenstadt S U
411|616|11A|Bahnhof Heiligenstadt S U
411|2747|11A|Stadion U
411|621|11A|Bahnhof Heiligenstadt S U
411|594|11A|Stadion U
411|3574|11A|Bahnhof Heiligenstadt S U
411|3570|11A|Stadion U
411|3967|11A|Bahnhof Heiligenstadt S U
411|7420|11A|Bahnhof Heiligenstadt S U
411|3967|11A|Stadion U
411|7420|11A|Stadion U
411|619|11A|Bahnhof Heiligenstadt S U
411|596|11A|Stadion U
412|2885|12A|Eichenstraße
412|2884|12A|Schmelz, Gablenzgasse
412|3133|12A|Eichenstraße
412|3146|12A|Schmelz, Gablenzgasse
412|3149|12A|Schmelz, Gablenzgasse
412|2881|12A|Eichenstraße
412|1699|12A|Schmelz, Gablenzgasse
412|772|12A|Eichenstraße
412|772|12A|Schmelz, Gablenzgasse
412|3136|12A|Eichenstraße
412|3151|12A|Eichenstraße
412|3151|12A|Schmelz, Gablenzgasse
412|3140|12A|Eichenstraße
412|3139|12A|Eichenstraße
412|755|12A|Eichenstraße
412|3139|12A|Schmelz, Gablenzgasse
412|7343|12A|Schmelz, Gablenzgasse
412|755|12A|Schmelz, Gablenzgasse
412|6014|12A|Eichenstraße
412|6514|12A|Schmelz, Gablenzgasse
412|3132|12A|Eichenstraße
412|5671|12A|Eichenstraße
412|3147|12A|Schmelz, Gablenzgasse
412|5671|12A|Schmelz, Gablenzgasse
412|3159|12A|Eichenstraße
412|3154|12A|Schmelz, Gablenzgasse
412|3159|12A|Schmelz, Gablenzgasse
412|3164|12A|Eichenstraße
412|7474|12A|Eichenstraße
412|3163|12A|Schmelz, Gablenzgasse
412|7477|12A|Schmelz, Gablenzgasse
412|3160|12A|Eichenstraße
412|3153|12A|Schmelz, Gablenzgasse
412|1474|12A|Eichenstraße
412|1448|12A|Schmelz, Gablenzgasse
412|3142|12A|Schmelz, Gablenzgasse
412|1473|12A|Eichenstraße
412|1449|12A|Schmelz, Gablenzgasse
412|3145|12A|Schmelz, Gablenzgasse
412|3131|12A|Eichenstraße
412|3130|12A|Eichenstraße
412|3162|12A|Eichenstraße
412|3130|12A|Schmelz, Gablenzgasse
412|3162|12A|Schmelz, Gablenzgasse
412|1684|12A|Eichenstraße
412|670|12A|Eichenstraße
412|76|12A|Eichenstraße
412|2883|12A|Schmelz, Gablenzgasse
412|651|12A|Eichenstraße
412|651|12A|Schmelz, Gablenzgasse
412|3135|12A|Eichenstraße
412|699|12A|Eichenstraße
412|751|12A|Eichenstraße
412|699|12A|Schmelz, Gablenzgasse
412|751|12A|Schmelz, Gablenzgasse
412|3143|12A|Schmelz, Gablenzgasse
412|771|12A|Eichenstraße
412|753|12A|Schmelz, Gablenzgasse
412|771|12A|Schmelz, Gablenzgasse
412|754|12A|Eichenstraße
412|7475|12A|Eichenstraße
412|3850|12A|Schmelz, Gablenzgasse
412|1427|12A|Eichenstraße
412|2880|12A|Eichenstraße
412|1427|12A|Schmelz, Gablenzgasse
412|3158|12A|Eichenstraße
412|3155|12A|Schmelz, Gablenzgasse
412|3158|12A|Schmelz, Gablenzgasse
412|3156|12A|Eichenstraße
412|3157|12A|Eichenstraße
412|3156|12A|Schmelz, Gablenzgasse
412|3157|12A|Schmelz, Gablenzgasse
412|3141|12A|Schmelz, Gablenzgasse
412|3137|12A|Eichenstraße
412|3144|12A|Schmelz, Gablenzgasse
412|3150|12A|Eichenstraße
412|3148|12A|Schmelz, Gablenzgasse
412|1585|12A|Eichenstraße
412|3152|12A|Schmelz, Gablenzgasse
412|7476|12A|Schmelz, Gablenzgasse
412|3138|12A|Eichenstraße
412|3138|12A|Schmelz, Gablenzgasse
413|6034|13A|Alser Straße, Skodagasse
413|6034|13A|Hauptbahnhof S U
413|6132|13A|Alser Straße, Skodagasse
413|6132|13A|Hauptbahnhof S U
413|6083|13A|Alser Straße, Skodagasse
413|6125|13A|Alser Straße, Skodagasse
413|660|13A|Alser Straße, Skodagasse
413|660|13A|Hauptbahnhof S U
413|692|13A|Alser Straße, Skodagasse
413|675|13A|Alser Straße, Skodagasse
413|675|13A|Hauptbahnhof S U
413|772|13A|Alser Straße, Skodagasse
413|9000|13A|Alser Straße, Skodagasse
413|773|13A|Alser Straße, Skodagasse
413|682|13A|Hauptbahnhof S U
413|773|13A|Hauptbahnhof S U
413|6015|13A|Hauptbahnhof S U
413|6515|13A|Alser Straße, Skodagasse
413|39|13A|Alser Straße, Skodagasse
413|39|13A|Hauptbahnhof S U
413|668|13A|Hauptbahnhof S U
413|695|13A|Alser Straße, Skodagasse
413|673|13A|Hauptbahnhof S U
413|695|13A|Hauptbahnhof S U
413|270|13A|Hauptbahnhof S U
413|40|13A|Alser Straße, Skodagasse
413|705|13A|Alser Straße, Skodagasse
413|676|13A|Alser Straße, Skodagasse
413|693|13A|Alser Straße, Skodagasse
413|676|13A|Hauptbahnhof S U
413|708|13A|Alser Straße, Skodagasse
413|7342|13A|Alser Straße, Skodagasse
413|661|13A|Hauptbahnhof S U
413|7342|13A|Hauptbahnhof S U
413|662|13A|Hauptbahnhof S U
413|696|13A|Alser Straße, Skodagasse
413|672|13A|Hauptbahnhof S U
413|1684|13A|Alser Straße, Skodagasse
413|670|13A|Alser Straße, Skodagasse
413|698|13A|Alser Straße, Skodagasse
413|670|13A|Hauptbahnhof S U
413|691|13A|Alser Straße, Skodagasse
413|5693|13A|Hauptbahnhof S U
413|664|13A|Hauptbahnhof S U
413|3527|13A|Alser Straße, Skodagasse
413|5430|13A|Alser Straße, Skodagasse
413|666|13A|Alser Straße, Skodagasse
413|688|13A|Alser Straße, Skodagasse
413|5430|13A|Hauptbahnhof S U
413|666|13A|Hauptbahnhof S U
413|688|13A|Hauptbahnhof S U
413|3529|13A|Alser Straße, Skodagasse
413|5423|13A|Alser Straße, Skodagasse
413|3908|13A|Hauptbahnhof S U
413|5423|13A|Hauptbahnhof S U
413|706|13A|Alser Straße, Skodagasse
413|7404|13A|Alser Straße, Skodagasse
413|706|13A|Hauptbahnhof S U
413|7404|13A|Hauptbahnhof S U
413|699|13A|Alser Straße, Skodagasse
413|751|13A|Alser Straße, Skodagasse
413|669|13A|Hauptbahnhof S U
413|699|13A|Hauptbahnhof S U
413|751|13A|Hauptbahnhof S U
413|694|13A|Alser Straße, Skodagasse
413|674|13A|Hauptbahnhof S U
413|4811|13A|Hauptbahnhof S U
413|3528|13A|Alser Straße, Skodagasse
413|665|13A|Alser Straße, Skodagasse
413|704|13A|Alser Straße, Skodagasse
413|665|13A|Hauptbahnhof S U
413|704|13A|Hauptbahnhof S U
413|1435|13A|Hauptbahnhof S U
413|663|13A|Alser Straße, Skodagasse
413|1377|13A|Hauptbahnhof S U
413|663|13A|Hauptbahnhof S U
413|707|13A|Alser Straße, Skodagasse
413|707|13A|Hauptbahnhof S U
413|5692|13A|Hauptbahnhof S U
413|1401|13A|Alser Straße, Skodagasse
413|1401|13A|Hauptbahnhof S U
413|1482|13A|Hauptbahnhof S U
413|697|13A|Alser Straße, Skodagasse
413|671|13A|Hauptbahnhof S U
413|697|13A|Hauptbahnhof S U
414|6079|14A|Neubaugasse U
414|6079|14A|Reumannplatz U
414|6036|14A|Neubaugasse U
414|6036|14A|Reumannplatz U
414|6087|14A|Neubaugasse U
414|1699|14A|Neubaugasse U
414|1699|14A|Reumannplatz U
414|772|14A|Neubaugasse U
414|772|14A|Reumannplatz U
414|766|14A|Neubaugasse U
414|759|14A|Reumannplatz U
414|766|14A|Reumannplatz U
414|773|14A|Neubaugasse U
414|682|14A|Reumannplatz U
414|773|14A|Reumannplatz U
414|757|14A|Reumannplatz U
414|755|14A|Neubaugasse U
414|769|14A|Neubaugasse U
414|755|14A|Reumannplatz U
414|769|14A|Reumannplatz U
414|6015|14A|Reumannplatz U
414|6515|14A|Neubaugasse U
414|668|14A|Neubaugasse U
414|668|14A|Reumannplatz U
414|748|14A|Neubaugasse U
414|762|14A|Reumannplatz U
414|761|14A|Neubaugasse U
414|765|14A|Neubaugasse U
414|761|14A|Reumannplatz U
414|765|14A|Reumannplatz U
414|1684|14A|Reumannplatz U
414|670|14A|Neubaugasse U
414|670|14A|Reumannplatz U
414|768|14A|Neubaugasse U
414|756|14A|Reumannplatz U
414|768|14A|Reumannplatz U
414|666|14A|Neubaugasse U
414|666|14A|Reumannplatz U
414|699|14A|Neubaugasse U
414|751|14A|Neubaugasse U
414|699|14A|Reumannplatz U
414|751|14A|Reumannplatz U
414|771|14A|Neubaugasse U
414|753|14A|Reumannplatz U
414|771|14A|Reumannplatz U
414|770|14A|Neubaugasse U
414|754|14A|Reumannplatz U
414|770|14A|Reumannplatz U
414|2991|14A|Neubaugasse U
414|764|14A|Neubaugasse U
414|2991|14A|Reumannplatz U
414|764|14A|Reumannplatz U
414|763|14A|Neubaugasse U
414|749|14A|Reumannplatz U
414|763|14A|Reumannplatz U
414|1659|14A|Neubaugasse U
414|3144|14A|Neubaugasse U
414|767|14A|Neubaugasse U
414|758|14A|Reumannplatz U
414|767|14A|Reumannplatz U
414|5410|14A|Neubaugasse U
414|760|14A|Reumannplatz U
415|6087|15A|Bhf. Meidling <>, Schedifkaplatz
415|783|15A|Enkplatz U, Grillgasse
415|3842|15A|Enkplatz U, Grillgasse
415|806|15A|Bhf. Meidling <>, Schedifkaplatz
415|789|15A|Enkplatz U, Grillgasse
415|806|15A|Enkplatz U, Grillgasse
415|780|15A|Bhf. Meidling <>, Schedifkaplatz
415|807|15A|Enkplatz U, Grillgasse
415|800|15A|Bhf. Meidling <>, Schedifkaplatz
415|798|15A|Enkplatz U, Grillgasse
415|2959|15A|Bhf. Meidling <>, Schedifkaplatz
415|2959|15A|Enkplatz U, Grillgasse
415|813|15A|Bhf. Meidling <>, Schedifkaplatz
415|2607|15A|Enkplatz U, Grillgasse
415|808|15A|Bhf. Meidling <>, Schedifkaplatz
415|788|15A|Enkplatz U, Grillgasse
415|779|15A|Bhf. Meidling <>, Schedifkaplatz
415|815|15A|Bhf. Meidling <>, Schedifkaplatz
415|781|15A|Enkplatz U, Grillgasse
415|815|15A|Enkplatz U, Grillgasse
415|412|15A|Bhf. Meidling <>, Schedifkaplatz
415|412|15A|Enkplatz U, Grillgasse
415|803|15A|Bhf. Meidling <>, Schedifkaplatz
415|792|15A|Enkplatz U, Grillgasse
415|6015|15A|Enkplatz U, Grillgasse
415|6515|15A|Bhf. Meidling <>, Schedifkaplatz
415|814|15A|Bhf. Meidling <>, Schedifkaplatz
415|782|15A|Enkplatz U, Grillgasse
415|1941|15A|Bhf. Meidling <>, Schedifkaplatz
415|809|15A|Bhf. Meidling <>, Schedifkaplatz
415|1941|15A|Enkplatz U, Grillgasse
415|787|15A|Enkplatz U, Grillgasse
415|809|15A|Enkplatz U, Grillgasse
415|816|15A|Bhf. Meidling <>, Schedifkaplatz
415|797|15A|Enkplatz U, Grillgasse
415|811|15A|Bhf. Meidling <>, Schedifkaplatz
415|785|15A|Enkplatz U, Grillgasse
415|819|15A|Bhf. Meidling <>, Schedifkaplatz
415|794|15A|Enkplatz U, Grillgasse
415|2587|15A|Bhf. Meidling <>, Schedifkaplatz
415|1063|15A|Enkplatz U, Grillgasse
415|818|15A|Bhf. Meidling <>, Schedifkaplatz
415|795|15A|Enkplatz U, Grillgasse
415|817|15A|Bhf. Meidling <>, Schedifkaplatz
415|796|15A|Enkplatz U, Grillgasse
415|804|15A|Bhf. Meidling <>, Schedifkaplatz
415|791|15A|Enkplatz U, Grillgasse
415|804|15A|Enkplatz U, Grillgasse
415|5629|15A|Bhf. Meidling <>, Schedifkaplatz
415|786|15A|Bhf. Meidling <>, Schedifkaplatz
415|810|15A|Bhf. Meidling <>, Schedifkaplatz
415|786|15A|Enkplatz U, Grillgasse
415|810|15A|Enkplatz U, Grillgasse
415|4802|15A|Bhf. Meidling <>, Schedifkaplatz
415|4811|15A|Bhf. Meidling <>, Schedifkaplatz
415|4802|15A|Enkplatz U, Grillgasse
415|4811|15A|Enkplatz U, Grillgasse
415|2243|15A|Bhf. Meidling <>, Schedifkaplatz
415|404|15A|Bhf. Meidling <>, Schedifkaplatz
415|802|15A|Bhf. Meidling <>, Schedifkaplatz
415|793|15A|Enkplatz U, Grillgasse
415|802|15A|Enkplatz U, Grillgasse
415|812|15A|Bhf. Meidling <>, Schedifkaplatz
415|784|15A|Enkplatz U, Grillgasse
415|821|15A|Bhf. Meidling <>, Schedifkaplatz
415|822|15A|Bhf. Meidling <>, Schedifkaplatz
415|822|15A|Enkplatz U, Grillgasse
416|5587|16A|Alaudagasse U
416|5587|16A|Südwestfriedhof, 2. und 8. Tor
416|1952|16A|Alaudagasse U
416|2609|16A|Südwestfriedhof, 2. und 8. Tor
416|504|16A|Alaudagasse U
416|513|16A|Südwestfriedhof, 2. und 8. Tor
416|7391|16A|Alaudagasse U
416|5820|16A|Alaudagasse U
416|5819|16A|Südwestfriedhof, 2. und 8. Tor
416|3383|16A|Alaudagasse U
416|3380|16A|Südwestfriedhof, 2. und 8. Tor
416|538|16A|Alaudagasse U
416|1898|16A|Südwestfriedhof, 2. und 8. Tor
416|1899|16A|Südwestfriedhof, 2. und 8. Tor
416|686|16A|Alaudagasse U
416|683|16A|Alaudagasse U
416|3386|16A|Alaudagasse U
416|3377|16A|Südwestfriedhof, 2. und 8. Tor
416|2451|16A|Südwestfriedhof, 2. und 8. Tor
416|539|16A|Alaudagasse U
416|520|16A|Südwestfriedhof, 2. und 8. Tor
416|2453|16A|Alaudagasse U
416|2452|16A|Südwestfriedhof, 2. und 8. Tor
416|685|16A|Alaudagasse U
416|1723|16A|Südwestfriedhof, 2. und 8. Tor
416|685|16A|Südwestfriedhof, 2. und 8. Tor
416|2929|16A|Alaudagasse U
416|1981|16A|Südwestfriedhof, 2. und 8. Tor
416|3384|16A|Alaudagasse U
416|3379|16A|Südwestfriedhof, 2. und 8. Tor
416|1968|16A|Alaudagasse U
416|5198|16A|Südwestfriedhof, 2. und 8. Tor
416|542|16A|Alaudagasse U
416|527|16A|Südwestfriedhof, 2. und 8. Tor
416|2128|16A|Alaudagasse U
416|5589|16A|Südwestfriedhof, 2. und 8. Tor
416|1978|16A|Alaudagasse U
416|2004|16A|Südwestfriedhof, 2. und 8. Tor
416|558|16A|Alaudagasse U
416|2450|16A|Südwestfriedhof, 2. und 8. Tor
416|514|16A|Südwestfriedhof, 2. und 8. Tor
416|2129|16A|Alaudagasse U
416|2137|16A|Südwestfriedhof, 2. und 8. Tor
416|505|16A|Alaudagasse U
416|512|16A|Südwestfriedhof, 2. und 8. Tor
416|1779|16A|Alaudagasse U
416|1781|16A|Alaudagasse U
416|1779|16A|Südwestfriedhof, 2. und 8. Tor
416|1781|16A|Südwestfriedhof, 2. und 8. Tor
416|557|16A|Alaudagasse U
416|506|16A|Südwestfriedhof, 2. und 8. Tor
416|2930|16A|Alaudagasse U
416|5425|16A|Alaudagasse U
416|2931|16A|Südwestfriedhof, 2. und 8. Tor
416|5425|16A|Südwestfriedhof, 2. und 8. Tor
416|529|16A|Alaudagasse U
416|5448|16A|Alaudagasse U
416|1892|16A|Südwestfriedhof, 2. und 8. Tor
416|1970|16A|Alaudagasse U
416|1944|16A|Südwestfriedhof, 2. und 8. Tor
416|1889|16A|Alaudagasse U
416|519|16A|Südwestfriedhof, 2. und 8. Tor
416|1967|16A|Alaudagasse U
416|1947|16A|Südwestfriedhof, 2. und 8. Tor
416|7319|16A|Südwestfriedhof, 2. und 8. Tor
416|3385|16A|Alaudagasse U
416|3378|16A|Südwestfriedhof, 2. und 8. Tor
416|684|16A|Südwestfriedhof, 2. und 8. Tor
416|503|16A|Alaudagasse U
416|1742|16A|Alaudagasse U
416|1724|16A|Südwestfriedhof, 2. und 8. Tor
416|1977|16A|Alaudagasse U
416|1973|16A|Südwestfriedhof, 2. und 8. Tor
416|1969|16A|Alaudagasse U
416|1945|16A|Südwestfriedhof, 2. und 8. Tor
416|1895|16A|Alaudagasse U
416|1979|16A|Alaudagasse U
416|3190|16A|Alaudagasse U
416|2003|16A|Südwestfriedhof, 2. und 8. Tor
416|2236|16A|Südwestfriedhof, 2. und 8. Tor
416|2573|16A|Alaudagasse U
416|2572|16A|Südwestfriedhof, 2. und 8. Tor
416|1780|16A|Alaudagasse U
416|1747|16A|Südwestfriedhof, 2. und 8. Tor
416|1780|16A|Südwestfriedhof, 2. und 8. Tor
416|3887|16A|Alaudagasse U
416|3887|16A|Südwestfriedhof, 2. und 8. Tor
416|2627|16A|Südwestfriedhof, 2. und 8. Tor
416|1957|16A|Alaudagasse U
416|2008|16A|Südwestfriedhof, 2. und 8. Tor
416|1894|16A|Alaudagasse U
416|2919|16A|Südwestfriedhof, 2. und 8. Tor
416|540|16A|Alaudagasse U
416|7392|16A|Alaudagasse U
416|511|16A|Südwestfriedhof, 2. und 8. Tor
417|6111|17A|Oberlaa U
417|6135|17A|Inzersdorf, Birostraße
417|6135|17A|Oberlaa U
417|2882|17A|Inzersdorf, Birostraße
417|2900|17A|Inzersdorf, Birostraße
417|2882|17A|Oberlaa U
417|2900|17A|Oberlaa U
417|3914|17A|Oberlaa U
417|3223|17A|Oberlaa U
417|1997|17A|Inzersdorf, Birostraße
417|1985|17A|Oberlaa U
417|3228|17A|Inzersdorf, Birostraße
417|3229|17A|Oberlaa U
417|1943|17A|Inzersdorf, Birostraße
417|1943|17A|Oberlaa U
417|2551|17A|Inzersdorf, Birostraße
417|2551|17A|Oberlaa U
417|2554|17A|Inzersdorf, Birostraße
417|2553|17A|Oberlaa U
417|1998|17A|Inzersdorf, Birostraße
417|1984|17A|Oberlaa U
417|2929|17A|Inzersdorf, Birostraße
417|2909|17A|Oberlaa U
417|3222|17A|Inzersdorf, Birostraße
417|3222|17A|Oberlaa U
417|2138|17A|Inzersdorf, Birostraße
417|2128|17A|Oberlaa U
417|1988|17A|Oberlaa U
417|2004|17A|Inzersdorf, Birostraße
417|1978|17A|Oberlaa U
417|2137|17A|Inzersdorf, Birostraße
417|2129|17A|Oberlaa U
417|1976|17A|Inzersdorf, Birostraße
417|1975|17A|Oberlaa U
417|1996|17A|Inzersdorf, Birostraße
417|1986|17A|Oberlaa U
417|2930|17A|Inzersdorf, Birostraße
417|5425|17A|Inzersdorf, Birostraße
417|2931|17A|Oberlaa U
417|5425|17A|Oberlaa U
417|2918|17A|Inzersdorf, Birostraße
417|5066|17A|Inzersdorf, Birostraße
417|2918|17A|Oberlaa U
417|5066|17A|Oberlaa U
417|2921|17A|Inzersdorf, Birostraße
417|2913|17A|Oberlaa U
417|3821|17A|Oberlaa U
417|1995|17A|Inzersdorf, Birostraße
417|3849|17A|Inzersdorf, Birostraße
417|1987|17A|Oberlaa U
417|1944|17A|Inzersdorf, Birostraße
417|1970|17A|Oberlaa U
417|1973|17A|Inzersdorf, Birostraße
417|1977|17A|Oberlaa U
417|1945|17A|Inzersdorf, Birostraße
417|1969|17A|Oberlaa U
417|1895|17A|Oberlaa U
417|2003|17A|Inzersdorf, Birostraße
417|3190|17A|Inzersdorf, Birostraße
417|1979|17A|Oberlaa U
417|2236|17A|Oberlaa U
417|2142|17A|Inzersdorf, Birostraße
417|2127|17A|Oberlaa U
417|2627|17A|Inzersdorf, Birostraße
417|2928|17A|Inzersdorf, Birostraße
417|2912|17A|Oberlaa U
417|1894|17A|Inzersdorf, Birostraße
417|1955|17A|Inzersdorf, Birostraße
417|2919|17A|Inzersdorf, Birostraße
417|1894|17A|Oberlaa U
419|3171|19A|Alaudagasse U
419|3171|19A|Jura-Soyfer-Gasse
419|7360|19A|Jura-Soyfer-Gasse
419|3175|19A|Alaudagasse U
419|3170|19A|Alaudagasse U
419|5587|19A|Alaudagasse U
419|3170|19A|Jura-Soyfer-Gasse
419|5587|19A|Jura-Soyfer-Gasse
419|3174|19A|Alaudagasse U
419|7361|19A|Jura-Soyfer-Gasse
419|3169|19A|Alaudagasse U
419|7362|19A|Alaudagasse U
419|7362|19A|Jura-Soyfer-Gasse
419|3172|19A|Alaudagasse U
419|3176|19A|Alaudagasse U
419|7359|19A|Jura-Soyfer-Gasse
419|7366|19A|Alaudagasse U
419|3173|19A|Alaudagasse U
420|5246|20A|Alte Donau U
420|8174|20A|Alte Donau U
420|5246|20A|Neue Donau U
420|8174|20A|Neue Donau U
420|8173|20A|Alte Donau U
420|8172|20A|Neue Donau U
420|8761|20A|Alte Donau U
420|8762|20A|Neue Donau U
420|8757|20A|Alte Donau U
420|8776|20A|Neue Donau U
420|8756|20A|Alte Donau U
420|8777|20A|Neue Donau U
420|65|20A|Alte Donau U
420|72|20A|Alte Donau U
420|72|20A|Neue Donau U
420|8755|20A|Alte Donau U
420|8754|20A|Alte Donau U
420|8754|20A|Neue Donau U
420|8778|20A|Neue Donau U
420|8763|20A|Alte Donau U
420|8764|20A|Neue Donau U
420|8765|20A|Alte Donau U
420|8766|20A|Neue Donau U
420|8758|20A|Alte Donau U
420|8775|20A|Neue Donau U
420|8759|20A|Alte Donau U
420|8760|20A|Neue Donau U
422|1068|22A|Aspernstraße U
422|1087|22A|Kagran U
422|8683|22A|Aspernstraße U
422|8683|22A|Kagran U
422|3110|22A|Aspernstraße U
422|8190|22A|Kagran U
422|3315|22A|Aspernstraße U
422|3316|22A|Kagran U
422|3314|22A|Aspernstraße U
422|3317|22A|Kagran U
422|1075|22A|Aspernstraße U
422|1074|22A|Kagran U
422|1070|22A|Aspernstraße U
422|1085|22A|Aspernstraße U
422|1085|22A|Kagran U
422|3057|22A|Aspernstraße U
422|3057|22A|Kagran U
422|998|22A|Aspernstraße U
422|3318|22A|Kagran U
422|998|22A|Kagran U
422|3068|22A|Aspernstraße U
422|3069|22A|Kagran U
422|8649|22A|Aspernstraße U
422|1073|22A|Kagran U
422|1334|22A|Aspernstraße U
422|1335|22A|Kagran U
422|1069|22A|Aspernstraße U
422|1086|22A|Kagran U
422|3048|22A|Kagran U
422|1078|22A|Aspernstraße U
422|1079|22A|Kagran U
424|6038|24A|Kagraner Platz U
424|6038|24A|Neueßling
424|6040|24A|Kagraner Platz U
424|6037|24A|Kagraner Platz U
424|6037|24A|Neueßling
424|959|24A|Kagraner Platz U
424|977|24A|Neueßling
424|915|24A|Kagraner Platz U
424|908|24A|Neueßling
424|930|24A|Neueßling
424|3042|24A|Kagraner Platz U
424|3042|24A|Neueßling
424|941|24A|Kagraner Platz U
424|924|24A|Neueßling
424|941|24A|Neueßling
424|921|24A|Kagraner Platz U
424|910|24A|Neueßling
424|916|24A|Kagraner Platz U
424|907|24A|Neueßling
424|1278|24A|Kagraner Platz U
424|3432|24A|Kagraner Platz U
424|1278|24A|Neueßling
424|1287|24A|Neueßling
424|918|24A|Kagraner Platz U
424|905|24A|Neueßling
424|912|24A|Kagraner Platz U
424|906|24A|Neueßling
424|932|24A|Neueßling
424|9012|24A|Neueßling
424|9013|24A|Kagraner Platz U
424|6016|24A|Neueßling
424|6516|24A|Kagraner Platz U
424|919|24A|Kagraner Platz U
424|904|24A|Neueßling
424|931|24A|Neueßling
424|3066|24A|Kagraner Platz U
424|3066|24A|Neueßling
424|913|24A|Kagraner Platz U
424|913|24A|Neueßling
424|3069|24A|Kagraner Platz U
424|3068|24A|Neueßling
424|922|24A|Kagraner Platz U
424|911|24A|Neueßling
424|920|24A|Kagraner Platz U
424|903|24A|Neueßling
424|914|24A|Kagraner Platz U
424|914|24A|Neueßling
424|980|24A|Kagraner Platz U
424|917|24A|Neueßling
425|945|25A|Kagraner Platz U
425|938|25A|Süßenbrunn, Sportpark
425|2462|25A|Kagraner Platz U
425|2466|25A|Kagraner Platz U
425|943|25A|Kagraner Platz U
425|2462|25A|Süßenbrunn, Sportpark
425|2749|25A|Süßenbrunn, Sportpark
425|2464|25A|Kagraner Platz U
425|2464|25A|Süßenbrunn, Sportpark
425|999|25A|Kagraner Platz U
425|951|25A|Süßenbrunn, Sportpark
425|997|25A|Kagraner Platz U
425|5961|25A|Kagraner Platz U
425|5961|25A|Süßenbrunn, Sportpark
425|2461|25A|Kagraner Platz U
425|2467|25A|Kagraner Platz U
425|2461|25A|Süßenbrunn, Sportpark
425|2471|25A|Kagraner Platz U
425|933|25A|Süßenbrunn, Sportpark
425|5518|25A|Süßenbrunn, Sportpark
425|2544|25A|Kagraner Platz U
425|2542|25A|Süßenbrunn, Sportpark
425|2468|25A|Kagraner Platz U
425|2460|25A|Süßenbrunn, Sportpark
425|947|25A|Kagraner Platz U
425|936|25A|Süßenbrunn, Sportpark
425|3089|25A|Kagraner Platz U
425|3093|25A|Süßenbrunn, Sportpark
425|5954|25A|Kagraner Platz U
425|5951|25A|Süßenbrunn, Sportpark
425|5072|25A|Kagraner Platz U
425|5072|25A|Süßenbrunn, Sportpark
425|2463|25A|Kagraner Platz U
425|2465|25A|Kagraner Platz U
425|2463|25A|Süßenbrunn, Sportpark
425|2465|25A|Süßenbrunn, Sportpark
425|3040|25A|Kagraner Platz U
425|3040|25A|Süßenbrunn, Sportpark
425|940|25A|Kagraner Platz U
425|3958|25A|Süßenbrunn, Sportpark
425|940|25A|Süßenbrunn, Sportpark
425|3088|25A|Kagraner Platz U
425|2669|25A|Süßenbrunn, Sportpark
425|3099|25A|Kagraner Platz U
425|2670|25A|Süßenbrunn, Sportpark
425|946|25A|Kagraner Platz U
425|937|25A|Süßenbrunn, Sportpark
425|3039|25A|Süßenbrunn, Sportpark
426|6120|26A|Kagran U 26A
426|6040|26A|Groß-Enzersdorf
426|6040|26A|Kagran U 26A
426|3047|26A|Groß-Enzersdorf
426|8610|26A|Kagran U 26A
426|2406|26A|Groß-Enzersdorf
426|5702|26A|Kagran U 26A
426|1024|26A|Groß-Enzersdorf
426|1052|26A|Groß-Enzersdorf
426|1052|26A|Kagran U 26A
426|1514|26A|Kagran U 26A
426|1278|26A|Kagran U 26A
426|2404|26A|Groß-Enzersdorf
426|5704|26A|Kagran U 26A
426|1508|26A|Groß-Enzersdorf
426|1512|26A|Kagran U 26A
426|1034|26A|Groß-Enzersdorf
426|1042|26A|Kagran U 26A
426|1007|26A|Groß-Enzersdorf
426|1015|26A|Kagran U 26A
426|1032|26A|Groß-Enzersdorf
426|5743|26A|Groß-Enzersdorf
426|1044|26A|Kagran U 26A
426|5743|26A|Kagran U 26A
426|1037|26A|Groß-Enzersdorf
426|1038|26A|Groß-Enzersdorf
426|2615|26A|Groß-Enzersdorf
426|1038|26A|Kagran U 26A
426|2615|26A|Kagran U 26A
426|1029|26A|Groß-Enzersdorf
426|1047|26A|Kagran U 26A
426|6016|26A|Groß-Enzersdorf
426|6516|26A|Kagran U 26A
426|1036|26A|Groß-Enzersdorf
426|1036|26A|Kagran U 26A
426|1035|26A|Groß-Enzersdorf
426|1041|26A|Kagran U 26A
426|1025|26A|Groß-Enzersdorf
426|1051|26A|Kagran U 26A
426|2403|26A|Groß-Enzersdorf
426|2411|26A|Kagran U 26A
426|969|26A|Groß-Enzersdorf
426|1054|26A|Kagran U 26A
426|1507|26A|Groß-Enzersdorf
426|1513|26A|Kagran U 26A
426|881|26A|Groß-Enzersdorf
426|2638|26A|Groß-Enzersdorf
426|2638|26A|Kagran U 26A
426|2637|26A|Kagran U 26A
426|3045|26A|Groß-Enzersdorf
426|5510|26A|Kagran U 26A
426|2405|26A|Groß-Enzersdorf
426|5703|26A|Kagran U 26A
426|1031|26A|Groß-Enzersdorf
426|1031|26A|Kagran U 26A
426|1045|26A|Kagran U 26A
426|968|26A|Groß-Enzersdorf
426|1055|26A|Kagran U 26A
426|2631|26A|Kagran U 26A
426|1009|26A|Groß-Enzersdorf
426|5705|26A|Kagran U 26A
426|1030|26A|Groß-Enzersdorf
426|1046|26A|Kagran U 26A
426|1027|26A|Groß-Enzersdorf
426|1049|26A|Kagran U 26A
426|1033|26A|Groß-Enzersdorf
426|1043|26A|Kagran U 26A
426|1023|26A|Groß-Enzersdorf
426|1040|26A|Kagran U 26A
426|1028|26A|Groß-Enzersdorf
426|1048|26A|Kagran U 26A
426|1004|26A|Groß-Enzersdorf
426|1014|26A|Kagran U 26A
426|1506|26A|Groß-Enzersdorf
426|5706|26A|Groß-Enzersdorf
426|3043|26A|Kagran U 26A
426|1026|26A|Groß-Enzersdorf
426|1050|26A|Groß-Enzersdorf
426|1026|26A|Kagran U 26A
426|1050|26A|Kagran U 26A
426|5784|26A|Kagran U 26A
426|970|26A|Groß-Enzersdorf
426|1053|26A|Kagran U 26A
427|6041|27A|Hermann-Gebauer-Straße
427|6041|27A|Kagran U
427|3844|27A|Hermann-Gebauer-Straße
427|2602|27A|Kagran U
427|9002|27A|Kagran U
427|1133|27A|Hermann-Gebauer-Straße
427|1112|27A|Kagran U
427|2472|27A|Hermann-Gebauer-Straße
427|2581|27A|Hermann-Gebauer-Straße
427|2583|27A|Hermann-Gebauer-Straße
427|2583|27A|Kagran U
427|2474|27A|Hermann-Gebauer-Straße
427|2475|27A|Kagran U
427|3090|27A|Hermann-Gebauer-Straße
427|3097|27A|Hermann-Gebauer-Straße
427|2377|27A|Hermann-Gebauer-Straße
427|2564|27A|Kagran U
427|2555|27A|Hermann-Gebauer-Straße
427|2555|27A|Kagran U
427|1111|27A|Hermann-Gebauer-Straße
427|1134|27A|Hermann-Gebauer-Straße
427|1111|27A|Kagran U
427|3054|27A|Kagran U
427|3087|27A|Hermann-Gebauer-Straße
427|2470|27A|Kagran U
427|5818|27A|Hermann-Gebauer-Straße
427|3091|27A|Hermann-Gebauer-Straße
427|2552|27A|Kagran U
427|3038|27A|Kagran U
427|5714|27A|Hermann-Gebauer-Straße
427|2668|27A|Kagran U
427|2580|27A|Hermann-Gebauer-Straße
427|2479|27A|Kagran U
427|3046|27A|Hermann-Gebauer-Straße
427|2478|27A|Hermann-Gebauer-Straße
427|2493|27A|Kagran U
427|991|27A|Hermann-Gebauer-Straße
427|992|27A|Hermann-Gebauer-Straße
427|992|27A|Kagran U
427|3096|27A|Hermann-Gebauer-Straße
427|3407|27A|Hermann-Gebauer-Straße
427|3096|27A|Kagran U
427|2473|27A|Hermann-Gebauer-Straße
427|2476|27A|Kagran U
427|2559|27A|Hermann-Gebauer-Straße
427|2563|27A|Kagran U
427|2560|27A|Hermann-Gebauer-Straße
427|2562|27A|Kagran U
427|958|27A|Hermann-Gebauer-Straße
427|2561|27A|Kagran U
428|2937|28A|Breitenlee, Schule
428|2937|28A|Leopoldauer Platz
428|3952|28A|Leopoldauer Platz
428|916|28A|Leopoldauer Platz
428|3947|28A|Breitenlee, Schule
428|3950|28A|Leopoldauer Platz
428|3975|28A|Breitenlee, Schule
428|3975|28A|Leopoldauer Platz
428|1133|28A|Leopoldauer Platz
428|3948|28A|Breitenlee, Schule
428|8090|28A|Leopoldauer Platz
428|6016|28A|Breitenlee, Schule
428|6516|28A|Leopoldauer Platz
428|8064|28A|Breitenlee, Schule
428|3973|28A|Breitenlee, Schule
428|3974|28A|Leopoldauer Platz
428|3961|28A|Breitenlee, Schule
428|3964|28A|Leopoldauer Platz
428|1134|28A|Breitenlee, Schule
428|1134|28A|Leopoldauer Platz
428|3946|28A|Breitenlee, Schule
428|3963|28A|Leopoldauer Platz
428|8088|28A|Leopoldauer Platz
428|3949|28A|Breitenlee, Schule
428|8089|28A|Leopoldauer Platz
428|3962|28A|Breitenlee, Schule
428|3951|28A|Leopoldauer Platz
428|3960|28A|Breitenlee, Schule
428|3965|28A|Leopoldauer Platz
429|6066|29A|Floridsdorf S U
429|1109|29A|Floridsdorf S U
429|1136|29A|Großfeldsiedlung U
429|1114|29A|Floridsdorf S U
429|1131|29A|Großfeldsiedlung U
429|1112|29A|Floridsdorf S U
429|1112|29A|Großfeldsiedlung U
429|1133|29A|Großfeldsiedlung U
429|1120|29A|Floridsdorf S U
429|1125|29A|Floridsdorf S U
429|7348|29A|Floridsdorf S U
429|1120|29A|Großfeldsiedlung U
429|1125|29A|Großfeldsiedlung U
429|2343|29A|Großfeldsiedlung U
429|7348|29A|Großfeldsiedlung U
429|6016|29A|Großfeldsiedlung U
429|6516|29A|Floridsdorf S U
429|1076|29A|Floridsdorf S U
429|1100|29A|Floridsdorf S U
429|1076|29A|Großfeldsiedlung U
429|1100|29A|Großfeldsiedlung U
429|1116|29A|Floridsdorf S U
429|1129|29A|Großfeldsiedlung U
429|880|29A|Floridsdorf S U
429|1119|29A|Floridsdorf S U
429|1126|29A|Großfeldsiedlung U
429|1108|29A|Floridsdorf S U
429|1144|29A|Großfeldsiedlung U
429|1111|29A|Floridsdorf S U
429|1134|29A|Floridsdorf S U
429|1134|29A|Großfeldsiedlung U
429|1118|29A|Floridsdorf S U
429|1127|29A|Großfeldsiedlung U
429|7349|29A|Großfeldsiedlung U
429|1110|29A|Floridsdorf S U
429|1110|29A|Großfeldsiedlung U
429|1135|29A|Großfeldsiedlung U
429|1117|29A|Floridsdorf S U
429|1128|29A|Großfeldsiedlung U
429|1113|29A|Floridsdorf S U
429|1113|29A|Großfeldsiedlung U
429|1132|29A|Großfeldsiedlung U
429|1115|29A|Floridsdorf S U
429|1130|29A|Großfeldsiedlung U
430|1180|30A|Neu Leopoldau
430|1265|30A|Neu Leopoldau
430|981|30A|Stammersdorf, Freiheitsplatz
430|1179|30A|Neu Leopoldau
430|1149|30A|Stammersdorf, Freiheitsplatz
430|2434|30A|Neu Leopoldau
430|2441|30A|Stammersdorf, Freiheitsplatz
430|1177|30A|Neu Leopoldau
430|2444|30A|Neu Leopoldau
430|1150|30A|Stammersdorf, Freiheitsplatz
430|2444|30A|Stammersdorf, Freiheitsplatz
430|983|30A|Neu Leopoldau
430|986|30A|Stammersdorf, Freiheitsplatz
430|2436|30A|Neu Leopoldau
430|2439|30A|Stammersdorf, Freiheitsplatz
430|3100|30A|Neu Leopoldau
430|3224|30A|Stammersdorf, Freiheitsplatz
430|2445|30A|Neu Leopoldau
430|2433|30A|Neu Leopoldau
430|2442|30A|Stammersdorf, Freiheitsplatz
430|1147|30A|Stammersdorf, Freiheitsplatz
430|2435|30A|Neu Leopoldau
430|2440|30A|Stammersdorf, Freiheitsplatz
430|982|30A|Neu Leopoldau
430|1122|30A|Stammersdorf, Freiheitsplatz
430|3466|30A|Neu Leopoldau
430|3466|30A|Stammersdorf, Freiheitsplatz
430|985|30A|Neu Leopoldau
430|984|30A|Stammersdorf, Freiheitsplatz
430|1146|30A|Stammersdorf, Freiheitsplatz
430|1145|30A|Neu Leopoldau
430|3465|30A|Neu Leopoldau
430|2614|30A|Stammersdorf, Freiheitsplatz
430|1178|30A|Neu Leopoldau
430|1148|30A|Stammersdorf, Freiheitsplatz
430|2432|30A|Neu Leopoldau
430|2432|30A|Stammersdorf, Freiheitsplatz
430|987|30A|Neu Leopoldau
430|988|30A|Stammersdorf, Freiheitsplatz
430|2437|30A|Neu Leopoldau
430|2438|30A|Stammersdorf, Freiheitsplatz
431|6042|31A|Kagraner Platz U
431|6042|31A|Strebersdorf, Meriangasse
431|989|31A|Strebersdorf, Meriangasse
431|2667|31A|Kagraner Platz U
431|2666|31A|Strebersdorf, Meriangasse
431|1179|31A|Kagraner Platz U
431|1149|31A|Strebersdorf, Meriangasse
431|997|31A|Kagraner Platz U
431|2602|31A|Kagraner Platz U
431|1112|31A|Kagraner Platz U
431|1133|31A|Kagraner Platz U
431|1133|31A|Strebersdorf, Meriangasse
431|3166|31A|Kagraner Platz U
431|3104|31A|Strebersdorf, Meriangasse
431|6016|31A|Strebersdorf, Meriangasse
431|6516|31A|Kagraner Platz U
431|3119|31A|Kagraner Platz U
431|1177|31A|Kagraner Platz U
431|1150|31A|Strebersdorf, Meriangasse
431|3108|31A|Kagraner Platz U
431|3108|31A|Strebersdorf, Meriangasse
431|986|31A|Strebersdorf, Meriangasse
431|3100|31A|Kagraner Platz U
431|3107|31A|Strebersdorf, Meriangasse
431|3224|31A|Strebersdorf, Meriangasse
431|3120|31A|Kagraner Platz U
431|3102|31A|Strebersdorf, Meriangasse
431|3120|31A|Strebersdorf, Meriangasse
431|2564|31A|Kagraner Platz U
431|1147|31A|Kagraner Platz U
431|2555|31A|Kagraner Platz U
431|2665|31A|Kagraner Platz U
431|2664|31A|Strebersdorf, Meriangasse
431|923|31A|Kagraner Platz U
431|923|31A|Strebersdorf, Meriangasse
431|1111|31A|Kagraner Platz U
431|1134|31A|Kagraner Platz U
431|1134|31A|Strebersdorf, Meriangasse
431|1123|31A|Kagraner Platz U
431|3054|31A|Kagraner Platz U
431|1123|31A|Strebersdorf, Meriangasse
431|3101|31A|Strebersdorf, Meriangasse
431|996|31A|Kagraner Platz U
431|957|31A|Strebersdorf, Meriangasse
431|982|31A|Kagraner Platz U
431|1122|31A|Strebersdorf, Meriangasse
431|2616|31A|Strebersdorf, Meriangasse
431|984|31A|Strebersdorf, Meriangasse
431|1146|31A|Kagraner Platz U
431|1146|31A|Strebersdorf, Meriangasse
431|1145|31A|Kagraner Platz U
431|1145|31A|Strebersdorf, Meriangasse
431|3105|31A|Strebersdorf, Meriangasse
431|3109|31A|Kagraner Platz U
431|3127|31A|Kagraner Platz U
431|3109|31A|Strebersdorf, Meriangasse
431|3127|31A|Strebersdorf, Meriangasse
431|1148|31A|Kagraner Platz U
431|1178|31A|Kagraner Platz U
431|3106|31A|Strebersdorf, Meriangasse
431|1058|31A|Kagraner Platz U
431|3121|31A|Kagraner Platz U
431|1058|31A|Strebersdorf, Meriangasse
431|3121|31A|Strebersdorf, Meriangasse
431|1057|31A|Kagraner Platz U
431|1056|31A|Strebersdorf, Meriangasse
431|988|31A|Strebersdorf, Meriangasse
431|3126|31A|Kagraner Platz U
431|3122|31A|Strebersdorf, Meriangasse
431|3126|31A|Strebersdorf, Meriangasse
431|1183|31A|Strebersdorf, Meriangasse
431|2563|31A|Kagraner Platz U
431|2562|31A|Kagraner Platz U
431|2561|31A|Kagraner Platz U
431|995|31A|Kagraner Platz U
431|958|31A|Strebersdorf, Meriangasse
432|6060|32A|Bhf. Strebersdorf S
432|6060|32A|Leopoldau S U
432|6081|32A|Bhf. Strebersdorf S
432|6081|32A|Leopoldau S U
432|1159|32A|Bhf. Strebersdorf S
432|1168|32A|Bhf. Strebersdorf S
432|1159|32A|Leopoldau S U
432|1173|32A|Bhf. Strebersdorf S
432|1154|32A|Leopoldau S U
432|989|32A|Bhf. Strebersdorf S
432|989|32A|Leopoldau S U
432|1180|32A|Bhf. Strebersdorf S
432|1265|32A|Bhf. Strebersdorf S
432|981|32A|Leopoldau S U
432|1149|32A|Bhf. Strebersdorf S
432|1179|32A|Bhf. Strebersdorf S
432|1149|32A|Leopoldau S U
432|1179|32A|Leopoldau S U
432|3124|32A|Bhf. Strebersdorf S
432|3124|32A|Leopoldau S U
432|990|32A|Bhf. Strebersdorf S
432|990|32A|Leopoldau S U
432|1170|32A|Bhf. Strebersdorf S
432|1157|32A|Leopoldau S U
432|1171|32A|Bhf. Strebersdorf S
432|1156|32A|Leopoldau S U
432|6106|32A|Leopoldau S U
432|6016|32A|Bhf. Strebersdorf S
432|6516|32A|Leopoldau S U
432|1172|32A|Bhf. Strebersdorf S
432|1155|32A|Leopoldau S U
432|1150|32A|Bhf. Strebersdorf S
432|1177|32A|Bhf. Strebersdorf S
432|2444|32A|Bhf. Strebersdorf S
432|5209|32A|Bhf. Strebersdorf S
432|1150|32A|Leopoldau S U
432|1177|32A|Leopoldau S U
432|2444|32A|Leopoldau S U
432|5209|32A|Leopoldau S U
432|983|32A|Bhf. Strebersdorf S
432|986|32A|Bhf. Strebersdorf S
432|983|32A|Leopoldau S U
432|986|32A|Leopoldau S U
432|2443|32A|Bhf. Strebersdorf S
432|2448|32A|Leopoldau S U
432|3100|32A|Bhf. Strebersdorf S
432|3224|32A|Bhf. Strebersdorf S
432|3100|32A|Leopoldau S U
432|3224|32A|Leopoldau S U
432|1169|32A|Bhf. Strebersdorf S
432|1158|32A|Leopoldau S U
432|1169|32A|Leopoldau S U
432|2445|32A|Bhf. Strebersdorf S
432|2445|32A|Leopoldau S U
432|1147|32A|Bhf. Strebersdorf S
432|1147|32A|Leopoldau S U
432|1167|32A|Bhf. Strebersdorf S
432|1174|32A|Bhf. Strebersdorf S
432|1153|32A|Leopoldau S U
432|1165|32A|Bhf. Strebersdorf S
432|5225|32A|Bhf. Strebersdorf S
432|1160|32A|Leopoldau S U
432|1164|32A|Bhf. Strebersdorf S
432|2663|32A|Bhf. Strebersdorf S
432|1164|32A|Leopoldau S U
432|994|32A|Bhf. Strebersdorf S
432|3101|32A|Bhf. Strebersdorf S
432|1122|32A|Bhf. Strebersdorf S
432|982|32A|Bhf. Strebersdorf S
432|1122|32A|Leopoldau S U
432|982|32A|Leopoldau S U
432|2616|32A|Bhf. Strebersdorf S
432|2617|32A|Leopoldau S U
432|3466|32A|Bhf. Strebersdorf S
432|3466|32A|Leopoldau S U
432|984|32A|Bhf. Strebersdorf S
432|985|32A|Bhf. Strebersdorf S
432|984|32A|Leopoldau S U
432|985|32A|Leopoldau S U
432|1166|32A|Bhf. Strebersdorf S
432|1182|32A|Bhf. Strebersdorf S
432|1181|32A|Leopoldau S U
432|3123|32A|Bhf. Strebersdorf S
432|3125|32A|Leopoldau S U
432|1319|32A|Bhf. Strebersdorf S
432|1175|32A|Bhf. Strebersdorf S
432|1152|32A|Leopoldau S U
432|993|32A|Bhf. Strebersdorf S
432|1146|32A|Bhf. Strebersdorf S
432|1146|32A|Leopoldau S U
432|1145|32A|Bhf. Strebersdorf S
432|1145|32A|Leopoldau S U
432|2614|32A|Bhf. Strebersdorf S
432|3465|32A|Bhf. Strebersdorf S
432|2614|32A|Leopoldau S U
432|3465|32A|Leopoldau S U
432|1148|32A|Bhf. Strebersdorf S
432|1178|32A|Bhf. Strebersdorf S
432|1148|32A|Leopoldau S U
432|1178|32A|Leopoldau S U
432|2432|32A|Leopoldau S U
432|987|32A|Bhf. Strebersdorf S
432|988|32A|Bhf. Strebersdorf S
432|987|32A|Leopoldau S U
432|988|32A|Leopoldau S U
432|3122|32A|Bhf. Strebersdorf S
432|3126|32A|Bhf. Strebersdorf S
432|978|32A|Bhf. Strebersdorf S
432|3126|32A|Leopoldau S U
432|1183|32A|Bhf. Strebersdorf S
432|979|32A|Leopoldau S U
432|2437|32A|Bhf. Strebersdorf S
432|2438|32A|Leopoldau S U
433|5559|33A|Floridsdorf S U
433|5558|33A|Floridsdorf S U
433|5560|33A|Mühlschüttel
433|2343|33A|Floridsdorf S U
433|5070|33A|Floridsdorf S U
433|5070|33A|Mühlschüttel
433|5542|33A|Floridsdorf S U
433|5738|33A|Mühlschüttel
433|5557|33A|Floridsdorf S U
433|5585|33A|Mühlschüttel
433|5526|33A|Floridsdorf S U
433|5526|33A|Mühlschüttel
433|5527|33A|Floridsdorf S U
433|5586|33A|Mühlschüttel
434|638|34A|Floridsdorf S U
434|8786|34A|Bhf. Strebersdorf S
434|8787|34A|Floridsdorf S U
434|8812|34A|Bhf. Strebersdorf S
434|8812|34A|Floridsdorf S U
434|8782|34A|Bhf. Strebersdorf S
434|1314|34A|Floridsdorf S U
434|5737|34A|Bhf. Strebersdorf S
434|3852|34A|Floridsdorf S U
434|5737|34A|Floridsdorf S U
434|8780|34A|Bhf. Strebersdorf S
434|8779|34A|Floridsdorf S U
434|8804|34A|Floridsdorf S U
434|8805|34A|Bhf. Strebersdorf S
434|8783|34A|Bhf. Strebersdorf S
434|8971|34A|Floridsdorf S U
434|8790|34A|Bhf. Strebersdorf S
434|8791|34A|Bhf. Strebersdorf S
434|8791|34A|Floridsdorf S U
434|8788|34A|Bhf. Strebersdorf S
434|8789|34A|Floridsdorf S U
434|8784|34A|Bhf. Strebersdorf S
434|8785|34A|Floridsdorf S U
434|8802|34A|Bhf. Strebersdorf S
434|8803|34A|Floridsdorf S U
434|5738|34A|Bhf. Strebersdorf S
434|8792|34A|Bhf. Strebersdorf S
434|8793|34A|Floridsdorf S U
434|8798|34A|Bhf. Strebersdorf S
434|8799|34A|Bhf. Strebersdorf S
434|8798|34A|Floridsdorf S U
434|8800|34A|Bhf. Strebersdorf S
434|8801|34A|Floridsdorf S U
434|8813|34A|Floridsdorf S U
434|8810|34A|Bhf. Strebersdorf S
434|8811|34A|Floridsdorf S U
434|8807|34A|Bhf. Strebersdorf S
434|8806|34A|Floridsdorf S U
434|8796|34A|Bhf. Strebersdorf S
434|8797|34A|Floridsdorf S U
434|8794|34A|Bhf. Strebersdorf S
434|8795|34A|Floridsdorf S U
435|4818|35A|Salmannsdorf Dummy
435|4818|35A|Spittelau S U
435|1243|35A|Salmannsdorf Dummy
435|1251|35A|Spittelau S U
435|1234|35A|Salmannsdorf Dummy
435|1263|35A|Spittelau S U
435|6016|35A|Salmannsdorf Dummy
435|6516|35A|Spittelau S U
435|6014|35A|Salmannsdorf Dummy
435|6514|35A|Spittelau S U
435|2964|35A|Salmannsdorf Dummy
435|2985|35A|Salmannsdorf Dummy
435|2985|35A|Spittelau S U
435|1238|35A|Salmannsdorf Dummy
435|1343|35A|Salmannsdorf Dummy
435|1257|35A|Spittelau S U
435|1343|35A|Spittelau S U
435|1264|35A|Spittelau S U
435|1237|35A|Salmannsdorf Dummy
435|1258|35A|Spittelau S U
435|1232|35A|Salmannsdorf Dummy
435|1227|35A|Spittelau S U
435|1232|35A|Spittelau S U
435|1245|35A|Salmannsdorf Dummy
435|1256|35A|Spittelau S U
435|1240|35A|Salmannsdorf Dummy
435|1254|35A|Spittelau S U
435|1236|35A|Salmannsdorf Dummy
435|1259|35A|Spittelau S U
435|1233|35A|Salmannsdorf Dummy
435|1233|35A|Spittelau S U
435|1261|35A|Spittelau S U
435|1242|35A|Salmannsdorf Dummy
435|1252|35A|Spittelau S U
435|1241|35A|Salmannsdorf Dummy
435|1253|35A|Salmannsdorf Dummy
435|1241|35A|Spittelau S U
435|1253|35A|Spittelau S U
435|1230|35A|Salmannsdorf Dummy
435|1230|35A|Spittelau S U
435|640|35A|Spittelau S U
435|1262|35A|Spittelau S U
435|1235|35A|Salmannsdorf Dummy
435|1260|35A|Spittelau S U
435|1250|35A|Salmannsdorf Dummy
435|1250|35A|Spittelau S U
435|9900|35A|Salmannsdorf Dummy
435|9900|35A|Spittelau S U
435|3516|35A|Salmannsdorf Dummy
435|3516|35A|Spittelau S U
435|1239|35A|Salmannsdorf Dummy
435|1255|35A|Spittelau S U
435|1231|35A|Salmannsdorf Dummy
435|1247|35A|Salmannsdorf Dummy
436|1094|36A|Jedlesee, Bellgasse
436|1180|36A|Carabelligasse
436|1149|36A|Jedlesee, Bellgasse
436|1061|36A|Carabelligasse
436|990|36A|Carabelligasse
436|990|36A|Jedlesee, Bellgasse
436|3521|36A|Carabelligasse
436|3522|36A|Jedlesee, Bellgasse
436|1060|36A|Carabelligasse
436|1314|36A|Jedlesee, Bellgasse
436|6016|36A|Carabelligasse
436|6516|36A|Jedlesee, Bellgasse
436|1150|36A|Carabelligasse
436|1177|36A|Carabelligasse
436|1150|36A|Jedlesee, Bellgasse
436|1177|36A|Jedlesee, Bellgasse
436|3108|36A|Carabelligasse
436|983|36A|Carabelligasse
436|3108|36A|Jedlesee, Bellgasse
436|3100|36A|Carabelligasse
436|3107|36A|Carabelligasse
436|1064|36A|Jedlesee, Bellgasse
436|3100|36A|Jedlesee, Bellgasse
436|3107|36A|Jedlesee, Bellgasse
436|1092|36A|Jedlesee, Bellgasse
436|5544|36A|Carabelligasse
436|1089|36A|Jedlesee, Bellgasse
436|1095|36A|Carabelligasse
436|1095|36A|Jedlesee, Bellgasse
436|1147|36A|Jedlesee, Bellgasse
436|1062|36A|Carabelligasse
436|1091|36A|Jedlesee, Bellgasse
436|5535|36A|Carabelligasse
436|1090|36A|Jedlesee, Bellgasse
436|994|36A|Jedlesee, Bellgasse
436|982|36A|Carabelligasse
436|982|36A|Jedlesee, Bellgasse
436|1093|36A|Jedlesee, Bellgasse
436|985|36A|Carabelligasse
436|1319|36A|Jedlesee, Bellgasse
436|993|36A|Jedlesee, Bellgasse
436|1148|36A|Jedlesee, Bellgasse
436|987|36A|Carabelligasse
436|5536|36A|Carabelligasse
436|1088|36A|Jedlesee, Bellgasse
437|2648|37A|Brigittenauer Brücke
437|2647|37A|Dänenstraße
437|2459|37A|Brigittenauer Brücke
437|622|37A|Brigittenauer Brücke
437|622|37A|Dänenstraße
437|1295|37A|Brigittenauer Brücke
437|1279|37A|Dänenstraße
437|1268|37A|Brigittenauer Brücke
437|1282|37A|Brigittenauer Brücke
437|1268|37A|Dänenstraße
437|643|37A|Brigittenauer Brücke
437|633|37A|Dänenstraße
437|323|37A|Brigittenauer Brücke
437|318|37A|Dänenstraße
437|635|37A|Dänenstraße
437|1294|37A|Brigittenauer Brücke
437|1280|37A|Dänenstraße
437|642|37A|Brigittenauer Brücke
437|634|37A|Dänenstraße
437|1297|37A|Brigittenauer Brücke
437|2999|37A|Brigittenauer Brücke
437|2494|37A|Dänenstraße
437|1293|37A|Brigittenauer Brücke
437|1281|37A|Dänenstraße
437|3001|37A|Brigittenauer Brücke
437|3002|37A|Dänenstraße
437|2496|37A|Brigittenauer Brücke
437|2495|37A|Dänenstraße
437|1269|37A|Brigittenauer Brücke
437|640|37A|Brigittenauer Brücke
437|1230|37A|Dänenstraße
437|640|37A|Dänenstraße
437|2499|37A|Brigittenauer Brücke
437|2498|37A|Dänenstraße
437|1298|37A|Brigittenauer Brücke
437|2949|37A|Dänenstraße
437|1296|37A|Brigittenauer Brücke
437|1231|37A|Dänenstraße
437|1247|37A|Dänenstraße
438|6103|38A|Leopoldsberg
438|6026|38A|Bahnhof Heiligenstadt S U
438|6026|38A|Leopoldsberg
438|854|38A|Bahnhof Heiligenstadt S U
438|829|38A|Leopoldsberg
438|1246|38A|Bahnhof Heiligenstadt S U
438|826|38A|Bahnhof Heiligenstadt S U
438|826|38A|Leopoldsberg
438|1308|38A|Bahnhof Heiligenstadt S U
438|1308|38A|Leopoldsberg
438|774|38A|Leopoldsberg
438|850|38A|Bahnhof Heiligenstadt S U
438|839|38A|Leopoldsberg
438|872|38A|Bahnhof Heiligenstadt S U
438|856|38A|Leopoldsberg
438|5200|38A|Bahnhof Heiligenstadt S U
438|859|38A|Bahnhof Heiligenstadt S U
438|5200|38A|Leopoldsberg
438|859|38A|Leopoldsberg
438|778|38A|Bahnhof Heiligenstadt S U
438|776|38A|Leopoldsberg
438|858|38A|Bahnhof Heiligenstadt S U
438|828|38A|Leopoldsberg
438|864|38A|Bahnhof Heiligenstadt S U
438|863|38A|Leopoldsberg
438|6016|38A|Leopoldsberg
438|6516|38A|Bahnhof Heiligenstadt S U
438|873|38A|Bahnhof Heiligenstadt S U
438|855|38A|Leopoldsberg
438|873|38A|Leopoldsberg
438|870|38A|Bahnhof Heiligenstadt S U
438|827|38A|Leopoldsberg
438|801|38A|Bahnhof Heiligenstadt S U
438|801|38A|Leopoldsberg
438|775|38A|Bahnhof Heiligenstadt S U
438|865|38A|Bahnhof Heiligenstadt S U
438|1564|38A|Leopoldsberg
438|775|38A|Leopoldsberg
438|865|38A|Leopoldsberg
438|867|38A|Bahnhof Heiligenstadt S U
438|861|38A|Leopoldsberg
438|805|38A|Leopoldsberg
438|777|38A|Bahnhof Heiligenstadt S U
438|777|38A|Leopoldsberg
438|853|38A|Bahnhof Heiligenstadt S U
438|830|38A|Leopoldsberg
438|825|38A|Bahnhof Heiligenstadt S U
438|824|38A|Leopoldsberg
438|866|38A|Bahnhof Heiligenstadt S U
438|862|38A|Leopoldsberg
438|857|38A|Bahnhof Heiligenstadt S U
438|871|38A|Bahnhof Heiligenstadt S U
438|857|38A|Leopoldsberg
439|6052|39A|Bahnhof Heiligenstadt S U
439|6052|39A|Neustift, Agnesgasse
439|1374|39A|Bahnhof Heiligenstadt S U
439|1358|39A|Neustift, Agnesgasse
439|1206|39A|Bahnhof Heiligenstadt S U
439|1206|39A|Neustift, Agnesgasse
439|2988|39A|Bahnhof Heiligenstadt S U
439|2961|39A|Neustift, Agnesgasse
439|1188|39A|Bahnhof Heiligenstadt S U
439|1195|39A|Bahnhof Heiligenstadt S U
439|1188|39A|Neustift, Agnesgasse
439|1266|39A|Bahnhof Heiligenstadt S U
439|1229|39A|Neustift, Agnesgasse
439|1196|39A|Bahnhof Heiligenstadt S U
439|1187|39A|Neustift, Agnesgasse
439|1249|39A|Bahnhof Heiligenstadt S U
439|1248|39A|Neustift, Agnesgasse
439|6016|39A|Neustift, Agnesgasse
439|6516|39A|Bahnhof Heiligenstadt S U
439|2989|39A|Bahnhof Heiligenstadt S U
439|2960|39A|Neustift, Agnesgasse
439|1194|39A|Bahnhof Heiligenstadt S U
439|1189|39A|Neustift, Agnesgasse
439|1359|39A|Bahnhof Heiligenstadt S U
439|1359|39A|Neustift, Agnesgasse
439|1286|39A|Bahnhof Heiligenstadt S U
439|1215|39A|Neustift, Agnesgasse
439|1193|39A|Bahnhof Heiligenstadt S U
439|1185|39A|Neustift, Agnesgasse
439|2987|39A|Bahnhof Heiligenstadt S U
439|2962|39A|Neustift, Agnesgasse
439|1197|39A|Bahnhof Heiligenstadt S U
439|1186|39A|Neustift, Agnesgasse
439|1192|39A|Bahnhof Heiligenstadt S U
439|1191|39A|Neustift, Agnesgasse
439|1192|39A|Neustift, Agnesgasse
439|2986|39A|Bahnhof Heiligenstadt S U
439|1289|39A|Neustift, Agnesgasse
439|2986|39A|Neustift, Agnesgasse
440|6094|40A|Döblinger Friedhof
440|6094|40A|Schottentor U
440|1273|40A|Döblinger Friedhof
440|679|40A|Döblinger Friedhof
440|679|40A|Schottentor U
440|1272|40A|Döblinger Friedhof
440|1301|40A|Schottentor U
440|1271|40A|Döblinger Friedhof
440|1302|40A|Schottentor U
440|1291|40A|Döblinger Friedhof
440|1270|40A|Schottentor U
440|1279|40A|Döblinger Friedhof
440|1295|40A|Schottentor U
440|1282|40A|Döblinger Friedhof
440|2966|40A|Döblinger Friedhof
440|1282|40A|Schottentor U
440|1284|40A|Döblinger Friedhof
440|1284|40A|Schottentor U
440|1285|40A|Döblinger Friedhof
440|1285|40A|Schottentor U
440|6016|40A|Döblinger Friedhof
440|6516|40A|Schottentor U
440|1280|40A|Döblinger Friedhof
440|1294|40A|Schottentor U
440|1276|40A|Döblinger Friedhof
440|1297|40A|Döblinger Friedhof
440|1297|40A|Schottentor U
440|1283|40A|Schottentor U
440|1325|40A|Döblinger Friedhof
440|1325|40A|Schottentor U
440|1281|40A|Döblinger Friedhof
440|1293|40A|Schottentor U
440|383|40A|Schottentor U
440|1290|40A|Döblinger Friedhof
440|1303|40A|Döblinger Friedhof
440|1303|40A|Schottentor U
440|1275|40A|Döblinger Friedhof
440|1275|40A|Schottentor U
440|1298|40A|Schottentor U
440|1231|40A|Döblinger Friedhof
440|1231|40A|Schottentor U
440|1296|40A|Schottentor U
440|1274|40A|Döblinger Friedhof
440|1299|40A|Döblinger Friedhof
440|1274|40A|Schottentor U
440|1299|40A|Schottentor U
441|1321|41A|Neustifter Friedhof 3.Tor
441|1330|41A|Pötzleinsdorf
441|1323|41A|Neustifter Friedhof 3.Tor
441|1328|41A|Pötzleinsdorf
441|1324|41A|Neustifter Friedhof 3.Tor
441|1327|41A|Pötzleinsdorf
441|2696|41A|Neustifter Friedhof 3.Tor
441|1326|41A|Neustifter Friedhof 3.Tor
441|1326|41A|Pötzleinsdorf
441|1320|41A|Neustifter Friedhof 3.Tor
441|1320|41A|Pötzleinsdorf
441|1322|41A|Neustifter Friedhof 3.Tor
441|1329|41A|Pötzleinsdorf
442|8852|42A|Hernals S
442|8853|42A|Schafberghöhe
442|2969|42A|Hernals S
442|5197|42A|Hernals S
442|2980|42A|Schafberghöhe
442|8836|42A|Schafberghöhe
442|3874|42A|Hernals S
442|3871|42A|Schafberghöhe
442|8850|42A|Hernals S
442|8838|42A|Schafberghöhe
442|8834|42A|Hernals S
442|8834|42A|Schafberghöhe
442|8833|42A|Hernals S
442|8835|42A|Schafberghöhe
442|8848|42A|Hernals S
442|8840|42A|Schafberghöhe
442|8851|42A|Hernals S
442|8837|42A|Schafberghöhe
442|8192|42A|Hernals S
442|8193|42A|Schafberghöhe
442|2970|42A|Hernals S
442|3959|42A|Schafberghöhe
442|8842|42A|Hernals S
442|8846|42A|Hernals S
442|8842|42A|Schafberghöhe
442|8843|42A|Schafberghöhe
442|8844|42A|Hernals S
442|8844|42A|Schafberghöhe
442|8849|42A|Hernals S
442|8839|42A|Schafberghöhe
442|5196|42A|Hernals S
442|522|42A|Schafberghöhe
442|8847|42A|Hernals S
442|8841|42A|Schafberghöhe
443|8821|43A|Cobenzl-Parkplatz
443|8824|43A|Hernals, Wattgasse
443|869|43A|Cobenzl-Parkplatz
443|869|43A|Hernals, Wattgasse
443|1349|43A|Cobenzl-Parkplatz
443|7445|43A|Cobenzl-Parkplatz
443|7445|43A|Hernals, Wattgasse
443|7446|43A|Hernals, Wattgasse
443|1350|43A|Cobenzl-Parkplatz
443|7441|43A|Cobenzl-Parkplatz
443|1355|43A|Hernals, Wattgasse
443|7440|43A|Hernals, Wattgasse
443|8859|43A|Cobenzl-Parkplatz
443|8862|43A|Hernals, Wattgasse
443|8855|43A|Cobenzl-Parkplatz
443|8867|43A|Hernals, Wattgasse
443|7443|43A|Cobenzl-Parkplatz
443|7442|43A|Hernals, Wattgasse
443|8833|43A|Cobenzl-Parkplatz
443|8833|43A|Hernals, Wattgasse
443|1351|43A|Cobenzl-Parkplatz
443|1354|43A|Hernals, Wattgasse
443|7439|43A|Hernals, Wattgasse
443|8860|43A|Cobenzl-Parkplatz
443|8861|43A|Hernals, Wattgasse
443|8822|43A|Cobenzl-Parkplatz
443|8865|43A|Hernals, Wattgasse
443|8856|43A|Cobenzl-Parkplatz
443|8866|43A|Hernals, Wattgasse
443|5744|43A|Cobenzl-Parkplatz
443|7438|43A|Cobenzl-Parkplatz
443|5744|43A|Hernals, Wattgasse
443|7437|43A|Hernals, Wattgasse
443|8854|43A|Cobenzl-Parkplatz
443|8868|43A|Hernals, Wattgasse
443|8858|43A|Cobenzl-Parkplatz
443|8858|43A|Hernals, Wattgasse
443|8863|43A|Hernals, Wattgasse
443|8857|43A|Cobenzl-Parkplatz
443|8864|43A|Hernals, Wattgasse
444|8893|44A|Hernals S
444|8873|44A|Mitterberg
444|1356|44A|Hernals S
444|1349|44A|Mitterberg
444|8895|44A|Hernals S
444|1350|44A|Mitterberg
444|8891|44A|Hernals S
444|8875|44A|Mitterberg
444|8885|44A|Hernals S
444|8883|44A|Mitterberg
444|1357|44A|Hernals S
444|8869|44A|Hernals S
444|8869|44A|Mitterberg
444|8879|44A|Hernals S
444|8888|44A|Hernals S
444|8879|44A|Mitterberg
444|8894|44A|Hernals S
444|8872|44A|Mitterberg
444|8890|44A|Hernals S
444|8876|44A|Mitterberg
444|8884|44A|Hernals S
444|8884|44A|Mitterberg
444|8886|44A|Hernals S
444|8887|44A|Hernals S
444|8880|44A|Mitterberg
444|8882|44A|Mitterberg
444|8889|44A|Hernals S
444|8877|44A|Mitterberg
444|8878|44A|Mitterberg
444|8881|44A|Mitterberg
444|8892|44A|Hernals S
444|8874|44A|Mitterberg
445|8900|45A|Liebhartstal
445|8902|45A|Ottakring SU
445|8901|45A|Liebhartstal
445|8901|45A|Ottakring SU
445|5695|45A|Ottakring SU
445|5694|45A|Liebhartstal
445|242|45A|Ottakring SU
445|1528|45A|Ottakring SU
445|8897|45A|Liebhartstal
445|8898|45A|Liebhartstal
445|8828|45A|Ottakring SU
445|8897|45A|Ottakring SU
445|8899|45A|Liebhartstal
445|8903|45A|Ottakring SU
446|8911|46A|Ottakring SU
446|8930|46A|Ottakring SU
446|8929|46A|Ottakring SU
446|8923|46A|Wilhelminenberg
446|8921|46A|Wilhelminenberg
446|5695|46A|Ottakring SU
446|242|46A|Ottakring SU
446|5694|46A|Wilhelminenberg
446|8925|46A|Wilhelminenberg
446|1528|46A|Ottakring SU
446|8828|46A|Ottakring SU
446|8897|46A|Ottakring SU
446|8828|46A|Wilhelminenberg
446|8898|46A|Wilhelminenberg
446|8932|46A|Ottakring SU
446|8906|46A|Wilhelminenberg
446|8932|46A|Wilhelminenberg
446|8934|46A|Ottakring SU
446|8924|46A|Wilhelminenberg
446|8922|46A|Wilhelminenberg
446|8931|46A|Ottakring SU
446|8926|46A|Wilhelminenberg
446|8920|46A|Wilhelminenberg
446|8928|46A|Ottakring SU
446|8933|46A|Ottakring SU
446|8927|46A|Ottakring SU
446|8927|46A|Wilhelminenberg
447|2275|47A|Klinik Penzing
447|2272|47A|Klinik Penzing
447|2281|47A|Unter St. Veit U
447|2273|47A|Klinik Penzing
447|2265|47A|Unter St. Veit U
447|2268|47A|Unter St. Veit U
447|2294|47A|Unter St. Veit U
447|2262|47A|Klinik Penzing
447|2262|47A|Unter St. Veit U
447|2295|47A|Unter St. Veit U
447|2458|47A|Unter St. Veit U
447|2274|47A|Klinik Penzing
447|2296|47A|Unter St. Veit U
447|2263|47A|Unter St. Veit U
447|2264|47A|Unter St. Veit U
447|2271|47A|Klinik Penzing
447|2646|47A|Klinik Penzing
447|2266|47A|Unter St. Veit U
447|2269|47A|Klinik Penzing
447|2269|47A|Unter St. Veit U
447|1456|47A|Klinik Penzing
447|2267|47A|Unter St. Veit U
447|2270|47A|Klinik Penzing
448|1376|48A|Klinik Penzing
448|5691|48A|Parlament, U Volkstheater
448|6109|48A|Klinik Penzing
448|6109|48A|Parlament, U Volkstheater
448|2636|48A|Klinik Penzing
448|1428|48A|Parlament, U Volkstheater
448|1431|48A|Klinik Penzing
448|1431|48A|Parlament, U Volkstheater
448|1429|48A|Parlament, U Volkstheater
448|6115|48A|Parlament, U Volkstheater
448|6014|48A|Klinik Penzing
448|6514|48A|Parlament, U Volkstheater
448|1411|48A|Klinik Penzing
448|1530|48A|Parlament, U Volkstheater
448|1386|48A|Klinik Penzing
448|565|48A|Klinik Penzing
448|584|48A|Klinik Penzing
448|1386|48A|Parlament, U Volkstheater
448|565|48A|Parlament, U Volkstheater
448|584|48A|Parlament, U Volkstheater
448|1432|48A|Parlament, U Volkstheater
448|1405|48A|Klinik Penzing
448|1402|48A|Klinik Penzing
448|1402|48A|Parlament, U Volkstheater
448|1407|48A|Klinik Penzing
448|1438|48A|Klinik Penzing
448|1439|48A|Parlament, U Volkstheater
448|1419|48A|Klinik Penzing
448|1420|48A|Klinik Penzing
448|2262|48A|Klinik Penzing
448|1419|48A|Parlament, U Volkstheater
448|1420|48A|Parlament, U Volkstheater
448|2262|48A|Parlament, U Volkstheater
448|1426|48A|Parlament, U Volkstheater
448|1434|48A|Klinik Penzing
448|1434|48A|Parlament, U Volkstheater
448|1403|48A|Klinik Penzing
448|1527|48A|Klinik Penzing
448|1528|48A|Parlament, U Volkstheater
448|1418|48A|Klinik Penzing
448|2263|48A|Klinik Penzing
448|1421|48A|Parlament, U Volkstheater
448|2263|48A|Parlament, U Volkstheater
448|1408|48A|Klinik Penzing
448|1375|48A|Klinik Penzing
448|1375|48A|Parlament, U Volkstheater
448|1410|48A|Klinik Penzing
448|1410|48A|Parlament, U Volkstheater
448|1409|48A|Klinik Penzing
448|1413|48A|Klinik Penzing
448|585|48A|Parlament, U Volkstheater
448|1417|48A|Klinik Penzing
448|1417|48A|Parlament, U Volkstheater
448|1422|48A|Parlament, U Volkstheater
448|897|48A|Klinik Penzing
448|897|48A|Parlament, U Volkstheater
448|1378|48A|Klinik Penzing
448|1393|48A|Parlament, U Volkstheater
448|1416|48A|Klinik Penzing
448|1423|48A|Parlament, U Volkstheater
448|1435|48A|Parlament, U Volkstheater
448|1377|48A|Klinik Penzing
448|1394|48A|Parlament, U Volkstheater
448|1406|48A|Klinik Penzing
448|1406|48A|Parlament, U Volkstheater
448|1379|48A|Klinik Penzing
448|1430|48A|Parlament, U Volkstheater
448|1401|48A|Klinik Penzing
448|1482|48A|Klinik Penzing
448|1482|48A|Parlament, U Volkstheater
448|1415|48A|Klinik Penzing
448|1424|48A|Parlament, U Volkstheater
448|1433|48A|Parlament, U Volkstheater
448|1404|48A|Klinik Penzing
449|3273|49A|Bhf. Hütteldorf S U
449|5698|49A|Wolfersberg, Schöffelplatz
449|3242|49A|Bhf. Hütteldorf S U
449|3282|49A|Bhf. Hütteldorf S U
449|3349|49A|Bhf. Hütteldorf S U
449|3282|49A|Wolfersberg, Schöffelplatz
449|3266|49A|Bhf. Hütteldorf S U
449|3266|49A|Wolfersberg, Schöffelplatz
449|3263|49A|Wolfersberg, Schöffelplatz
449|3274|49A|Bhf. Hütteldorf S U
449|3260|49A|Wolfersberg, Schöffelplatz
449|5814|49A|Bhf. Hütteldorf S U
449|3310|49A|Wolfersberg, Schöffelplatz
449|3275|49A|Bhf. Hütteldorf S U
449|3267|49A|Bhf. Hütteldorf S U
449|3262|49A|Wolfersberg, Schöffelplatz
449|3261|49A|Wolfersberg, Schöffelplatz
449|3268|49A|Bhf. Hütteldorf S U
449|3265|49A|Bhf. Hütteldorf S U
449|3255|49A|Wolfersberg, Schöffelplatz
449|3272|49A|Bhf. Hütteldorf S U
449|3257|49A|Wolfersberg, Schöffelplatz
449|3272|49A|Wolfersberg, Schöffelplatz
449|3269|49A|Bhf. Hütteldorf S U
449|3271|49A|Bhf. Hütteldorf S U
449|3258|49A|Wolfersberg, Schöffelplatz
449|3270|49A|Bhf. Hütteldorf S U
449|3276|49A|Bhf. Hütteldorf S U
449|3256|49A|Wolfersberg, Schöffelplatz
449|3259|49A|Wolfersberg, Schöffelplatz
449|3254|49A|Wolfersberg, Schöffelplatz
449|5812|49A|Bhf. Hütteldorf S U
449|3264|49A|Bhf. Hütteldorf S U
449|3264|49A|Wolfersberg, Schöffelplatz
449|5813|49A|Bhf. Hütteldorf S U
449|5792|49A|Wolfersberg, Schöffelplatz
450|3244|50A|Auhof
450|3244|50A|Bhf. Hütteldorf S U
450|5797|50A|Auhof
450|3249|50A|Bhf. Hütteldorf S U
450|5698|50A|Auhof
450|3242|50A|Auhof
450|3242|50A|Bhf. Hütteldorf S U
450|3282|50A|Bhf. Hütteldorf S U
450|3349|50A|Bhf. Hütteldorf S U
450|3250|50A|Auhof
450|3248|50A|Bhf. Hütteldorf S U
450|3310|50A|Auhof
450|5814|50A|Bhf. Hütteldorf S U
450|5796|50A|Auhof
450|5799|50A|Bhf. Hütteldorf S U
450|5794|50A|Auhof
450|5811|50A|Bhf. Hütteldorf S U
450|5793|50A|Auhof
450|5812|50A|Bhf. Hütteldorf S U
450|3251|50A|Auhof
450|3247|50A|Bhf. Hütteldorf S U
450|5816|50A|Auhof
450|5817|50A|Bhf. Hütteldorf S U
450|5795|50A|Auhof
450|5810|50A|Bhf. Hütteldorf S U
450|5792|50A|Auhof
450|7488|50A|Auhof
450|5813|50A|Bhf. Hütteldorf S U
450|3245|50A|Bhf. Hütteldorf S U
450|3246|50A|Bhf. Hütteldorf S U
451|158|51A|Hietzing U
451|139|51A|Ottakringer Bad
451|154|51A|Hietzing U
451|153|51A|Ottakringer Bad
451|155|51A|Hietzing U
451|152|51A|Ottakringer Bad
451|159|51A|Hietzing U
451|138|51A|Ottakringer Bad
451|184|51A|Hietzing U
451|180|51A|Ottakringer Bad
451|2671|51A|Hietzing U
451|2671|51A|Ottakringer Bad
451|185|51A|Hietzing U
451|179|51A|Ottakringer Bad
451|157|51A|Hietzing U
451|140|51A|Ottakringer Bad
451|183|51A|Hietzing U
451|181|51A|Ottakringer Bad
451|156|51A|Hietzing U
451|151|51A|Ottakringer Bad
451|182|51A|Hietzing U
451|4834|51A|Hietzing U
451|4834|51A|Ottakringer Bad
451|186|51A|Hietzing U
451|178|51A|Ottakringer Bad
452|8832|52A|Bhf. Hütteldorf S U
452|5698|52A|Jägerwaldsiedlung
452|3283|52A|Bhf. Hütteldorf S U
452|3349|52A|Bhf. Hütteldorf S U
452|3283|52A|Jägerwaldsiedlung
452|3292|52A|Bhf. Hütteldorf S U
452|3285|52A|Jägerwaldsiedlung
452|8831|52A|Bhf. Hütteldorf S U
452|8814|52A|Jägerwaldsiedlung
452|3287|52A|Bhf. Hütteldorf S U
452|3291|52A|Bhf. Hütteldorf S U
452|8829|52A|Bhf. Hütteldorf S U
452|8816|52A|Jägerwaldsiedlung
452|8829|52A|Jägerwaldsiedlung
452|3286|52A|Bhf. Hütteldorf S U
452|3286|52A|Jägerwaldsiedlung
452|3284|52A|Jägerwaldsiedlung
452|3289|52A|Bhf. Hütteldorf S U
452|3290|52A|Bhf. Hütteldorf S U
452|3288|52A|Bhf. Hütteldorf S U
452|8817|52A|Jägerwaldsiedlung
452|8830|52A|Bhf. Hütteldorf S U
452|8815|52A|Jägerwaldsiedlung
453|8935|53A|Bhf. Hütteldorf SU
453|8935|53A|Stock im Weg
453|8111|53A|Bhf. Hütteldorf SU
453|8964|53A|Stock im Weg
453|8112|53A|Bhf. Hütteldorf SU
453|8963|53A|Stock im Weg
453|8954|53A|Stock im Weg
453|8953|53A|Stock im Weg
453|8949|53A|Bhf. Hütteldorf SU
453|8938|53A|Stock im Weg
453|8110|53A|Bhf. Hütteldorf SU
453|2296|53A|Bhf. Hütteldorf SU
453|5243|53A|Stock im Weg
453|5063|53A|Bhf. Hütteldorf SU
453|5242|53A|Stock im Weg
453|8951|53A|Bhf. Hütteldorf SU
453|8936|53A|Stock im Weg
453|8945|53A|Bhf. Hütteldorf SU
453|8952|53A|Bhf. Hütteldorf SU
453|8942|53A|Stock im Weg
453|8114|53A|Bhf. Hütteldorf SU
453|8970|53A|Stock im Weg
453|8946|53A|Bhf. Hütteldorf SU
453|8941|53A|Stock im Weg
453|8118|53A|Bhf. Hütteldorf SU
453|8117|53A|Bhf. Hütteldorf SU
453|8948|53A|Bhf. Hütteldorf SU
453|8939|53A|Stock im Weg
453|8950|53A|Bhf. Hütteldorf SU
453|8937|53A|Stock im Weg
453|8965|53A|Bhf. Hütteldorf SU
453|8965|53A|Stock im Weg
453|8955|53A|Stock im Weg
453|8116|53A|Bhf. Hütteldorf SU
453|8943|53A|Bhf. Hütteldorf SU
453|8944|53A|Bhf. Hütteldorf SU
453|8943|53A|Stock im Weg
453|8115|53A|Bhf. Hütteldorf SU
453|8956|53A|Stock im Weg
453|8947|53A|Bhf. Hütteldorf SU
453|8940|53A|Stock im Weg
453|8113|53A|Bhf. Hütteldorf SU
453|8957|53A|Stock im Weg
454|3240|54A|Hörndlwald
454|8969|54A|Ober St. Veit U
454|8105|54A|Hörndlwald
454|8968|54A|Ober St. Veit U
454|8180|54A|Hörndlwald
454|8964|54A|Ober St. Veit U
454|8112|54A|Hörndlwald
454|8963|54A|Ober St. Veit U
454|8960|54A|Hörndlwald
454|8960|54A|Ober St. Veit U
454|8959|54A|Hörndlwald
454|8961|54A|Ober St. Veit U
454|2296|54A|Hörndlwald
454|2296|54A|Ober St. Veit U
454|5063|54A|Ober St. Veit U
454|8952|54A|Hörndlwald
454|8946|54A|Hörndlwald
454|8941|54A|Ober St. Veit U
454|8958|54A|Hörndlwald
454|8962|54A|Ober St. Veit U
454|8947|54A|Hörndlwald
454|8940|54A|Ober St. Veit U
456|7452|56A|Bhf. Atzgersdorf S
456|8120|56A|Bhf. Atzgersdorf S
456|3735|56A|Hietzing U
456|2413|56A|Hietzing U
456|3759|56A|Hietzing U
456|1648|56A|Bhf. Atzgersdorf S
456|1648|56A|Hietzing U
456|1668|56A|Hietzing U
456|3763|56A|Hietzing U
456|8124|56A|Hietzing U
456|3754|56A|Bhf. Atzgersdorf S
456|3754|56A|Hietzing U
456|3744|56A|Bhf. Atzgersdorf S
456|3770|56A|Hietzing U
456|3760|56A|Hietzing U
456|8126|56A|Hietzing U
456|3748|56A|Bhf. Atzgersdorf S
456|3766|56A|Hietzing U
456|3742|56A|Bhf. Atzgersdorf S
456|3816|56A|Hietzing U
456|3794|56A|Hietzing U
456|3845|56A|Hietzing U
456|3752|56A|Bhf. Atzgersdorf S
456|3752|56A|Hietzing U
456|8136|56A|Hietzing U
456|1645|56A|Bhf. Atzgersdorf S
456|1645|56A|Hietzing U
456|1672|56A|Hietzing U
456|3745|56A|Bhf. Atzgersdorf S
456|3769|56A|Hietzing U
456|1611|56A|Bhf. Atzgersdorf S
456|1638|56A|Hietzing U
456|3751|56A|Bhf. Atzgersdorf S
456|3751|56A|Hietzing U
456|8137|56A|Hietzing U
456|1596|56A|Bhf. Atzgersdorf S
456|8119|56A|Bhf. Atzgersdorf S
456|8119|56A|Hietzing U
456|3739|56A|Bhf. Atzgersdorf S
456|3774|56A|Hietzing U
456|1722|56A|Bhf. Atzgersdorf S
456|5231|56A|Hietzing U
456|3773|56A|Bhf. Atzgersdorf S
456|3753|56A|Bhf. Atzgersdorf S
456|3753|56A|Hietzing U
456|8135|56A|Hietzing U
456|1646|56A|Bhf. Atzgersdorf S
456|1646|56A|Hietzing U
456|1671|56A|Hietzing U
456|3443|56A|Bhf. Atzgersdorf S
456|3444|56A|Hietzing U
456|8122|56A|Bhf. Atzgersdorf S
456|3734|56A|Hietzing U
456|3747|56A|Bhf. Atzgersdorf S
456|3767|56A|Hietzing U
456|3755|56A|Hietzing U
456|3743|56A|Bhf. Atzgersdorf S
456|3771|56A|Hietzing U
456|3761|56A|Hietzing U
456|8125|56A|Hietzing U
456|8128|56A|Hietzing U
456|8130|56A|Hietzing U
456|3758|56A|Hietzing U
456|1614|56A|Bhf. Atzgersdorf S
456|3738|56A|Bhf. Atzgersdorf S
456|1635|56A|Hietzing U
456|3775|56A|Hietzing U
456|1741|56A|Hietzing U
456|3762|56A|Hietzing U
456|1650|56A|Bhf. Atzgersdorf S
456|3785|56A|Hietzing U
456|3810|56A|Hietzing U
456|3737|56A|Bhf. Atzgersdorf S
456|3776|56A|Hietzing U
456|3746|56A|Bhf. Atzgersdorf S
456|3768|56A|Hietzing U
456|8129|56A|Hietzing U
456|3740|56A|Bhf. Atzgersdorf S
456|5687|56A|Hietzing U
456|3741|56A|Bhf. Atzgersdorf S
456|3772|56A|Hietzing U
456|1649|56A|Bhf. Atzgersdorf S
456|8121|56A|Bhf. Atzgersdorf S
456|3733|56A|Hietzing U
456|3757|56A|Hietzing U
456|8131|56A|Hietzing U
456|3750|56A|Bhf. Atzgersdorf S
456|3764|56A|Bhf. Atzgersdorf S
456|3750|56A|Hietzing U
456|3764|56A|Hietzing U
456|1739|56A|Hietzing U
456|1719|56A|Bhf. Atzgersdorf S
456|3749|56A|Bhf. Atzgersdorf S
456|3765|56A|Hietzing U
457|6044|57A|Burgring
457|6044|57A|Rudolfsheim, Anschützgasse
457|6135|57A|Burgring
457|6135|57A|Rudolfsheim, Anschützgasse
457|1570|57A|Burgring
457|1570|57A|Rudolfsheim, Anschützgasse
457|773|57A|Burgring
457|1574|57A|Rudolfsheim, Anschützgasse
457|773|57A|Rudolfsheim, Anschützgasse
457|2723|57A|Burgring
457|2722|57A|Rudolfsheim, Anschützgasse
457|3159|57A|Burgring
457|3154|57A|Rudolfsheim, Anschützgasse
457|1592|57A|Burgring
457|1571|57A|Rudolfsheim, Anschützgasse
457|1592|57A|Rudolfsheim, Anschützgasse
457|8230|57A|Burgring
457|8229|57A|Rudolfsheim, Anschützgasse
457|1584|57A|Burgring
457|1579|57A|Rudolfsheim, Anschützgasse
457|5657|57A|Burgring
457|5619|57A|Rudolfsheim, Anschützgasse
457|5657|57A|Rudolfsheim, Anschützgasse
457|1586|57A|Burgring
457|1577|57A|Rudolfsheim, Anschützgasse
457|1586|57A|Rudolfsheim, Anschützgasse
457|1590|57A|Burgring
457|668|57A|Burgring
457|1573|57A|Rudolfsheim, Anschützgasse
457|1590|57A|Rudolfsheim, Anschützgasse
457|668|57A|Rudolfsheim, Anschützgasse
457|3160|57A|Burgring
457|3153|57A|Rudolfsheim, Anschützgasse
457|1594|57A|Burgring
457|1593|57A|Rudolfsheim, Anschützgasse
457|1583|57A|Burgring
457|1581|57A|Rudolfsheim, Anschützgasse
457|8228|57A|Burgring
457|8227|57A|Rudolfsheim, Anschützgasse
457|1588|57A|Burgring
457|1575|57A|Rudolfsheim, Anschützgasse
457|4841|57A|Burgring
457|4840|57A|Rudolfsheim, Anschützgasse
457|1569|57A|Rudolfsheim, Anschützgasse
457|666|57A|Burgring
457|5430|57A|Rudolfsheim, Anschützgasse
457|666|57A|Rudolfsheim, Anschützgasse
457|1582|57A|Burgring
457|3850|57A|Burgring
457|1582|57A|Rudolfsheim, Anschützgasse
457|3850|57A|Rudolfsheim, Anschützgasse
457|1560|57A|Burgring
457|1534|57A|Rudolfsheim, Anschützgasse
457|1589|57A|Rudolfsheim, Anschützgasse
457|1587|57A|Burgring
457|1576|57A|Rudolfsheim, Anschützgasse
457|1591|57A|Burgring
457|1572|57A|Rudolfsheim, Anschützgasse
457|1585|57A|Burgring
457|1578|57A|Rudolfsheim, Anschützgasse
457|1580|57A|Burgring
457|5658|57A|Burgring
457|5658|57A|Rudolfsheim, Anschützgasse
458|8120|58A|Bhf. Atzgersdorf S
458|3735|58A|Hietzing U
458|2413|58A|Bhf. Atzgersdorf S
458|3759|58A|Hietzing U
458|1652|58A|Hietzing U
458|3846|58A|Hietzing U
458|3778|58A|Bhf. Atzgersdorf S
458|3790|58A|Hietzing U
458|1651|58A|Bhf. Atzgersdorf S
458|1651|58A|Hietzing U
458|8132|58A|Bhf. Atzgersdorf S
458|1638|58A|Hietzing U
458|1596|58A|Bhf. Atzgersdorf S
458|8119|58A|Bhf. Atzgersdorf S
458|1596|58A|Hietzing U
458|3809|58A|Hietzing U
458|1722|58A|Bhf. Atzgersdorf S
458|5231|58A|Hietzing U
458|3444|58A|Hietzing U
458|7454|58A|Bhf. Atzgersdorf S
458|8122|58A|Bhf. Atzgersdorf S
458|3734|58A|Hietzing U
458|7455|58A|Hietzing U
458|8133|58A|Bhf. Atzgersdorf S
458|8128|58A|Bhf. Atzgersdorf S
458|8130|58A|Bhf. Atzgersdorf S
458|3758|58A|Hietzing U
458|3737|58A|Hietzing U
458|8129|58A|Bhf. Atzgersdorf S
458|3779|58A|Bhf. Atzgersdorf S
458|3789|58A|Hietzing U
458|7456|58A|Bhf. Atzgersdorf S
458|8123|58A|Bhf. Atzgersdorf S
458|3736|58A|Hietzing U
458|7453|58A|Bhf. Atzgersdorf S
458|8121|58A|Bhf. Atzgersdorf S
458|3733|58A|Hietzing U
458|8131|58A|Bhf. Atzgersdorf S
458|3757|58A|Hietzing U
459|6045|59A|Bhf. Meidling S U
459|6045|59A|Oper, Karlsplatz >
459|1689|59A|Bhf. Meidling S U
459|1689|59A|Oper, Karlsplatz >
459|1696|59A|Oper, Karlsplatz >
459|1692|59A|Bhf. Meidling S U
459|1693|59A|Oper, Karlsplatz >
459|1686|59A|Bhf. Meidling S U
459|1699|59A|Oper, Karlsplatz >
459|1679|59A|Bhf. Meidling S U
459|1704|59A|Bhf. Meidling S U
459|1679|59A|Oper, Karlsplatz >
459|1704|59A|Oper, Karlsplatz >
459|772|59A|Bhf. Meidling S U
459|772|59A|Oper, Karlsplatz >
459|1683|59A|Bhf. Meidling S U
459|500|59A|Bhf. Meidling S U
459|1683|59A|Oper, Karlsplatz >
459|500|59A|Oper, Karlsplatz >
459|3200|59A|Bhf. Meidling S U
459|3200|59A|Oper, Karlsplatz >
459|1640|59A|Bhf. Meidling S U
459|1691|59A|Oper, Karlsplatz >
459|1688|59A|Bhf. Meidling S U
459|1697|59A|Oper, Karlsplatz >
459|6014|59A|Bhf. Meidling S U
459|6514|59A|Oper, Karlsplatz >
459|1685|59A|Bhf. Meidling S U
459|1685|59A|Oper, Karlsplatz >
459|1694|59A|Oper, Karlsplatz >
459|1680|59A|Oper, Karlsplatz >
459|1684|59A|Bhf. Meidling S U
459|1684|59A|Oper, Karlsplatz >
459|1701|59A|Oper, Karlsplatz >
459|1678|59A|Bhf. Meidling S U
459|1678|59A|Oper, Karlsplatz >
459|1682|59A|Bhf. Meidling S U
459|1703|59A|Oper, Karlsplatz >
459|1687|59A|Bhf. Meidling S U
459|1698|59A|Oper, Karlsplatz >
459|1681|59A|Bhf. Meidling S U
459|1702|59A|Oper, Karlsplatz >
459|1690|59A|Bhf. Meidling S U
459|1695|59A|Oper, Karlsplatz >
459|2639|59A|Bhf. Meidling S U
460|1963|60A|Alterlaa U
460|2545|60A|Alterlaa U
460|1819|60A|Liesing S
460|2545|60A|Liesing S
460|1648|60A|Alterlaa U
460|1668|60A|Alterlaa U
460|1668|60A|Liesing S
460|1827|60A|Alterlaa U
460|1811|60A|Liesing S
460|1908|60A|Alterlaa U
460|1665|60A|Alterlaa U
460|1665|60A|Liesing S
460|1734|60A|Alterlaa U
460|1664|60A|Liesing S
460|1663|60A|Alterlaa U
460|1828|60A|Alterlaa U
460|1810|60A|Liesing S
460|1826|60A|Alterlaa U
460|1951|60A|Liesing S
460|1661|60A|Alterlaa U
460|2751|60A|Alterlaa U
460|2751|60A|Liesing S
460|1645|60A|Alterlaa U
460|1672|60A|Alterlaa U
460|1672|60A|Liesing S
460|1829|60A|Alterlaa U
460|1809|60A|Liesing S
460|2337|60A|Alterlaa U
460|2346|60A|Alterlaa U
460|2337|60A|Liesing S
460|1647|60A|Alterlaa U
460|1669|60A|Alterlaa U
460|1669|60A|Liesing S
460|1644|60A|Alterlaa U
460|1673|60A|Alterlaa U
460|1673|60A|Liesing S
460|2320|60A|Alterlaa U
460|2339|60A|Alterlaa U
460|2339|60A|Liesing S
460|1662|60A|Alterlaa U
460|1961|60A|Alterlaa U
460|1962|60A|Liesing S
460|1656|60A|Alterlaa U
460|1656|60A|Liesing S
460|1643|60A|Alterlaa U
460|1674|60A|Alterlaa U
460|1674|60A|Liesing S
460|2318|60A|Alterlaa U
460|2319|60A|Alterlaa U
460|2336|60A|Alterlaa U
460|2336|60A|Liesing S
460|1641|60A|Alterlaa U
460|1676|60A|Alterlaa U
460|1676|60A|Liesing S
460|1646|60A|Alterlaa U
460|1671|60A|Alterlaa U
460|1671|60A|Liesing S
460|1831|60A|Alterlaa U
460|1807|60A|Liesing S
460|2321|60A|Alterlaa U
460|2338|60A|Alterlaa U
460|2338|60A|Liesing S
460|2324|60A|Alterlaa U
460|2347|60A|Alterlaa U
460|2347|60A|Liesing S
460|1642|60A|Alterlaa U
460|1675|60A|Alterlaa U
460|1675|60A|Liesing S
460|1677|60A|Alterlaa U
460|2344|60A|Alterlaa U
460|1677|60A|Liesing S
460|1650|60A|Alterlaa U
460|1666|60A|Alterlaa U
460|1666|60A|Liesing S
460|1830|60A|Alterlaa U
460|1808|60A|Liesing S
460|1670|60A|Alterlaa U
460|1670|60A|Liesing S
460|2342|60A|Alterlaa U
460|2340|60A|Liesing S
460|1649|60A|Alterlaa U
460|1667|60A|Alterlaa U
460|1667|60A|Liesing S
460|2326|60A|Alterlaa U
460|2333|60A|Alterlaa U
460|2333|60A|Liesing S
460|2325|60A|Alterlaa U
460|2334|60A|Alterlaa U
460|2334|60A|Liesing S
461|6135|61A|Liesing S
461|6138|61A|Liesing S
461|6135|61A|Vösendorf-Siebenhirten
461|6138|61A|Vösendorf-Siebenhirten
461|2782|61A|Liesing S
461|2764|61A|Vösendorf-Siebenhirten
461|2771|61A|Vösendorf-Siebenhirten
461|2781|61A|Liesing S
461|2765|61A|Vösendorf-Siebenhirten
461|1658|61A|Liesing S
461|1658|61A|Vösendorf-Siebenhirten
461|2778|61A|Liesing S
461|2768|61A|Vösendorf-Siebenhirten
461|3198|61A|Liesing S
461|3426|61A|Vösendorf-Siebenhirten
461|6015|61A|Vösendorf-Siebenhirten
461|6515|61A|Liesing S
461|2779|61A|Liesing S
461|2767|61A|Vösendorf-Siebenhirten
461|2777|61A|Liesing S
461|1568|61A|Vösendorf-Siebenhirten
461|2780|61A|Liesing S
461|2766|61A|Vösendorf-Siebenhirten
461|1913|61A|Liesing S
461|1913|61A|Vösendorf-Siebenhirten
461|1816|61A|Liesing S
461|1815|61A|Liesing S
461|1823|61A|Vösendorf-Siebenhirten
461|1814|61A|Liesing S
461|1824|61A|Vösendorf-Siebenhirten
461|1822|61A|Vösendorf-Siebenhirten
461|1817|61A|Liesing S
461|1821|61A|Vösendorf-Siebenhirten
461|1863|61A|Liesing S
461|1897|61A|Vösendorf-Siebenhirten
461|2772|61A|Liesing S
461|2773|61A|Liesing S
461|2772|61A|Vösendorf-Siebenhirten
461|2775|61A|Liesing S
461|2770|61A|Vösendorf-Siebenhirten
461|2776|61A|Liesing S
461|2769|61A|Vösendorf-Siebenhirten
461|2788|61A|Liesing S
461|2788|61A|Vösendorf-Siebenhirten
461|2774|61A|Liesing S
462|6046|62A|Meidling Hauptstraße U
462|6049|62A|Liesing S
462|6049|62A|Meidling Hauptstraße U
462|6085|62A|Liesing S
462|6085|62A|Meidling Hauptstraße U
462|6135|62A|Liesing S
462|6135|62A|Meidling Hauptstraße U
462|1952|62A|Liesing S
462|5422|62A|Liesing S
462|1744|62A|Meidling Hauptstraße U
462|1952|62A|Meidling Hauptstraße U
462|9171|62A|Meidling Hauptstraße U
462|2819|62A|Liesing S
462|2819|62A|Meidling Hauptstraße U
462|3902|62A|Liesing S
462|3895|62A|Meidling Hauptstraße U
462|1848|62A|Liesing S
462|1848|62A|Meidling Hauptstraße U
462|500|62A|Liesing S
462|518|62A|Liesing S
462|500|62A|Meidling Hauptstraße U
462|518|62A|Meidling Hauptstraße U
462|2331|62A|Liesing S
462|2331|62A|Meidling Hauptstraße U
462|1847|62A|Meidling Hauptstraße U
462|1844|62A|Liesing S
462|1844|62A|Meidling Hauptstraße U
462|2322|62A|Meidling Hauptstraße U
462|1655|62A|Liesing S
462|1655|62A|Meidling Hauptstraße U
462|1661|62A|Meidling Hauptstraße U
462|6015|62A|Liesing S
462|6515|62A|Meidling Hauptstraße U
462|5593|62A|Liesing S
462|2323|62A|Meidling Hauptstraße U
462|5591|62A|Liesing S
462|2328|62A|Meidling Hauptstraße U
462|3213|62A|Liesing S
462|1837|62A|Meidling Hauptstraße U
462|685|62A|Liesing S
462|685|62A|Meidling Hauptstraße U
462|1802|62A|Liesing S
462|1832|62A|Meidling Hauptstraße U
462|514|62A|Liesing S
462|5590|62A|Liesing S
462|2329|62A|Meidling Hauptstraße U
462|5592|62A|Liesing S
462|2327|62A|Meidling Hauptstraße U
462|1654|62A|Liesing S
462|1662|62A|Meidling Hauptstraße U
462|1660|62A|Liesing S
462|1660|62A|Meidling Hauptstraße U
462|5421|62A|Liesing S
462|1850|62A|Liesing S
462|1850|62A|Meidling Hauptstraße U
462|3428|62A|Liesing S
462|3428|62A|Meidling Hauptstraße U
462|684|62A|Liesing S
462|1801|62A|Liesing S
462|1838|62A|Meidling Hauptstraße U
462|503|62A|Meidling Hauptstraße U
462|1721|62A|Liesing S
462|1745|62A|Meidling Hauptstraße U
462|2643|62A|Liesing S
462|2644|62A|Meidling Hauptstraße U
462|1842|62A|Liesing S
462|1746|62A|Meidling Hauptstraße U
463|6046|63A|Am Rosenhügel
463|6046|63A|Gesundheitszentrum Süd
463|2413|63A|Am Rosenhügel
463|2414|63A|Am Rosenhügel
463|2414|63A|Gesundheitszentrum Süd
463|2415|63A|Gesundheitszentrum Süd
463|2877|63A|Am Rosenhügel
463|2877|63A|Gesundheitszentrum Süd
463|2881|63A|Gesundheitszentrum Süd
463|722|63A|Am Rosenhügel
463|722|63A|Gesundheitszentrum Süd
463|1775|63A|Am Rosenhügel
463|1783|63A|Am Rosenhügel
463|1783|63A|Gesundheitszentrum Süd
463|815|63A|Am Rosenhügel
463|3891|63A|Am Rosenhügel
463|3891|63A|Gesundheitszentrum Süd
463|3892|63A|Gesundheitszentrum Süd
463|1762|63A|Am Rosenhügel
463|1796|63A|Gesundheitszentrum Süd
463|6115|63A|Gesundheitszentrum Süd
463|6014|63A|Am Rosenhügel
463|6514|63A|Gesundheitszentrum Süd
463|1773|63A|Am Rosenhügel
463|1784|63A|Am Rosenhügel
463|1784|63A|Gesundheitszentrum Süd
463|1770|63A|Am Rosenhügel
463|814|63A|Am Rosenhügel
463|814|63A|Gesundheitszentrum Süd
463|1774|63A|Am Rosenhügel
463|1774|63A|Gesundheitszentrum Süd
463|1685|63A|Am Rosenhügel
463|1694|63A|Am Rosenhügel
463|1694|63A|Gesundheitszentrum Süd
463|224|63A|Gesundheitszentrum Süd
463|2452|63A|Am Rosenhügel
463|2453|63A|Gesundheitszentrum Süd
463|1771|63A|Am Rosenhügel
463|1786|63A|Gesundheitszentrum Süd
463|2887|63A|Am Rosenhügel
463|2887|63A|Gesundheitszentrum Süd
463|900|63A|Gesundheitszentrum Süd
463|898|63A|Gesundheitszentrum Süd
463|823|63A|Am Rosenhügel
463|879|63A|Am Rosenhügel
463|879|63A|Gesundheitszentrum Süd
463|902|63A|Gesundheitszentrum Süd
463|1779|63A|Am Rosenhügel
463|1781|63A|Gesundheitszentrum Süd
463|882|63A|Am Rosenhügel
463|882|63A|Gesundheitszentrum Süd
463|901|63A|Gesundheitszentrum Süd
463|1766|63A|Am Rosenhügel
463|1792|63A|Am Rosenhügel
463|1766|63A|Gesundheitszentrum Süd
463|1792|63A|Gesundheitszentrum Süd
463|6073|63A|Am Rosenhügel
463|6073|63A|Gesundheitszentrum Süd
463|3889|63A|Am Rosenhügel
463|3890|63A|Gesundheitszentrum Süd
463|1608|63A|Am Rosenhügel
463|1764|63A|Am Rosenhügel
463|1608|63A|Gesundheitszentrum Süd
463|1764|63A|Gesundheitszentrum Süd
463|1794|63A|Gesundheitszentrum Süd
463|1768|63A|Am Rosenhügel
463|1789|63A|Gesundheitszentrum Süd
463|1767|63A|Am Rosenhügel
463|1790|63A|Gesundheitszentrum Süd
463|1725|63A|Gesundheitszentrum Süd
463|1791|63A|Gesundheitszentrum Süd
463|1776|63A|Am Rosenhügel
463|1782|63A|Gesundheitszentrum Süd
463|852|63A|Am Rosenhügel
463|725|63A|Gesundheitszentrum Süd
463|852|63A|Gesundheitszentrum Süd
463|2878|63A|Am Rosenhügel
463|2880|63A|Am Rosenhügel
463|2878|63A|Gesundheitszentrum Süd
463|2880|63A|Gesundheitszentrum Süd
463|724|63A|Am Rosenhügel
463|723|63A|Gesundheitszentrum Süd
463|724|63A|Gesundheitszentrum Süd
463|2633|63A|Am Rosenhügel
463|1787|63A|Gesundheitszentrum Süd
463|1747|63A|Am Rosenhügel
463|1780|63A|Am Rosenhügel
463|1747|63A|Gesundheitszentrum Süd
463|1780|63A|Gesundheitszentrum Süd
463|3887|63A|Am Rosenhügel
463|3887|63A|Gesundheitszentrum Süd
463|3888|63A|Gesundheitszentrum Süd
463|1769|63A|Am Rosenhügel
463|1788|63A|Gesundheitszentrum Süd
463|1595|63A|Am Rosenhügel
463|1797|63A|Gesundheitszentrum Süd
463|1772|63A|Am Rosenhügel
463|1772|63A|Gesundheitszentrum Süd
463|1785|63A|Gesundheitszentrum Süd
463|3976|63A|Am Rosenhügel
463|3977|63A|Gesundheitszentrum Süd
464|6135|64A|Atzgersdorf, Ziedlergasse
464|6138|64A|Atzgersdorf, Ziedlergasse
464|6135|64A|Liesing S
464|6138|64A|Liesing S
464|1819|64A|Atzgersdorf, Ziedlergasse
464|2545|64A|Atzgersdorf, Ziedlergasse
464|1963|64A|Liesing S
464|2545|64A|Liesing S
464|1825|64A|Atzgersdorf, Ziedlergasse
464|1874|64A|Liesing S
464|3902|64A|Atzgersdorf, Ziedlergasse
464|5069|64A|Liesing S
464|3912|64A|Atzgersdorf, Ziedlergasse
464|3912|64A|Liesing S
464|3901|64A|Atzgersdorf, Ziedlergasse
464|3897|64A|Liesing S
464|1658|64A|Atzgersdorf, Ziedlergasse
464|1658|64A|Liesing S
464|1839|64A|Atzgersdorf, Ziedlergasse
464|1873|64A|Liesing S
464|1865|64A|Atzgersdorf, Ziedlergasse
464|1855|64A|Liesing S
464|5593|64A|Atzgersdorf, Ziedlergasse
464|1867|64A|Atzgersdorf, Ziedlergasse
464|1853|64A|Liesing S
464|5591|64A|Atzgersdorf, Ziedlergasse
464|3896|64A|Liesing S
464|1568|64A|Atzgersdorf, Ziedlergasse
464|1856|64A|Liesing S
464|3809|64A|Atzgersdorf, Ziedlergasse
464|5592|64A|Atzgersdorf, Ziedlergasse
464|2327|64A|Liesing S
464|1818|64A|Atzgersdorf, Ziedlergasse
464|1818|64A|Liesing S
464|1840|64A|Atzgersdorf, Ziedlergasse
464|1872|64A|Liesing S
464|1866|64A|Atzgersdorf, Ziedlergasse
464|1854|64A|Liesing S
464|1807|64A|Atzgersdorf, Ziedlergasse
464|1831|64A|Liesing S
464|1821|64A|Atzgersdorf, Ziedlergasse
464|1817|64A|Liesing S
464|1897|64A|Atzgersdorf, Ziedlergasse
464|2798|64A|Atzgersdorf, Ziedlergasse
464|1863|64A|Liesing S
464|2798|64A|Liesing S
464|1868|64A|Atzgersdorf, Ziedlergasse
464|1852|64A|Liesing S
464|3900|64A|Atzgersdorf, Ziedlergasse
464|1830|64A|Liesing S
464|3899|64A|Atzgersdorf, Ziedlergasse
464|3898|64A|Liesing S
464|1806|64A|Atzgersdorf, Ziedlergasse
464|1851|64A|Liesing S
464|1567|64A|Atzgersdorf, Ziedlergasse
464|1566|64A|Liesing S
465|783|65A|Reumannplatz U
465|1918|65A|Reumannplatz U
465|1870|65A|Inzersdorf, Zetschegasse
465|1763|65A|Reumannplatz U
465|1898|65A|Inzersdorf, Zetschegasse
465|1916|65A|Reumannplatz U
465|1899|65A|Inzersdorf, Zetschegasse
465|1921|65A|Inzersdorf, Zetschegasse
465|1934|65A|Reumannplatz U
465|2598|65A|Inzersdorf, Zetschegasse
465|2017|65A|Inzersdorf, Zetschegasse
465|2006|65A|Reumannplatz U
465|1845|65A|Inzersdorf, Zetschegasse
465|1793|65A|Reumannplatz U
465|1896|65A|Inzersdorf, Zetschegasse
465|811|65A|Inzersdorf, Zetschegasse
465|1896|65A|Reumannplatz U
465|811|65A|Reumannplatz U
465|520|65A|Inzersdorf, Zetschegasse
465|539|65A|Reumannplatz U
465|1396|65A|Inzersdorf, Zetschegasse
465|1399|65A|Reumannplatz U
465|1887|65A|Inzersdorf, Zetschegasse
465|1888|65A|Reumannplatz U
465|1922|65A|Inzersdorf, Zetschegasse
465|1922|65A|Reumannplatz U
465|1935|65A|Reumannplatz U
465|1925|65A|Inzersdorf, Zetschegasse
465|3409|65A|Reumannplatz U
465|1926|65A|Inzersdorf, Zetschegasse
465|1436|65A|Reumannplatz U
465|1892|65A|Inzersdorf, Zetschegasse
465|529|65A|Reumannplatz U
465|1914|65A|Inzersdorf, Zetschegasse
465|1914|65A|Reumannplatz U
465|1936|65A|Reumannplatz U
465|4829|65A|Inzersdorf, Zetschegasse
465|4829|65A|Reumannplatz U
465|1965|65A|Inzersdorf, Zetschegasse
465|1915|65A|Reumannplatz U
465|1919|65A|Inzersdorf, Zetschegasse
465|1397|65A|Inzersdorf, Zetschegasse
465|1398|65A|Reumannplatz U
465|812|65A|Inzersdorf, Zetschegasse
465|784|65A|Reumannplatz U
465|1920|65A|Inzersdorf, Zetschegasse
465|3408|65A|Reumannplatz U
465|2599|65A|Inzersdorf, Zetschegasse
465|2599|65A|Reumannplatz U
465|1890|65A|Reumannplatz U
466|6027|66A|Liesing
466|6087|66A|Reumannplatz U
466|6135|66A|Liesing
466|6135|66A|Reumannplatz U
466|6138|66A|Reumannplatz U
466|1819|66A|Liesing
466|2545|66A|Liesing
466|1963|66A|Reumannplatz U
466|2545|66A|Reumannplatz U
466|1811|66A|Liesing
466|1827|66A|Liesing
466|1827|66A|Reumannplatz U
466|1908|66A|Liesing
466|1652|66A|Reumannplatz U
466|1908|66A|Reumannplatz U
466|1651|66A|Liesing
466|1665|66A|Liesing
466|1651|66A|Reumannplatz U
466|1664|66A|Liesing
466|1734|66A|Liesing
466|1664|66A|Reumannplatz U
466|1734|66A|Reumannplatz U
466|3223|66A|Liesing
466|1844|66A|Liesing
466|1907|66A|Liesing
466|1810|66A|Liesing
466|1828|66A|Liesing
466|1828|66A|Reumannplatz U
466|1951|66A|Liesing
466|1826|66A|Reumannplatz U
466|1909|66A|Liesing
466|1912|66A|Reumannplatz U
466|2743|66A|Liesing
466|1655|66A|Liesing
466|1661|66A|Reumannplatz U
466|3228|66A|Liesing
466|3229|66A|Liesing
466|2017|66A|Liesing
466|2006|66A|Reumannplatz U
466|1943|66A|Liesing
466|1943|66A|Reumannplatz U
466|6015|66A|Liesing
466|6015|66A|Reumannplatz U
466|6515|66A|Reumannplatz U
466|1941|66A|Liesing
466|1941|66A|Reumannplatz U
466|1974|66A|Reumannplatz U
466|3222|66A|Liesing
466|1946|66A|Liesing
466|5198|66A|Liesing
466|1946|66A|Reumannplatz U
466|1968|66A|Reumannplatz U
466|2138|66A|Liesing
466|2128|66A|Reumannplatz U
466|1809|66A|Liesing
466|1829|66A|Reumannplatz U
466|3423|66A|Liesing
466|3424|66A|Reumannplatz U
466|1657|66A|Reumannplatz U
466|2129|66A|Liesing
466|2137|66A|Liesing
466|2129|66A|Reumannplatz U
466|2064|66A|Liesing
466|1869|66A|Reumannplatz U
466|1940|66A|Liesing
466|2005|66A|Reumannplatz U
466|1654|66A|Liesing
466|1961|66A|Liesing
466|1962|66A|Liesing
466|1662|66A|Reumannplatz U
466|1961|66A|Reumannplatz U
466|2305|66A|Liesing
466|2305|66A|Reumannplatz U
466|1660|66A|Reumannplatz U
466|1910|66A|Liesing
466|1911|66A|Liesing
466|1910|66A|Reumannplatz U
466|1911|66A|Reumannplatz U
466|2316|66A|Reumannplatz U
466|1807|66A|Liesing
466|1831|66A|Reumannplatz U
466|1944|66A|Liesing
466|1970|66A|Reumannplatz U
466|519|66A|Liesing
466|1889|66A|Reumannplatz U
466|1947|66A|Liesing
466|1947|66A|Reumannplatz U
466|1967|66A|Reumannplatz U
466|1914|66A|Liesing
466|1966|66A|Liesing
466|1914|66A|Reumannplatz U
466|1933|66A|Reumannplatz U
466|786|66A|Liesing
466|4802|66A|Liesing
466|4811|66A|Liesing
466|4802|66A|Reumannplatz U
466|4811|66A|Reumannplatz U
466|2007|66A|Liesing
466|2007|66A|Reumannplatz U
466|1666|66A|Liesing
466|1650|66A|Reumannplatz U
466|2317|66A|Liesing
466|1808|66A|Liesing
466|1830|66A|Reumannplatz U
466|1949|66A|Liesing
466|1965|66A|Reumannplatz U
466|1942|66A|Liesing
466|1972|66A|Reumannplatz U
466|1945|66A|Liesing
466|1969|66A|Reumannplatz U
466|2340|66A|Liesing
466|2342|66A|Reumannplatz U
466|1806|66A|Liesing
466|1964|66A|Reumannplatz U
466|1927|66A|Liesing
466|1893|66A|Reumannplatz U
466|2127|66A|Liesing
466|2142|66A|Liesing
466|3408|66A|Reumannplatz U
466|1955|66A|Liesing
466|1958|66A|Liesing
466|1971|66A|Reumannplatz U
466|1890|66A|Liesing
466|1890|66A|Reumannplatz U
467|2550|67A|Alaudagasse U
467|2093|67A|Inzersdorf, Slamastraße
467|2932|67A|Alaudagasse U
467|2932|67A|Inzersdorf, Slamastraße
467|2939|67A|Inzersdorf, Slamastraße
467|3223|67A|Inzersdorf, Slamastraße
467|3228|67A|Inzersdorf, Slamastraße
467|3229|67A|Inzersdorf, Slamastraße
467|3403|67A|Alaudagasse U
467|3722|67A|Inzersdorf, Slamastraße
467|2929|67A|Alaudagasse U
467|3177|67A|Inzersdorf, Slamastraße
467|3222|67A|Inzersdorf, Slamastraße
467|1968|67A|Alaudagasse U
467|5198|67A|Inzersdorf, Slamastraße
467|1903|67A|Alaudagasse U
467|1903|67A|Inzersdorf, Slamastraße
467|2095|67A|Alaudagasse U
467|2547|67A|Alaudagasse U
467|2095|67A|Inzersdorf, Slamastraße
467|2547|67A|Inzersdorf, Slamastraße
467|2128|67A|Alaudagasse U
467|2138|67A|Inzersdorf, Slamastraße
467|5589|67A|Inzersdorf, Slamastraße
467|2129|67A|Alaudagasse U
467|2137|67A|Inzersdorf, Slamastraße
467|2549|67A|Alaudagasse U
467|2094|67A|Inzersdorf, Slamastraße
467|2930|67A|Alaudagasse U
467|5425|67A|Alaudagasse U
467|2931|67A|Inzersdorf, Slamastraße
467|5425|67A|Inzersdorf, Slamastraße
467|5629|67A|Alaudagasse U
467|3181|67A|Inzersdorf, Slamastraße
467|2879|67A|Alaudagasse U
467|1967|67A|Alaudagasse U
467|1947|67A|Inzersdorf, Slamastraße
467|2096|67A|Alaudagasse U
467|2548|67A|Alaudagasse U
467|1905|67A|Inzersdorf, Slamastraße
467|1969|67A|Alaudagasse U
467|1945|67A|Inzersdorf, Slamastraße
467|1893|67A|Alaudagasse U
467|1891|67A|Inzersdorf, Slamastraße
467|3190|67A|Alaudagasse U
467|2236|67A|Inzersdorf, Slamastraße
467|3180|67A|Alaudagasse U
467|3178|67A|Inzersdorf, Slamastraße
467|2127|67A|Inzersdorf, Slamastraße
467|2142|67A|Inzersdorf, Slamastraße
467|1929|67A|Alaudagasse U
467|1923|67A|Inzersdorf, Slamastraße
467|2546|67A|Inzersdorf, Slamastraße
468|4842|68A|Laaer Berg, Kurpark Nordosteingang
468|2629|68A|Reumannplatz U
468|4838|68A|Reumannplatz U
468|2992|68A|Laaer Berg, Kurpark Nordosteingang
468|3018|68A|Reumannplatz U
468|2997|68A|Laaer Berg, Kurpark Nordosteingang
468|3013|68A|Reumannplatz U
468|4837|68A|Reumannplatz U
468|2996|68A|Laaer Berg, Kurpark Nordosteingang
468|3014|68A|Reumannplatz U
468|3012|68A|Laaer Berg, Kurpark Nordosteingang
468|4836|68A|Laaer Berg, Kurpark Nordosteingang
468|4836|68A|Reumannplatz U
468|2991|68A|Laaer Berg, Kurpark Nordosteingang
468|2991|68A|Reumannplatz U
468|793|68A|Laaer Berg, Kurpark Nordosteingang
468|802|68A|Reumannplatz U
468|2994|68A|Laaer Berg, Kurpark Nordosteingang
468|3016|68A|Reumannplatz U
468|2993|68A|Laaer Berg, Kurpark Nordosteingang
468|3017|68A|Reumannplatz U
468|2990|68A|Laaer Berg, Kurpark Nordosteingang
468|3027|68A|Reumannplatz U
469|6087|69A|Hauptbahnhof S U
469|3369|69A|Hauptbahnhof S U
469|3368|69A|Simmering S U
469|738|69A|Hauptbahnhof S U
469|731|69A|Simmering S U
469|743|69A|Hauptbahnhof S U
469|752|69A|Hauptbahnhof S U
469|743|69A|Simmering S U
469|752|69A|Simmering S U
469|700|69A|Hauptbahnhof S U
469|2348|69A|Simmering S U
469|2350|69A|Hauptbahnhof S U
469|2349|69A|Simmering S U
469|2074|69A|Hauptbahnhof S U
469|2092|69A|Simmering S U
469|9001|69A|Simmering S U
469|2069|69A|Hauptbahnhof S U
469|2089|69A|Simmering S U
469|6015|69A|Simmering S U
469|6515|69A|Hauptbahnhof S U
469|750|69A|Hauptbahnhof S U
469|744|69A|Simmering S U
469|418|69A|Hauptbahnhof S U
469|408|69A|Simmering S U
469|739|69A|Hauptbahnhof S U
469|728|69A|Simmering S U
469|3366|69A|Simmering S U
469|733|69A|Hauptbahnhof S U
469|733|69A|Simmering S U
469|735|69A|Hauptbahnhof S U
469|735|69A|Simmering S U
469|8|69A|Hauptbahnhof S U
469|8|69A|Simmering S U
469|3371|69A|Hauptbahnhof S U
469|742|69A|Hauptbahnhof S U
469|740|69A|Hauptbahnhof S U
469|732|69A|Simmering S U
469|740|69A|Simmering S U
469|2068|69A|Hauptbahnhof S U
469|2090|69A|Simmering S U
469|737|69A|Hauptbahnhof S U
469|734|69A|Simmering S U
469|727|69A|Hauptbahnhof S U
469|745|69A|Hauptbahnhof S U
469|745|69A|Simmering S U
469|2067|69A|Hauptbahnhof S U
469|2091|69A|Hauptbahnhof S U
469|2091|69A|Simmering S U
469|2058|69A|Hauptbahnhof S U
469|2058|69A|Simmering S U
469|2576|69A|Hauptbahnhof S U
469|2575|69A|Simmering S U
469|3370|69A|Hauptbahnhof S U
469|3367|69A|Simmering S U
469|2066|69A|Hauptbahnhof S U
469|2083|69A|Simmering S U
469|2145|69A|Hauptbahnhof S U
469|3000|69A|Hauptbahnhof S U
469|2144|69A|Simmering S U
469|3000|69A|Simmering S U
469|726|69A|Hauptbahnhof S U
469|726|69A|Simmering S U
469|746|69A|Simmering S U
470|6135|70A|Kledering, Bhf. S
470|6135|70A|Oberlaa U
470|3914|70A|Oberlaa U
470|1988|70A|Kledering, Bhf. S
470|1994|70A|Oberlaa U
470|1518|70A|Kledering, Bhf. S
470|1522|70A|Oberlaa U
470|3382|70A|Oberlaa U
470|3391|70A|Kledering, Bhf. S
470|3391|70A|Oberlaa U
470|3381|70A|Kledering, Bhf. S
470|3721|70A|Oberlaa U
470|1519|70A|Kledering, Bhf. S
470|1521|70A|Oberlaa U
470|2927|70A|Kledering, Bhf. S
470|1996|70A|Oberlaa U
470|3387|70A|Kledering, Bhf. S
470|5066|70A|Kledering, Bhf. S
470|3387|70A|Oberlaa U
470|2921|70A|Kledering, Bhf. S
470|2913|70A|Oberlaa U
470|1987|70A|Kledering, Bhf. S
470|1995|70A|Oberlaa U
470|1990|70A|Kledering, Bhf. S
470|1992|70A|Oberlaa U
470|1991|70A|Kledering, Bhf. S
470|1523|70A|Oberlaa U
470|1991|70A|Oberlaa U
470|1520|70A|Kledering, Bhf. S
470|3388|70A|Kledering, Bhf. S
470|1520|70A|Oberlaa U
470|3388|70A|Oberlaa U
470|1989|70A|Kledering, Bhf. S
470|1993|70A|Oberlaa U
471|6135|71A|Schwechat, BHF S
471|6135|71A|Zentralfriedhof 3. Tor
471|6140|71A|Schwechat, BHF S
471|6140|71A|Zentralfriedhof 3. Tor
471|2053|71A|Schwechat, BHF S
471|2059|71A|Zentralfriedhof 3. Tor
471|2052|71A|Schwechat, BHF S
471|2060|71A|Zentralfriedhof 3. Tor
471|2456|71A|Schwechat, BHF S
471|2457|71A|Zentralfriedhof 3. Tor
471|2943|71A|Schwechat, BHF S
471|2943|71A|Zentralfriedhof 3. Tor
471|2055|71A|Schwechat, BHF S
471|2057|71A|Zentralfriedhof 3. Tor
471|2792|71A|Zentralfriedhof 3. Tor
471|2799|71A|Schwechat, BHF S
471|2800|71A|Zentralfriedhof 3. Tor
471|2793|71A|Zentralfriedhof 3. Tor
471|2789|71A|Schwechat, BHF S
471|2056|71A|Schwechat, BHF S
471|2056|71A|Zentralfriedhof 3. Tor
471|2293|71A|Zentralfriedhof 3. Tor
471|3989|71A|Schwechat, BHF S
471|3989|71A|Zentralfriedhof 3. Tor
471|2061|71A|Zentralfriedhof 3. Tor
471|2051|71A|Schwechat, BHF S
472|433|72A|Gasometer U
472|5028|72A|Hasenleitengasse, Schemmerlstraße
472|439|72A|Gasometer U
472|449|72A|Hasenleitengasse, Schemmerlstraße
472|743|72A|Gasometer U
472|743|72A|Hasenleitengasse, Schemmerlstraße
472|752|72A|Hasenleitengasse, Schemmerlstraße
472|2097|72A|Gasometer U
472|2077|72A|Hasenleitengasse, Schemmerlstraße
472|2074|72A|Gasometer U
472|2092|72A|Hasenleitengasse, Schemmerlstraße
472|5038|72A|Gasometer U
472|2276|72A|Gasometer U
472|2277|72A|Hasenleitengasse, Schemmerlstraße
472|631|72A|Hasenleitengasse, Schemmerlstraße
472|2600|72A|Gasometer U
472|2600|72A|Hasenleitengasse, Schemmerlstraße
472|2519|72A|Gasometer U
472|2518|72A|Hasenleitengasse, Schemmerlstraße
472|438|72A|Gasometer U
472|472|72A|Gasometer U
472|509|72A|Gasometer U
472|472|72A|Hasenleitengasse, Schemmerlstraße
472|474|72A|Hasenleitengasse, Schemmerlstraße
472|942|72A|Hasenleitengasse, Schemmerlstraße
472|735|72A|Gasometer U
472|735|72A|Hasenleitengasse, Schemmerlstraße
472|2082|72A|Gasometer U
472|2082|72A|Hasenleitengasse, Schemmerlstraße
472|2514|72A|Gasometer U
472|2511|72A|Hasenleitengasse, Schemmerlstraße
472|440|72A|Gasometer U
472|442|72A|Hasenleitengasse, Schemmerlstraße
472|2515|72A|Gasometer U
472|2510|72A|Hasenleitengasse, Schemmerlstraße
472|2513|72A|Gasometer U
472|2512|72A|Hasenleitengasse, Schemmerlstraße
472|37|72A|Hasenleitengasse, Schemmerlstraße
472|419|72A|Hasenleitengasse, Schemmerlstraße
472|2065|72A|Gasometer U
472|2099|72A|Gasometer U
472|2065|72A|Hasenleitengasse, Schemmerlstraße
472|2576|72A|Gasometer U
472|2575|72A|Hasenleitengasse, Schemmerlstraße
472|1937|72A|Hasenleitengasse, Schemmerlstraße
472|2066|72A|Gasometer U
472|2066|72A|Hasenleitengasse, Schemmerlstraße
472|2083|72A|Hasenleitengasse, Schemmerlstraße
472|2531|72A|Gasometer U
472|2520|72A|Hasenleitengasse, Schemmerlstraße
473|5006|73A|Simmering S U
473|2070|73A|Landwehrstraße
473|2088|73A|Simmering S U
473|5045|73A|Landwehrstraße
473|5042|73A|Simmering S U
473|2084|73A|Landwehrstraße
473|2752|73A|Simmering S U
473|5007|73A|Simmering S U
473|2156|73A|Landwehrstraße
473|5649|73A|Simmering S U
473|2354|73A|Landwehrstraße
473|2365|73A|Simmering S U
473|2071|73A|Landwehrstraße
473|2087|73A|Simmering S U
473|3840|73A|Landwehrstraße
473|2356|73A|Landwehrstraße
473|2363|73A|Simmering S U
473|2085|73A|Simmering S U
473|2073|73A|Landwehrstraße
473|5046|73A|Landwehrstraße
473|5046|73A|Simmering S U
473|2072|73A|Landwehrstraße
473|2726|73A|Simmering S U
473|2355|73A|Landwehrstraße
473|2364|73A|Simmering S U
473|2075|73A|Landwehrstraße
473|2366|73A|Landwehrstraße
473|2366|73A|Simmering S U
473|3732|73A|Landwehrstraße
473|2086|73A|Simmering S U
473|2588|73A|Landwehrstraße
473|2588|73A|Simmering S U
473|2576|73A|Landwehrstraße
473|2575|73A|Simmering S U
473|2654|73A|Simmering S U
474|6051|74A|Abstellplatz der Linie 74A
474|6051|74A|St. Marx S, Leberstraße
474|6083|74A|St. Marx S, Leberstraße
474|266|74A|Abstellplatz der Linie 74A
474|281|74A|Abstellplatz der Linie 74A
474|281|74A|St. Marx S, Leberstraße
474|282|74A|Abstellplatz der Linie 74A
474|295|74A|Abstellplatz der Linie 74A
474|282|74A|St. Marx S, Leberstraße
474|6016|74A|St. Marx S, Leberstraße
474|6516|74A|Abstellplatz der Linie 74A
474|6015|74A|St. Marx S, Leberstraße
474|6515|74A|Abstellplatz der Linie 74A
474|289|74A|Abstellplatz der Linie 74A
474|289|74A|St. Marx S, Leberstraße
474|254|74A|Abstellplatz der Linie 74A
474|267|74A|Abstellplatz der Linie 74A
474|254|74A|St. Marx S, Leberstraße
474|290|74A|Abstellplatz der Linie 74A
474|290|74A|St. Marx S, Leberstraße
474|253|74A|Abstellplatz der Linie 74A
474|259|74A|Abstellplatz der Linie 74A
474|253|74A|St. Marx S, Leberstraße
474|283|74A|Abstellplatz der Linie 74A
474|294|74A|Abstellplatz der Linie 74A
474|7490|74A|Abstellplatz der Linie 74A
474|283|74A|St. Marx S, Leberstraße
474|1495|74A|Abstellplatz der Linie 74A
474|296|74A|Abstellplatz der Linie 74A
474|297|74A|Abstellplatz der Linie 74A
474|1495|74A|St. Marx S, Leberstraße
474|296|74A|St. Marx S, Leberstraße
474|288|74A|Abstellplatz der Linie 74A
474|293|74A|Abstellplatz der Linie 74A
474|288|74A|St. Marx S, Leberstraße
474|286|74A|Abstellplatz der Linie 74A
474|286|74A|St. Marx S, Leberstraße
474|268|74A|Abstellplatz der Linie 74A
474|291|74A|Abstellplatz der Linie 74A
474|268|74A|St. Marx S, Leberstraße
474|287|74A|Abstellplatz der Linie 74A
474|292|74A|Abstellplatz der Linie 74A
474|287|74A|St. Marx S, Leberstraße
474|298|74A|Abstellplatz der Linie 74A
474|338|74A|Abstellplatz der Linie 74A
474|338|74A|St. Marx S, Leberstraße
476|5003|76A|Alberner Hafen
476|5024|76A|Enkplatz U, Grillgasse
476|2278|76A|Alberner Hafen
476|5027|76A|Enkplatz U, Grillgasse
476|5058|76A|Alberner Hafen
476|5053|76A|Enkplatz U, Grillgasse
476|5212|76A|Alberner Hafen
476|5212|76A|Enkplatz U, Grillgasse
476|5006|76A|Alberner Hafen
476|5021|76A|Enkplatz U, Grillgasse
476|5005|76A|Alberner Hafen
476|5022|76A|Enkplatz U, Grillgasse
476|5001|76A|Alberner Hafen
476|5026|76A|Enkplatz U, Grillgasse
476|2606|76A|Alberner Hafen
476|435|76A|Alberner Hafen
476|435|76A|Enkplatz U, Grillgasse
476|5057|76A|Alberner Hafen
476|5054|76A|Enkplatz U, Grillgasse
476|432|76A|Alberner Hafen
476|510|76A|Enkplatz U, Grillgasse
476|5007|76A|Alberner Hafen
476|5020|76A|Enkplatz U, Grillgasse
476|472|76A|Alberner Hafen
476|509|76A|Alberner Hafen
476|472|76A|Enkplatz U, Grillgasse
476|473|76A|Enkplatz U, Grillgasse
476|434|76A|Alberner Hafen
476|448|76A|Enkplatz U, Grillgasse
476|5211|76A|Alberner Hafen
476|5010|76A|Enkplatz U, Grillgasse
476|5004|76A|Alberner Hafen
476|5023|76A|Enkplatz U, Grillgasse
476|5060|76A|Alberner Hafen
476|5061|76A|Enkplatz U, Grillgasse
476|443|76A|Alberner Hafen
476|445|76A|Enkplatz U, Grillgasse
476|436|76A|Alberner Hafen
476|447|76A|Enkplatz U, Grillgasse
476|5210|76A|Alberner Hafen
476|444|76A|Alberner Hafen
476|369|76A|Enkplatz U, Grillgasse
476|437|76A|Alberner Hafen
476|446|76A|Enkplatz U, Grillgasse
476|5056|76A|Alberner Hafen
476|5055|76A|Enkplatz U, Grillgasse
476|5002|76A|Alberner Hafen
476|5025|76A|Enkplatz U, Grillgasse
477|256|77A|Neu Marx
477|3827|77A|Neu Marx
477|3833|77A|Rennweg S
477|2502|77A|Neu Marx
477|239|77A|Neu Marx
477|3828|77A|Neu Marx
477|3832|77A|Rennweg S
477|257|77A|Neu Marx
477|263|77A|Rennweg S
477|280|77A|Rennweg S
477|265|77A|Rennweg S
477|2501|77A|Neu Marx
477|258|77A|Neu Marx
477|262|77A|Rennweg S
477|3829|77A|Neu Marx
477|3831|77A|Rennweg S
477|3830|77A|Neu Marx
477|3830|77A|Rennweg S
477|344|77A|Rennweg S
477|264|77A|Rennweg S
477|2500|77A|Neu Marx
477|2500|77A|Rennweg S
477|2672|77A|Neu Marx
477|3834|77A|Rennweg S
477|2503|77A|Neu Marx
477|2523|77A|Rennweg S
478|2537|78A|Lusthaus
478|2535|78A|Stadion U
478|5790|78A|Lusthaus
478|659|78A|Stadion U
478|2136|78A|Lusthaus
478|2136|78A|Stadion U
478|2135|78A|Lusthaus
478|2139|78A|Stadion U
478|605|78A|Lusthaus
478|612|78A|Stadion U
478|975|78A|Lusthaus
478|611|78A|Stadion U
478|2699|78A|Lusthaus
478|2692|78A|Stadion U
478|2694|78A|Lusthaus
478|2693|78A|Stadion U
478|614|78A|Lusthaus
478|614|78A|Stadion U
478|607|78A|Lusthaus
479|5006|79A|Donaumarina, Chrastekgasse
479|5021|79A|Donaumarina, Chrastekgasse
479|5006|79A|Freudenauer Hafenstraße
479|5034|79A|Freudenauer Hafenstraße
479|5022|79A|Donaumarina, Chrastekgasse
479|5005|79A|Freudenauer Hafenstraße
479|5045|79A|Donaumarina, Chrastekgasse
479|5042|79A|Freudenauer Hafenstraße
479|5825|79A|Freudenauer Hafenstraße
479|5839|79A|Donaumarina, Chrastekgasse
479|5826|79A|Freudenauer Hafenstraße
479|659|79A|Donaumarina, Chrastekgasse
479|5790|79A|Freudenauer Hafenstraße
479|5824|79A|Donaumarina, Chrastekgasse
479|5824|79A|Freudenauer Hafenstraße
479|5828|79A|Donaumarina, Chrastekgasse
479|5837|79A|Donaumarina, Chrastekgasse
479|5828|79A|Freudenauer Hafenstraße
479|5837|79A|Freudenauer Hafenstraße
479|5832|79A|Donaumarina, Chrastekgasse
479|5833|79A|Donaumarina, Chrastekgasse
479|5832|79A|Freudenauer Hafenstraße
479|5833|79A|Freudenauer Hafenstraße
479|5838|79A|Donaumarina, Chrastekgasse
479|5827|79A|Freudenauer Hafenstraße
479|5830|79A|Donaumarina, Chrastekgasse
479|5835|79A|Donaumarina, Chrastekgasse
479|5830|79A|Freudenauer Hafenstraße
479|5835|79A|Freudenauer Hafenstraße
479|5842|79A|Donaumarina, Chrastekgasse
479|5840|79A|Freudenauer Hafenstraße
479|3840|79A|Donaumarina, Chrastekgasse
479|3838|79A|Freudenauer Hafenstraße
479|5013|79A|Donaumarina, Chrastekgasse
479|5014|79A|Donaumarina, Chrastekgasse
479|5013|79A|Freudenauer Hafenstraße
479|5044|79A|Donaumarina, Chrastekgasse
479|5043|79A|Freudenauer Hafenstraße
479|5831|79A|Donaumarina, Chrastekgasse
479|5834|79A|Donaumarina, Chrastekgasse
479|5831|79A|Freudenauer Hafenstraße
479|5834|79A|Freudenauer Hafenstraße
479|5046|79A|Donaumarina, Chrastekgasse
479|5041|79A|Freudenauer Hafenstraße
479|612|79A|Donaumarina, Chrastekgasse
479|5023|79A|Donaumarina, Chrastekgasse
479|5004|79A|Freudenauer Hafenstraße
479|611|79A|Donaumarina, Chrastekgasse
479|975|79A|Freudenauer Hafenstraße
479|2692|79A|Donaumarina, Chrastekgasse
479|2699|79A|Freudenauer Hafenstraße
479|2693|79A|Donaumarina, Chrastekgasse
479|2694|79A|Freudenauer Hafenstraße
479|5068|79A|Donaumarina, Chrastekgasse
479|5067|79A|Freudenauer Hafenstraße
479|5843|79A|Donaumarina, Chrastekgasse
479|5841|79A|Freudenauer Hafenstraße
479|607|79A|Freudenauer Hafenstraße
479|5829|79A|Donaumarina, Chrastekgasse
479|5836|79A|Donaumarina, Chrastekgasse
479|5829|79A|Freudenauer Hafenstraße
479|5836|79A|Freudenauer Hafenstraße
479|2654|79A|Freudenauer Hafenstraße
480|2117|80A|Praterstern SU
480|7495|80A|Praterstern SU
480|7495|80A|Schlachthausgasse U
480|2113|80A|Praterstern SU
480|2105|80A|Schlachthausgasse U
480|2115|80A|Praterstern SU
480|2103|80A|Schlachthausgasse U
480|2116|80A|Praterstern SU
480|2102|80A|Schlachthausgasse U
480|2504|80A|Praterstern SU
480|2505|80A|Schlachthausgasse U
480|2112|80A|Praterstern SU
480|2106|80A|Schlachthausgasse U
480|3886|80A|Praterstern SU
480|3886|80A|Schlachthausgasse U
480|2146|80A|Schlachthausgasse U
480|1503|80A|Praterstern SU
480|1503|80A|Schlachthausgasse U
480|2111|80A|Praterstern SU
480|2101|80A|Schlachthausgasse U
480|7496|80A|Schlachthausgasse U
480|3608|80A|Schlachthausgasse U
480|2104|80A|Schlachthausgasse U
480|2114|80A|Praterstern SU
482|2711|82A|Krieau U
482|2708|82A|Krieau U
482|6016|82A|Krieau U
482|6516|82A|Praterstern S U
482|2706|82A|Krieau U
482|2718|82A|Praterstern S U
482|2744|82A|Krieau U
482|2745|82A|Praterstern S U
482|2946|82A|Krieau U
482|2948|82A|Praterstern S U
482|2690|82A|Krieau U
482|2690|82A|Praterstern S U
482|2705|82A|Krieau U
482|2719|82A|Krieau U
482|2719|82A|Praterstern S U
482|2716|82A|Krieau U
482|2716|82A|Praterstern S U
482|2709|82A|Krieau U
482|2709|82A|Praterstern S U
482|2714|82A|Praterstern S U
482|2715|82A|Praterstern S U
482|2704|82A|Krieau U
482|2704|82A|Praterstern S U
482|3352|82A|Praterstern S U
482|3353|82A|Praterstern S U
482|3825|82A|Praterstern S U
484|6133|84A|Aspern Nord SU
484|6133|84A|Aspernstraße U
484|3361|84A|Aspern Nord SU
484|8640|84A|Aspernstraße U
484|3339|84A|Aspern Nord SU
484|3339|84A|Aspernstraße U
484|8682|84A|Aspern Nord SU
484|8682|84A|Aspernstraße U
484|2733|84A|Aspern Nord SU
484|2730|84A|Aspernstraße U
484|6016|84A|Aspern Nord SU
484|6516|84A|Aspernstraße U
484|3359|84A|Aspern Nord SU
484|3363|84A|Aspernstraße U
484|3905|84A|Aspern Nord SU
484|3907|84A|Aspernstraße U
484|3360|84A|Aspern Nord SU
484|3362|84A|Aspernstraße U
484|3904|84A|Aspern Nord SU
484|3906|84A|Aspernstraße U
484|3893|84A|Aspern Nord SU
484|3894|84A|Aspernstraße U
484|2738|84A|Aspern Nord SU
484|2731|84A|Aspernstraße U
484|3358|84A|Aspern Nord SU
484|3364|84A|Aspernstraße U
484|2734|84A|Aspern Nord SU
484|2732|84A|Aspernstraße U
484|6122|84A|Aspern Nord SU
484|6122|84A|Aspernstraße U
484|3357|84A|Aspern Nord SU
484|3365|84A|Aspern Nord SU
484|3357|84A|Aspernstraße U
484|3365|84A|Aspernstraße U
485|2737|85A|Breitenlee, Rautenweg
485|5728|85A|Hausfeldstraße U
485|8091|85A|Hausfeldstraße U
485|2795|85A|Breitenlee, Rautenweg
485|8096|85A|Hausfeldstraße U
485|8068|85A|Hausfeldstraße U
485|2749|85A|Hausfeldstraße U
485|2464|85A|Hausfeldstraße U
485|8083|85A|Breitenlee, Rautenweg
485|941|85A|Hausfeldstraße U
485|921|85A|Hausfeldstraße U
485|916|85A|Hausfeldstraße U
485|8087|85A|Breitenlee, Rautenweg
485|5229|85A|Hausfeldstraße U
485|8087|85A|Hausfeldstraße U
485|1278|85A|Hausfeldstraße U
485|8085|85A|Breitenlee, Rautenweg
485|905|85A|Hausfeldstraße U
485|918|85A|Hausfeldstraße U
485|8092|85A|Hausfeldstraße U
485|912|85A|Hausfeldstraße U
485|8090|85A|Hausfeldstraße U
485|8064|85A|Hausfeldstraße U
485|3973|85A|Breitenlee, Rautenweg
485|2736|85A|Breitenlee, Rautenweg
485|2736|85A|Hausfeldstraße U
485|8637|85A|Hausfeldstraße U
485|913|85A|Hausfeldstraße U
485|8084|85A|Breitenlee, Rautenweg
485|8094|85A|Hausfeldstraße U
485|2796|85A|Breitenlee, Rautenweg
485|8095|85A|Hausfeldstraße U
485|8088|85A|Hausfeldstraße U
485|8089|85A|Hausfeldstraße U
485|8093|85A|Hausfeldstraße U
485|3115|85A|Breitenlee, Rautenweg
485|8086|85A|Breitenlee, Rautenweg
485|2465|85A|Hausfeldstraße U
485|3040|85A|Hausfeldstraße U
485|3958|85A|Hausfeldstraße U
485|3039|85A|Hausfeldstraße U
485|3009|85A|Breitenlee, Rautenweg
485|3113|85A|Hausfeldstraße U
486|2409|86A|Stadlau S U
486|924|86A|Breitenlee, Arnikaweg
486|924|86A|Stadlau S U
486|967|86A|Breitenlee, Arnikaweg
486|967|86A|Stadlau S U
486|2481|86A|Breitenlee, Arnikaweg
486|2492|86A|Stadlau S U
486|2538|86A|Breitenlee, Arnikaweg
486|2485|86A|Breitenlee, Arnikaweg
486|2488|86A|Stadlau S U
486|2631|86A|Breitenlee, Arnikaweg
486|2486|86A|Breitenlee, Arnikaweg
486|2487|86A|Stadlau S U
486|1510|86A|Breitenlee, Arnikaweg
486|2482|86A|Breitenlee, Arnikaweg
486|2491|86A|Stadlau S U
486|2484|86A|Breitenlee, Arnikaweg
486|2489|86A|Stadlau S U
486|2729|86A|Breitenlee, Arnikaweg
486|2729|86A|Stadlau S U
486|2748|86A|Stadlau S U
486|2483|86A|Breitenlee, Arnikaweg
486|2490|86A|Stadlau S U
486|3356|86A|Stadlau S U
486|1509|86A|Breitenlee, Arnikaweg
487|2409|87A|Stadlau S U
487|967|87A|Hermann-Gebauer-Straße
487|967|87A|Stadlau S U
487|2481|87A|Hermann-Gebauer-Straße
487|2492|87A|Stadlau S U
487|904|87A|Hermann-Gebauer-Straße
487|919|87A|Stadlau S U
487|2539|87A|Hermann-Gebauer-Straße
487|2539|87A|Stadlau S U
487|2541|87A|Stadlau S U
487|2581|87A|Hermann-Gebauer-Straße
487|2583|87A|Hermann-Gebauer-Straße
487|2583|87A|Stadlau S U
487|2540|87A|Hermann-Gebauer-Straße
487|2582|87A|Hermann-Gebauer-Straße
487|2582|87A|Stadlau S U
487|2631|87A|Hermann-Gebauer-Straße
487|1510|87A|Hermann-Gebauer-Straße
487|3913|87A|Hermann-Gebauer-Straße
487|1334|87A|Stadlau S U
487|2482|87A|Hermann-Gebauer-Straße
487|2491|87A|Stadlau S U
487|2580|87A|Hermann-Gebauer-Straße
487|2479|87A|Stadlau S U
487|2478|87A|Hermann-Gebauer-Straße
487|2493|87A|Stadlau S U
487|2748|87A|Hermann-Gebauer-Straße
487|2729|87A|Stadlau S U
487|2748|87A|Stadlau S U
487|1079|87A|Hermann-Gebauer-Straße
487|1078|87A|Stadlau S U
487|3356|87A|Stadlau S U
487|1509|87A|Hermann-Gebauer-Straße
487|2625|87A|Hermann-Gebauer-Straße
487|2624|87A|Stadlau S U
488|3320|88A|Eßling, Stadtgrenze
488|3323|88A|Seestadt >
488|1034|88A|Eßling, Stadtgrenze
488|1042|88A|Seestadt >
488|1032|88A|Eßling, Stadtgrenze
488|1044|88A|Seestadt >
488|1038|88A|Eßling, Stadtgrenze
488|2615|88A|Eßling, Stadtgrenze
488|1038|88A|Seestadt >
488|2615|88A|Seestadt >
488|6016|88A|Eßling, Stadtgrenze
488|6516|88A|Seestadt >
488|1031|88A|Eßling, Stadtgrenze
488|1045|88A|Seestadt >
488|3321|88A|Eßling, Stadtgrenze
488|3322|88A|Seestadt >
488|1033|88A|Eßling, Stadtgrenze
488|1043|88A|Seestadt >
488|1004|88A|Eßling, Stadtgrenze
488|1014|88A|Seestadt >
488|3319|88A|Eßling, Stadtgrenze
488|3319|88A|Seestadt >
488|3338|88A|Seestadt >
489|6144|89A|Aspern Nord SU
489|6144|89A|Invalidensiedlung
489|6142|89A|Aspern Nord SU
489|6142|89A|Invalidensiedlung
489|959|89A|Aspern Nord SU
489|977|89A|Invalidensiedlung
489|915|89A|Aspern Nord SU
489|908|89A|Invalidensiedlung
489|930|89A|Aspern Nord SU
489|3346|89A|Aspern Nord SU
489|3342|89A|Invalidensiedlung
489|3911|89A|Aspern Nord SU
489|3911|89A|Invalidensiedlung
489|1278|89A|Aspern Nord SU
489|1278|89A|Invalidensiedlung
489|932|89A|Aspern Nord SU
489|3343|89A|Invalidensiedlung
489|6016|89A|Invalidensiedlung
489|6516|89A|Aspern Nord SU
489|3347|89A|Aspern Nord SU
489|3341|89A|Invalidensiedlung
489|931|89A|Aspern Nord SU
489|3344|89A|Invalidensiedlung
489|927|89A|Aspern Nord SU
489|927|89A|Invalidensiedlung
489|8188|89A|Aspern Nord SU
489|8187|89A|Invalidensiedlung
489|8186|89A|Aspern Nord SU
489|8185|89A|Invalidensiedlung
489|3345|89A|Aspern Nord SU
489|909|89A|Invalidensiedlung
489|3405|89A|Aspern Nord SU
489|3404|89A|Invalidensiedlung
489|3357|89A|Aspern Nord SU
489|3357|89A|Invalidensiedlung
489|928|89A|Aspern Nord SU
489|926|89A|Invalidensiedlung
489|3348|89A|Aspern Nord SU
489|3340|89A|Invalidensiedlung
489|929|89A|Aspern Nord SU
489|925|89A|Invalidensiedlung
492|8692|92A|Aspern, Zachgasse
492|8693|92A|Kaisermühlen-VIC U
492|1080|92A|Aspern, Zachgasse
492|1080|92A|Kaisermühlen-VIC U
492|8590|92A|Aspern, Zachgasse
492|5702|92A|Kaisermühlen-VIC U
492|8506|92A|Aspern, Zachgasse
492|8536|92A|Kaisermühlen-VIC U
492|8507|92A|Aspern, Zachgasse
492|8535|92A|Aspern, Zachgasse
492|8648|92A|Aspern, Zachgasse
492|8507|92A|Kaisermühlen-VIC U
492|8535|92A|Kaisermühlen-VIC U
492|8648|92A|Kaisermühlen-VIC U
492|8543|92A|Aspern, Zachgasse
492|8563|92A|Kaisermühlen-VIC U
492|8688|92A|Aspern, Zachgasse
492|8569|92A|Kaisermühlen-VIC U
492|73|92A|Aspern, Zachgasse
492|64|92A|Kaisermühlen-VIC U
492|8050|92A|Aspern, Zachgasse
492|8051|92A|Aspern, Zachgasse
492|8050|92A|Kaisermühlen-VIC U
492|8051|92A|Kaisermühlen-VIC U
492|8502|92A|Aspern, Zachgasse
492|8689|92A|Aspern, Zachgasse
492|8689|92A|Kaisermühlen-VIC U
492|69|92A|Aspern, Zachgasse
492|8558|92A|Kaisermühlen-VIC U
492|8537|92A|Aspern, Zachgasse
492|8571|92A|Kaisermühlen-VIC U
492|65|92A|Aspern, Zachgasse
492|72|92A|Aspern, Zachgasse
492|65|92A|Kaisermühlen-VIC U
492|8539|92A|Aspern, Zachgasse
492|8568|92A|Kaisermühlen-VIC U
492|8504|92A|Kaisermühlen-VIC U
492|8538|92A|Aspern, Zachgasse
492|8570|92A|Kaisermühlen-VIC U
492|8505|92A|Aspern, Zachgasse
492|8503|92A|Kaisermühlen-VIC U
492|8565|92A|Kaisermühlen-VIC U
492|74|92A|Aspern, Zachgasse
492|63|92A|Kaisermühlen-VIC U
492|8501|92A|Aspern, Zachgasse
492|62|92A|Kaisermühlen-VIC U
492|60|92A|Aspern, Zachgasse
492|59|92A|Kaisermühlen-VIC U
492|60|92A|Kaisermühlen-VIC U
492|67|92A|Aspern, Zachgasse
492|8560|92A|Kaisermühlen-VIC U
492|1026|92A|Aspern, Zachgasse
492|1050|92A|Kaisermühlen-VIC U
492|8542|92A|Aspern, Zachgasse
492|8564|92A|Kaisermühlen-VIC U
492|68|92A|Aspern, Zachgasse
492|8559|92A|Kaisermühlen-VIC U
492|8540|92A|Aspern, Zachgasse
492|8567|92A|Kaisermühlen-VIC U
492|8544|92A|Aspern, Zachgasse
492|8562|92A|Kaisermühlen-VIC U
492|8541|92A|Aspern, Zachgasse
492|8566|92A|Kaisermühlen-VIC U
492|8545|92A|Aspern, Zachgasse
492|8561|92A|Kaisermühlen-VIC U
493|8587|93A|Aspernstraße U
493|8595|93A|Kagran U Ausstiegstelle 26A
493|3047|93A|Aspernstraße U
493|8610|93A|Kagran U Ausstiegstelle 26A
493|2406|93A|Aspernstraße U
493|8652|93A|Kagran U Ausstiegstelle 26A
493|8692|93A|Aspernstraße U
493|8693|93A|Kagran U Ausstiegstelle 26A
493|8590|93A|Aspernstraße U
493|8054|93A|Aspernstraße U
493|8054|93A|Kagran U Ausstiegstelle 26A
493|8576|93A|Aspernstraße U
493|3050|93A|Kagran U Ausstiegstelle 26A
493|8555|93A|Aspernstraße U
493|8596|93A|Kagran U Ausstiegstelle 26A
493|8589|93A|Aspernstraße U
493|8593|93A|Kagran U Ausstiegstelle 26A
493|8647|93A|Aspernstraße U
493|8648|93A|Aspernstraße U
493|8647|93A|Kagran U Ausstiegstelle 26A
493|3056|93A|Aspernstraße U
493|8605|93A|Kagran U Ausstiegstelle 26A
493|3083|93A|Aspernstraße U
493|8604|93A|Kagran U Ausstiegstelle 26A
493|8688|93A|Aspernstraße U
493|8569|93A|Kagran U Ausstiegstelle 26A
493|8553|93A|Aspernstraße U
493|8598|93A|Kagran U Ausstiegstelle 26A
493|8056|93A|Aspernstraße U
493|8651|93A|Kagran U Ausstiegstelle 26A
493|8551|93A|Aspernstraße U
493|8600|93A|Kagran U Ausstiegstelle 26A
493|8052|93A|Aspernstraße U
493|8053|93A|Kagran U Ausstiegstelle 26A
493|881|93A|Aspernstraße U
493|2637|93A|Aspernstraße U
493|2637|93A|Kagran U Ausstiegstelle 26A
493|3045|93A|Aspernstraße U
493|5510|93A|Kagran U Ausstiegstelle 26A
493|8537|93A|Aspernstraße U
493|8571|93A|Kagran U Ausstiegstelle 26A
493|8583|93A|Aspernstraße U
493|8568|93A|Kagran U Ausstiegstelle 26A
493|8588|93A|Aspernstraße U
493|8594|93A|Kagran U Ausstiegstelle 26A
493|8554|93A|Aspernstraße U
493|8597|93A|Kagran U Ausstiegstelle 26A
493|8538|93A|Aspernstraße U
493|8570|93A|Kagran U Ausstiegstelle 26A
493|8552|93A|Aspernstraße U
493|8599|93A|Kagran U Ausstiegstelle 26A
493|3453|93A|Aspernstraße U
493|3454|93A|Kagran U Ausstiegstelle 26A
493|8691|93A|Aspernstraße U
493|8699|93A|Kagran U Ausstiegstelle 26A
493|8557|93A|Aspernstraße U
493|8592|93A|Kagran U Ausstiegstelle 26A
493|8586|93A|Aspernstraße U
493|8601|93A|Kagran U Ausstiegstelle 26A
493|8585|93A|Aspernstraße U
493|8602|93A|Kagran U Ausstiegstelle 26A
493|3043|93A|Kagran U Ausstiegstelle 26A
493|3053|93A|Aspernstraße U
493|8607|93A|Kagran U Ausstiegstelle 26A
493|3055|93A|Aspernstraße U
493|8606|93A|Kagran U Ausstiegstelle 26A
493|3049|93A|Aspernstraße U
493|8609|93A|Kagran U Ausstiegstelle 26A
493|3051|93A|Aspernstraße U
493|8608|93A|Kagran U Ausstiegstelle 26A
493|8584|93A|Aspernstraße U
493|8603|93A|Kagran U Ausstiegstelle 26A
494|6040|94A|Kagran >
494|8735|94A|Kagran >
494|8731|94A|Stadlau < >
494|8620|94A|Stadlau < >
494|8627|94A|Kagran >
494|8615|94A|Stadlau < >
494|6016|94A|Stadlau < >
494|6516|94A|Kagran >
494|8611|94A|Kagran >
494|8611|94A|Stadlau < >
494|8626|94A|Kagran >
494|8616|94A|Stadlau < >
494|8730|94A|Stadlau < >
494|8628|94A|Kagran >
494|8614|94A|Stadlau < >
494|8625|94A|Kagran >
494|8617|94A|Stadlau < >
494|1040|94A|Kagran >
494|1023|94A|Stadlau < >
494|8629|94A|Kagran >
494|8613|94A|Stadlau < >
494|8623|94A|Kagran >
494|8736|94A|Kagran >
494|8623|94A|Stadlau < >
494|3048|94A|Kagran >
494|8624|94A|Kagran >
494|8618|94A|Stadlau < >
494|8621|94A|Stadlau < >
494|8733|94A|Kagran >
494|8733|94A|Stadlau < >
494|8162|94A|Kagran >
494|8612|94A|Stadlau < >
495|8097|95A|Großer Biberhaufen
495|8139|95A|Aspern Nord S U
495|8139|95A|Großer Biberhaufen
495|2870|95A|Aspern Nord S U
495|2861|95A|Großer Biberhaufen
495|2866|95A|Aspern Nord S U
495|2865|95A|Großer Biberhaufen
495|8547|95A|Aspern Nord S U
495|8100|95A|Großer Biberhaufen
495|3110|95A|Aspern Nord S U
495|3118|95A|Großer Biberhaufen
495|5704|95A|Aspern Nord S U
495|2404|95A|Großer Biberhaufen
495|967|95A|Aspern Nord S U
495|967|95A|Großer Biberhaufen
495|8060|95A|Großer Biberhaufen
495|2481|95A|Aspern Nord S U
495|2492|95A|Großer Biberhaufen
495|3112|95A|Aspern Nord S U
495|3010|95A|Großer Biberhaufen
495|3848|95A|Aspern Nord S U
495|3848|95A|Großer Biberhaufen
495|2411|95A|Aspern Nord S U
495|2403|95A|Großer Biberhaufen
495|2739|95A|Großer Biberhaufen
495|1070|95A|Aspern Nord S U
495|5703|95A|Aspern Nord S U
495|2405|95A|Großer Biberhaufen
495|8075|95A|Aspern Nord S U
495|3071|95A|Großer Biberhaufen
495|2631|95A|Aspern Nord S U
495|8102|95A|Großer Biberhaufen
495|5705|95A|Aspern Nord S U
495|8098|95A|Großer Biberhaufen
495|8076|95A|Aspern Nord S U
495|8138|95A|Aspern Nord S U
495|8059|95A|Großer Biberhaufen
495|2482|95A|Aspern Nord S U
495|2491|95A|Großer Biberhaufen
495|8554|95A|Aspern Nord S U
495|3111|95A|Aspern Nord S U
495|3117|95A|Großer Biberhaufen
495|8694|95A|Aspern Nord S U
495|8063|95A|Großer Biberhaufen
495|8078|95A|Aspern Nord S U
495|8546|95A|Großer Biberhaufen
495|8074|95A|Aspern Nord S U
495|8062|95A|Großer Biberhaufen
495|8061|95A|Großer Biberhaufen
495|3005|95A|Aspern Nord S U
495|3115|95A|Großer Biberhaufen
495|2867|95A|Aspern Nord S U
495|2864|95A|Großer Biberhaufen
495|8077|95A|Aspern Nord S U
495|8548|95A|Großer Biberhaufen
495|8549|95A|Aspern Nord S U
495|8101|95A|Großer Biberhaufen
495|8080|95A|Aspern Nord S U
495|8550|95A|Großer Biberhaufen
495|3356|95A|Großer Biberhaufen
495|8079|95A|Aspern Nord S U
495|8099|95A|Großer Biberhaufen
496|967|96A|Erzherzog-Karl-Straße S
496|967|96A|Schillwasserweg
496|8103|96A|Erzherzog-Karl-Straße S
496|8104|96A|Schillwasserweg
496|8539|96A|Erzherzog-Karl-Straße S
496|8583|96A|Schillwasserweg
496|2631|96A|Erzherzog-Karl-Straße S
496|5705|96A|Erzherzog-Karl-Straße S
496|8098|96A|Schillwasserweg
496|8565|96A|Schillwasserweg
496|8602|96A|Erzherzog-Karl-Straße S
496|8585|96A|Schillwasserweg
496|8602|96A|Schillwasserweg
496|8540|96A|Erzherzog-Karl-Straße S
496|8567|96A|Schillwasserweg
496|3356|96A|Schillwasserweg
496|8541|96A|Erzherzog-Karl-Straße S
496|8566|96A|Schillwasserweg
496|8603|96A|Erzherzog-Karl-Straße S
496|8584|96A|Schillwasserweg
497|5728|97A|Aspernstraße U
497|2737|97A|Breitenlee, Schule
497|8640|97A|Aspernstraße U
497|8634|97A|Breitenlee, Schule
497|2406|97A|Aspernstraße U
497|2406|97A|Breitenlee, Schule
497|5702|97A|Aspernstraße U
497|5702|97A|Breitenlee, Schule
497|8685|97A|Aspernstraße U
497|8685|97A|Breitenlee, Schule
497|8642|97A|Aspernstraße U
497|2865|97A|Aspernstraße U
497|2866|97A|Breitenlee, Schule
497|916|97A|Aspernstraße U
497|8065|97A|Breitenlee, Schule
497|1278|97A|Aspernstraße U
497|1278|97A|Breitenlee, Schule
497|8060|97A|Aspernstraße U
497|8060|97A|Breitenlee, Schule
497|8064|97A|Breitenlee, Schule
497|8631|97A|Breitenlee, Schule
497|5849|97A|Aspernstraße U
497|5848|97A|Breitenlee, Schule
497|8056|97A|Aspernstraße U
497|1025|97A|Breitenlee, Schule
497|8630|97A|Breitenlee, Schule
497|8637|97A|Aspernstraße U
497|2736|97A|Breitenlee, Schule
497|8644|97A|Aspernstraße U
497|8075|97A|Aspernstraße U
497|8075|97A|Breitenlee, Schule
497|8071|97A|Aspernstraße U
497|8635|97A|Breitenlee, Schule
497|8695|97A|Aspernstraße U
497|8066|97A|Breitenlee, Schule
497|1049|97A|Aspernstraße U
497|2738|97A|Breitenlee, Schule
497|8070|97A|Aspernstraße U
497|8636|97A|Breitenlee, Schule
497|8059|97A|Aspernstraße U
497|8059|97A|Breitenlee, Schule
497|8073|97A|Breitenlee, Schule
497|8063|97A|Aspernstraße U
497|8063|97A|Breitenlee, Schule
497|8694|97A|Breitenlee, Schule
497|8141|97A|Aspernstraße U
497|8140|97A|Breitenlee, Schule
497|8062|97A|Aspernstraße U
497|8074|97A|Aspernstraße U
497|8062|97A|Breitenlee, Schule
497|8074|97A|Breitenlee, Schule
497|8061|97A|Aspernstraße U
497|8061|97A|Breitenlee, Schule
497|8641|97A|Aspernstraße U
497|8633|97A|Breitenlee, Schule
497|8069|97A|Aspernstraße U
497|1050|97A|Aspernstraße U
497|8643|97A|Aspernstraße U
497|8632|97A|Breitenlee, Schule
497|3113|97A|Aspernstraße U
497|3009|97A|Breitenlee, Schule
497|3114|97A|Breitenlee, Schule
498|8007|98A|Eßling, Schippanisiedlung
498|8046|98A|Hirschstetten, Ort
498|1083|98A|Eßling, Schippanisiedlung
498|8675|98A|Hirschstetten, Ort
498|8652|98A|Eßling, Schippanisiedlung
498|2406|98A|Hirschstetten, Ort
498|8590|98A|Hirschstetten, Ort
498|8055|98A|Eßling, Schippanisiedlung
498|2823|98A|Hirschstetten, Ort
498|8055|98A|Hirschstetten, Ort
498|8657|98A|Eßling, Schippanisiedlung
498|8677|98A|Hirschstetten, Ort
498|8661|98A|Eßling, Schippanisiedlung
498|8673|98A|Hirschstetten, Ort
498|1084|98A|Eßling, Schippanisiedlung
498|1071|98A|Hirschstetten, Ort
498|1072|98A|Hirschstetten, Ort
498|8009|98A|Eßling, Schippanisiedlung
498|8664|98A|Eßling, Schippanisiedlung
498|8040|98A|Hirschstetten, Ort
498|8660|98A|Eßling, Schippanisiedlung
498|8674|98A|Hirschstetten, Ort
498|8048|98A|Eßling, Schippanisiedlung
498|8010|98A|Eßling, Schippanisiedlung
498|8010|98A|Hirschstetten, Ort
498|5743|98A|Eßling, Schippanisiedlung
498|8687|98A|Eßling, Schippanisiedlung
498|5743|98A|Hirschstetten, Ort
498|8127|98A|Hirschstetten, Ort
498|1075|98A|Eßling, Schippanisiedlung
498|1074|98A|Hirschstetten, Ort
498|8651|98A|Eßling, Schippanisiedlung
498|8056|98A|Hirschstetten, Ort
498|8676|98A|Hirschstetten, Ort
498|8656|98A|Eßling, Schippanisiedlung
498|8678|98A|Hirschstetten, Ort
498|8653|98A|Eßling, Schippanisiedlung
498|8681|98A|Hirschstetten, Ort
498|8645|98A|Eßling, Schippanisiedlung
498|8645|98A|Hirschstetten, Ort
498|8654|98A|Eßling, Schippanisiedlung
498|8680|98A|Hirschstetten, Ort
498|8698|98A|Eßling, Schippanisiedlung
498|8697|98A|Hirschstetten, Ort
498|8655|98A|Eßling, Schippanisiedlung
498|8679|98A|Hirschstetten, Ort
498|8005|98A|Eßling, Schippanisiedlung
498|1031|98A|Eßling, Schippanisiedlung
498|8038|98A|Hirschstetten, Ort
498|8649|98A|Eßling, Schippanisiedlung
498|1073|98A|Hirschstetten, Ort
498|8659|98A|Eßling, Schippanisiedlung
498|8008|98A|Eßling, Schippanisiedlung
498|8658|98A|Eßling, Schippanisiedlung
498|8646|98A|Hirschstetten, Ort
498|8047|98A|Hirschstetten, Ort
498|8011|98A|Hirschstetten, Ort
498|8049|98A|Eßling, Schippanisiedlung
498|8041|98A|Hirschstetten, Ort
498|8004|98A|Eßling, Schippanisiedlung
498|8039|98A|Hirschstetten, Ort
499|3826|99A|Aspern Nord S U
499|3826|99A|Eßling, Schule
499|8013|99A|Aspern Nord S U
499|8028|99A|Eßling, Schule
499|8006|99A|Aspern Nord S U
499|8035|99A|Eßling, Schule
499|5743|99A|Aspern Nord S U
499|5743|99A|Eßling, Schule
499|8012|99A|Aspern Nord S U
499|8029|99A|Eßling, Schule
499|3824|99A|Aspern Nord S U
499|3129|99A|Eßling, Schule
499|8188|99A|Aspern Nord S U
499|8187|99A|Eßling, Schule
499|3820|99A|Aspern Nord S U
499|3015|99A|Eßling, Schule
499|8186|99A|Aspern Nord S U
499|8185|99A|Eßling, Schule
499|8017|99A|Aspern Nord S U
499|3084|99A|Eßling, Schule
499|8014|99A|Aspern Nord S U
499|8027|99A|Eßling, Schule
499|1004|99A|Aspern Nord S U
499|8037|99A|Eßling, Schule
499|3348|99A|Aspern Nord S U
499|3340|99A|Eßling, Schule
499|8015|99A|Aspern Nord S U
499|3161|99A|Eßling, Schule
205|1309|5B|Praterstern S U
205|1308|5B|Bhf. Heiligenstadt S U
205|1308|5B|Praterstern S U
205|774|5B|Praterstern S U
205|2755|5B|Bhf. Heiligenstadt S U
205|2757|5B|Praterstern S U
205|1202|5B|Bhf. Heiligenstadt S U
205|1211|5B|Praterstern S U
205|5547|5B|Bhf. Heiligenstadt S U
205|2225|5B|Praterstern S U
205|1201|5B|Bhf. Heiligenstadt S U
205|1198|5B|Praterstern S U
205|1203|5B|Bhf. Heiligenstadt S U
205|1210|5B|Praterstern S U
205|2686|5B|Praterstern S U
205|2204|5B|Bhf. Heiligenstadt S U
205|1199|5B|Praterstern S U
205|2687|5B|Praterstern S U
205|805|5B|Praterstern S U
205|8221|5B|Bhf. Heiligenstadt S U
205|3374|5B|Praterstern S U
205|3373|5B|Bhf. Heiligenstadt S U
205|3372|5B|Praterstern S U
205|1208|5B|Praterstern S U
205|1204|5B|Bhf. Heiligenstadt S U
205|2754|5B|Bhf. Heiligenstadt S U
205|2388|5B|Praterstern S U
205|2100|5B|Bhf. Heiligenstadt S U
205|2100|5B|Praterstern S U
205|312|5B|Bhf. Heiligenstadt S U
205|329|5B|Praterstern S U
205|313|5B|Bhf. Heiligenstadt S U
205|2685|5B|Bhf. Heiligenstadt S U
205|2759|5B|Praterstern S U
205|2683|5B|Bhf. Heiligenstadt S U
205|2202|5B|Bhf. Heiligenstadt S U
205|2758|5B|Praterstern S U
205|2534|5B|Bhf. Heiligenstadt S U
205|1190|5B|Praterstern S U
207|8750|7B|Bhf. Meidling S U, Schedifkaplatz
207|8750|7B|Wienerberg City
207|3311|7B|Wienerberg City
207|1870|7B|Wienerberg City
207|2598|7B|Wienerberg City
207|2599|7B|Bhf. Meidling S U, Schedifkaplatz
207|2599|7B|Wienerberg City
220|8767|20B|Alte Donau U
220|8768|20B|Alte Donau U
220|8767|20B|Neue Donau U
220|8734|20B|Alte Donau U
220|8732|20B|Neue Donau U
220|8770|20B|Alte Donau U
220|8769|20B|Neue Donau U
220|8774|20B|Alte Donau U
220|8773|20B|Neue Donau U
220|5235|20B|Alte Donau U
220|8754|20B|Alte Donau U
220|8754|20B|Neue Donau U
220|8772|20B|Alte Donau U
220|8771|20B|Neue Donau U
227|2602|27B|Kagran U 26A
227|3915|27B|Satzingerweg
227|3919|27B|Kagran U 26A
227|6016|27B|Satzingerweg
227|6516|27B|Kagran U 26A
227|3917|27B|Satzingerweg
227|881|27B|Satzingerweg
227|2638|27B|Kagran U 26A
227|2638|27B|Satzingerweg
227|2637|27B|Kagran U 26A
227|3918|27B|Kagran U 26A
227|3918|27B|Satzingerweg
229|6065|29B|Floridsdorf S U
229|6065|29B|Großfeldsiedlung U
229|1102|29B|Floridsdorf S U
229|1143|29B|Großfeldsiedlung U
229|3955|29B|Floridsdorf S U
229|1140|29B|Großfeldsiedlung U
229|1109|29B|Floridsdorf S U
229|1136|29B|Großfeldsiedlung U
229|1114|29B|Floridsdorf S U
229|1131|29B|Großfeldsiedlung U
229|3957|29B|Floridsdorf S U
229|1184|29B|Großfeldsiedlung U
229|1112|29B|Floridsdorf S U
229|1133|29B|Großfeldsiedlung U
229|1305|29B|Floridsdorf S U
229|1081|29B|Großfeldsiedlung U
229|1305|29B|Großfeldsiedlung U
229|3883|29B|Floridsdorf S U
229|3882|29B|Großfeldsiedlung U
229|1120|29B|Floridsdorf S U
229|7348|29B|Floridsdorf S U
229|1120|29B|Großfeldsiedlung U
229|1125|29B|Großfeldsiedlung U
229|2343|29B|Großfeldsiedlung U
229|7348|29B|Großfeldsiedlung U
229|3104|29B|Floridsdorf S U
229|3166|29B|Großfeldsiedlung U
229|6016|29B|Großfeldsiedlung U
229|6516|29B|Floridsdorf S U
229|1076|29B|Floridsdorf S U
229|1100|29B|Floridsdorf S U
229|1076|29B|Großfeldsiedlung U
229|1100|29B|Großfeldsiedlung U
229|1116|29B|Floridsdorf S U
229|1129|29B|Großfeldsiedlung U
229|1098|29B|Floridsdorf S U
229|1097|29B|Großfeldsiedlung U
229|3885|29B|Floridsdorf S U
229|3884|29B|Großfeldsiedlung U
229|1119|29B|Floridsdorf S U
229|1126|29B|Großfeldsiedlung U
229|1106|29B|Floridsdorf S U
229|1138|29B|Großfeldsiedlung U
229|8171|29B|Floridsdorf S U
229|8170|29B|Großfeldsiedlung U
229|1108|29B|Floridsdorf S U
229|1103|29B|Floridsdorf S U
229|1142|29B|Großfeldsiedlung U
229|1111|29B|Floridsdorf S U
229|1134|29B|Großfeldsiedlung U
229|5083|29B|Floridsdorf S U
229|5082|29B|Großfeldsiedlung U
229|1107|29B|Floridsdorf S U
229|1137|29B|Großfeldsiedlung U
229|1105|29B|Floridsdorf S U
229|1139|29B|Großfeldsiedlung U
229|1118|29B|Floridsdorf S U
229|1127|29B|Großfeldsiedlung U
229|7349|29B|Großfeldsiedlung U
229|3451|29B|Floridsdorf S U
229|3452|29B|Floridsdorf S U
229|3451|29B|Großfeldsiedlung U
229|1110|29B|Floridsdorf S U
229|1135|29B|Großfeldsiedlung U
229|1117|29B|Floridsdorf S U
229|1128|29B|Großfeldsiedlung U
229|1113|29B|Floridsdorf S U
229|1132|29B|Großfeldsiedlung U
229|1115|29B|Floridsdorf S U
229|1130|29B|Großfeldsiedlung U
229|3956|29B|Floridsdorf S U
229|1141|29B|Großfeldsiedlung U
229|3954|29B|Floridsdorf S U
229|3953|29B|Großfeldsiedlung U
236|1094|36B|Jedlesee, Bellgasse
236|1149|36B|Jedlesee, Bellgasse
236|8486|36B|Jedlesee, Bellgasse
236|8489|36B|Leopoldau S U
236|1061|36B|Leopoldau S U
236|990|36B|Leopoldau S U
236|1060|36B|Leopoldau S U
236|8481|36B|Jedlesee, Bellgasse
236|8493|36B|Leopoldau S U
236|6016|36B|Leopoldau S U
236|6516|36B|Jedlesee, Bellgasse
236|4817|36B|Jedlesee, Bellgasse
236|4816|36B|Leopoldau S U
236|1150|36B|Jedlesee, Bellgasse
236|1177|36B|Jedlesee, Bellgasse
236|1177|36B|Leopoldau S U
236|1064|36B|Jedlesee, Bellgasse
236|3100|36B|Leopoldau S U
236|1092|36B|Jedlesee, Bellgasse
236|8487|36B|Jedlesee, Bellgasse
236|8488|36B|Leopoldau S U
236|1095|36B|Jedlesee, Bellgasse
236|1095|36B|Leopoldau S U
236|1147|36B|Jedlesee, Bellgasse
236|1091|36B|Jedlesee, Bellgasse
236|1062|36B|Leopoldau S U
236|1164|36B|Jedlesee, Bellgasse
236|1164|36B|Leopoldau S U
236|8484|36B|Jedlesee, Bellgasse
236|8490|36B|Leopoldau S U
236|994|36B|Jedlesee, Bellgasse
236|1093|36B|Jedlesee, Bellgasse
236|8483|36B|Jedlesee, Bellgasse
236|8491|36B|Leopoldau S U
236|8480|36B|Jedlesee, Bellgasse
236|8494|36B|Leopoldau S U
236|1319|36B|Jedlesee, Bellgasse
236|1319|36B|Leopoldau S U
236|993|36B|Leopoldau S U
236|1148|36B|Jedlesee, Bellgasse
236|8482|36B|Jedlesee, Bellgasse
236|8492|36B|Leopoldau S U
236|8485|36B|Jedlesee, Bellgasse
236|5536|36B|Leopoldau S U
236|8485|36B|Leopoldau S U
243|8824|43B|Bahnhof Hütteldorf SU
243|8821|43B|Neustift, Agnesgasse
243|5697|43B|Bahnhof Hütteldorf SU
243|5697|43B|Neustift, Agnesgasse
243|8832|43B|Bahnhof Hütteldorf SU
243|5698|43B|Neustift, Agnesgasse
243|1243|43B|Bahnhof Hütteldorf SU
243|1251|43B|Neustift, Agnesgasse
243|8831|43B|Bahnhof Hütteldorf SU
243|8814|43B|Neustift, Agnesgasse
243|8826|43B|Bahnhof Hütteldorf SU
243|8819|43B|Neustift, Agnesgasse
243|8829|43B|Bahnhof Hütteldorf SU
243|8816|43B|Neustift, Agnesgasse
243|8823|43B|Bahnhof Hütteldorf SU
243|8822|43B|Neustift, Agnesgasse
243|1242|43B|Bahnhof Hütteldorf SU
243|1252|43B|Neustift, Agnesgasse
243|1253|43B|Bahnhof Hütteldorf SU
243|1253|43B|Neustift, Agnesgasse
243|8827|43B|Bahnhof Hütteldorf SU
243|8818|43B|Neustift, Agnesgasse
243|8825|43B|Bahnhof Hütteldorf SU
243|8820|43B|Neustift, Agnesgasse
243|3307|43B|Bahnhof Hütteldorf SU
243|8817|43B|Neustift, Agnesgasse
243|8830|43B|Bahnhof Hütteldorf SU
243|8815|43B|Neustift, Agnesgasse
246|8910|46B|Wilhelminenberg
246|8908|46B|Wilhelminenberg
246|8909|46B|Wilhelminenberg
246|8916|46B|Ottakring SU
246|8918|46B|Ottakring SU
246|5695|46B|Ottakring SU
246|563|46B|Ottakring SU
246|5694|46B|Wilhelminenberg
246|1528|46B|Ottakring SU
246|8828|46B|Ottakring SU
246|8897|46B|Ottakring SU
246|8828|46B|Wilhelminenberg
246|8898|46B|Wilhelminenberg
246|8906|46B|Wilhelminenberg
246|8899|46B|Wilhelminenberg
246|8915|46B|Ottakring SU
246|8917|46B|Ottakring SU
246|8907|46B|Wilhelminenberg
246|8914|46B|Ottakring SU
246|8919|46B|Ottakring SU
246|8912|46B|Wilhelminenberg
246|8905|46B|Wilhelminenberg
246|8913|46B|Ottakring SU
246|8913|46B|Wilhelminenberg
247|5697|47B|Bahnhof Hütteldorf SU
247|5697|47B|Hüttelberg
247|3241|47B|Bahnhof Hütteldorf SU
247|3232|47B|Hüttelberg
247|3230|47B|Hüttelberg
247|3231|47B|Hüttelberg
247|3235|47B|Bahnhof Hütteldorf SU
247|3237|47B|Bahnhof Hütteldorf SU
247|3235|47B|Hüttelberg
247|3236|47B|Bahnhof Hütteldorf SU
247|3236|47B|Hüttelberg
247|1464|47B|Bahnhof Hütteldorf SU
247|1459|47B|Hüttelberg
247|3239|47B|Bahnhof Hütteldorf SU
247|1460|47B|Hüttelberg
247|3238|47B|Bahnhof Hütteldorf SU
247|3234|47B|Hüttelberg
250|3279|50B|Auhof
250|3277|50B|Auhof
250|3244|50B|Auhof
250|3244|50B|Bhf. Hütteldorf S U
250|3253|50B|Bhf. Hütteldorf S U
250|3280|50B|Auhof
250|5698|50B|Auhof
250|3282|50B|Auhof
250|3242|50B|Bhf. Hütteldorf S U
250|3282|50B|Bhf. Hütteldorf S U
250|3349|50B|Bhf. Hütteldorf S U
250|3266|50B|Auhof
250|3263|50B|Auhof
250|3260|50B|Auhof
250|3278|50B|Auhof
250|3310|50B|Auhof
250|3262|50B|Auhof
250|3261|50B|Auhof
250|3255|50B|Auhof
250|3257|50B|Auhof
250|3258|50B|Auhof
250|3256|50B|Auhof
250|3259|50B|Auhof
250|3254|50B|Auhof
250|5792|50B|Auhof
250|3245|50B|Bhf. Hütteldorf S U
250|3246|50B|Bhf. Hütteldorf S U
251|139|51B|Hanuschkrankenhaus
251|158|51B|Hietzing U
251|153|51B|Hanuschkrankenhaus
251|154|51B|Hietzing U
251|152|51B|Hanuschkrankenhaus
251|155|51B|Hietzing U
251|138|51B|Hanuschkrankenhaus
251|159|51B|Hietzing U
251|2660|51B|Hanuschkrankenhaus
251|2660|51B|Hietzing U
251|2671|51B|Hanuschkrankenhaus
251|2671|51B|Hietzing U
251|140|51B|Hanuschkrankenhaus
251|157|51B|Hietzing U
251|151|51B|Hanuschkrankenhaus
251|156|51B|Hietzing U
251|3936|51B|Hanuschkrankenhaus
251|3937|51B|Hietzing U
252|3301|52B|Bhf. Hütteldorf S U
252|3297|52B|Feuerwache Am Steinhof
252|8832|52B|Bhf. Hütteldorf S U
252|5698|52B|Feuerwache Am Steinhof
252|3283|52B|Bhf. Hütteldorf S U
252|3349|52B|Bhf. Hütteldorf S U
252|3283|52B|Feuerwache Am Steinhof
252|3305|52B|Bhf. Hütteldorf S U
252|3293|52B|Feuerwache Am Steinhof
252|3304|52B|Bhf. Hütteldorf S U
252|3294|52B|Feuerwache Am Steinhof
252|3299|52B|Bhf. Hütteldorf S U
252|3299|52B|Feuerwache Am Steinhof
252|8831|52B|Bhf. Hütteldorf S U
252|8814|52B|Feuerwache Am Steinhof
252|3303|52B|Bhf. Hütteldorf S U
252|3295|52B|Feuerwache Am Steinhof
252|3302|52B|Bhf. Hütteldorf S U
252|3296|52B|Feuerwache Am Steinhof
252|8829|52B|Bhf. Hütteldorf S U
252|8816|52B|Feuerwache Am Steinhof
252|3309|52B|Bhf. Hütteldorf S U
252|3308|52B|Feuerwache Am Steinhof
252|3306|52B|Bhf. Hütteldorf S U
252|3298|52B|Bhf. Hütteldorf S U
252|3300|52B|Bhf. Hütteldorf S U
252|3298|52B|Feuerwache Am Steinhof
252|3307|52B|Bhf. Hütteldorf S U
252|8817|52B|Feuerwache Am Steinhof
252|8830|52B|Bhf. Hütteldorf S U
252|8815|52B|Feuerwache Am Steinhof
254|8969|54B|Ober St. Veit U
254|3240|54B|St. Veiter Tor
254|8968|54B|Ober St. Veit U
254|8105|54B|St. Veiter Tor
254|2296|54B|Ober St. Veit U
254|2296|54B|St. Veiter Tor
254|5063|54B|Ober St. Veit U
254|8952|54B|St. Veiter Tor
254|8941|54B|Ober St. Veit U
254|8946|54B|St. Veiter Tor
254|8967|54B|Ober St. Veit U
254|8106|54B|St. Veiter Tor
254|8108|54B|Ober St. Veit U
254|8108|54B|St. Veiter Tor
254|8966|54B|Ober St. Veit U
254|8107|54B|St. Veiter Tor
254|8940|54B|Ober St. Veit U
254|8947|54B|St. Veiter Tor
256|3735|56B|Hietzing U
256|7452|56B|Lainzer Tor
256|8120|56B|Lainzer Tor
256|3816|56B|Hietzing U
256|3742|56B|Lainzer Tor
256|1638|56B|Hietzing U
256|1611|56B|Lainzer Tor
256|8119|56B|Hietzing U
256|1596|56B|Lainzer Tor
256|8119|56B|Lainzer Tor
256|3774|56B|Hietzing U
256|3739|56B|Lainzer Tor
256|3815|56B|Hietzing U
256|3812|56B|Lainzer Tor
256|3814|56B|Hietzing U
256|3813|56B|Lainzer Tor
256|5231|56B|Hietzing U
256|1722|56B|Lainzer Tor
256|3773|56B|Hietzing U
256|3773|56B|Lainzer Tor
256|3444|56B|Hietzing U
256|3443|56B|Lainzer Tor
256|3734|56B|Hietzing U
256|8122|56B|Lainzer Tor
256|1635|56B|Hietzing U
256|3775|56B|Hietzing U
256|1614|56B|Lainzer Tor
256|3738|56B|Lainzer Tor
256|3776|56B|Hietzing U
256|3737|56B|Lainzer Tor
256|5687|56B|Hietzing U
256|3740|56B|Lainzer Tor
256|3772|56B|Hietzing U
256|3741|56B|Lainzer Tor
256|3733|56B|Hietzing U
256|8121|56B|Lainzer Tor
256|1719|56B|Lainzer Tor
258|8120|58B|Bhf. Atzgersdorf S
258|3735|58B|Hietzing U
258|2413|58B|Bhf. Atzgersdorf S
258|3759|58B|Hietzing U
258|1648|58B|Bhf. Atzgersdorf S
258|1668|58B|Hietzing U
258|1652|58B|Bhf. Atzgersdorf S
258|3846|58B|Bhf. Atzgersdorf S
258|8124|58B|Bhf. Atzgersdorf S
258|3763|58B|Hietzing U
258|1651|58B|Bhf. Atzgersdorf S
258|8134|58B|Bhf. Atzgersdorf S
258|8134|58B|Hietzing U
258|3782|58B|Bhf. Atzgersdorf S
258|3787|58B|Hietzing U
258|8126|58B|Bhf. Atzgersdorf S
258|3760|58B|Hietzing U
258|3783|58B|Bhf. Atzgersdorf S
258|3786|58B|Hietzing U
258|3794|58B|Bhf. Atzgersdorf S
258|8132|58B|Bhf. Atzgersdorf S
258|1638|58B|Hietzing U
258|1596|58B|Bhf. Atzgersdorf S
258|8119|58B|Bhf. Atzgersdorf S
258|1596|58B|Hietzing U
258|3809|58B|Bhf. Atzgersdorf S
258|1722|58B|Bhf. Atzgersdorf S
258|5231|58B|Hietzing U
258|3444|58B|Hietzing U
258|7454|58B|Bhf. Atzgersdorf S
258|8122|58B|Bhf. Atzgersdorf S
258|3734|58B|Hietzing U
258|7455|58B|Hietzing U
258|5240|58B|Bhf. Atzgersdorf S
258|8133|58B|Bhf. Atzgersdorf S
258|8125|58B|Bhf. Atzgersdorf S
258|3761|58B|Hietzing U
258|3780|58B|Bhf. Atzgersdorf S
258|3788|58B|Hietzing U
258|1741|58B|Bhf. Atzgersdorf S
258|3762|58B|Hietzing U
258|1666|58B|Hietzing U
258|3785|58B|Bhf. Atzgersdorf S
258|3737|58B|Hietzing U
258|8129|58B|Hietzing U
258|7456|58B|Bhf. Atzgersdorf S
258|8123|58B|Bhf. Atzgersdorf S
258|3736|58B|Hietzing U
258|1667|58B|Hietzing U
258|7453|58B|Bhf. Atzgersdorf S
258|8121|58B|Bhf. Atzgersdorf S
258|3733|58B|Hietzing U
261|6135|61B|Liesing S
261|6135|61B|Vösendorf-Siebenhirten
261|2784|61B|Liesing S
261|3562|61B|Vösendorf-Siebenhirten
261|3520|61B|Liesing S
261|6015|61B|Vösendorf-Siebenhirten
261|6515|61B|Liesing S
261|2785|61B|Liesing S
261|2762|61B|Vösendorf-Siebenhirten
261|3624|61B|Liesing S
261|3564|61B|Vösendorf-Siebenhirten
261|3903|61B|Liesing S
261|3903|61B|Vösendorf-Siebenhirten
261|2787|61B|Liesing S
261|2760|61B|Vösendorf-Siebenhirten
261|1823|61B|Vösendorf-Siebenhirten
261|3625|61B|Liesing S
261|3563|61B|Vösendorf-Siebenhirten
261|1822|61B|Vösendorf-Siebenhirten
261|3622|61B|Liesing S
261|3566|61B|Vösendorf-Siebenhirten
261|1821|61B|Vösendorf-Siebenhirten
261|2786|61B|Liesing S
261|2761|61B|Vösendorf-Siebenhirten
261|5682|61B|Liesing S
261|3565|61B|Vösendorf-Siebenhirten
261|5682|61B|Vösendorf-Siebenhirten
261|2788|61B|Liesing S
261|2788|61B|Vösendorf-Siebenhirten
264|6135|64B|Alterlaa U
264|6135|64B|Hetzendorf S
264|1950|64B|Alterlaa U
264|1950|64B|Hetzendorf S
264|1803|64B|Alterlaa U
264|2609|64B|Hetzendorf S
264|686|64B|Alterlaa U
264|6015|64B|Alterlaa U
264|6515|64B|Hetzendorf S
264|685|64B|Alterlaa U
264|685|64B|Hetzendorf S
264|1805|64B|Alterlaa U
264|1834|64B|Hetzendorf S
264|1804|64B|Alterlaa U
264|1835|64B|Hetzendorf S
264|1806|64B|Alterlaa U
264|1833|64B|Hetzendorf S
267|2093|67B|Alaudagasse U
267|2932|67B|Alaudagasse U
267|2932|67B|Alterlaa U
267|2939|67B|Alterlaa U
267|3725|67B|Alaudagasse U
267|3725|67B|Alterlaa U
267|504|67B|Alaudagasse U
267|513|67B|Alaudagasse U
267|513|67B|Alterlaa U
267|3402|67B|Alaudagasse U
267|3723|67B|Alterlaa U
267|3427|67B|Alterlaa U
267|3403|67B|Alaudagasse U
267|3722|67B|Alterlaa U
267|2613|67B|Alaudagasse U
267|2612|67B|Alterlaa U
267|2574|67B|Alaudagasse U
267|2571|67B|Alterlaa U
267|2929|67B|Alaudagasse U
267|3177|67B|Alterlaa U
267|5238|67B|Alaudagasse U
267|1953|67B|Alterlaa U
267|1903|67B|Alaudagasse U
267|1903|67B|Alterlaa U
267|2547|67B|Alaudagasse U
267|2095|67B|Alterlaa U
267|5237|67B|Alaudagasse U
267|3168|67B|Alterlaa U
267|3424|67B|Alaudagasse U
267|3423|67B|Alterlaa U
267|2078|67B|Alaudagasse U
267|2079|67B|Alterlaa U
267|2930|67B|Alaudagasse U
267|5425|67B|Alaudagasse U
267|2931|67B|Alterlaa U
267|5425|67B|Alterlaa U
267|5629|67B|Alaudagasse U
267|3181|67B|Alterlaa U
267|2879|67B|Alaudagasse U
267|2096|67B|Alterlaa U
267|1914|67B|Alaudagasse U
267|1966|67B|Alterlaa U
267|2548|67B|Alaudagasse U
267|1905|67B|Alterlaa U
267|1965|67B|Alaudagasse U
267|1915|67B|Alterlaa U
267|1949|67B|Alterlaa U
267|1969|67B|Alaudagasse U
267|1945|67B|Alterlaa U
267|1964|67B|Alaudagasse U
267|1806|67B|Alterlaa U
267|1891|67B|Alaudagasse U
267|3677|67B|Alterlaa U
267|3190|67B|Alaudagasse U
267|2236|67B|Alterlaa U
267|3180|67B|Alaudagasse U
267|3178|67B|Alterlaa U
267|1923|67B|Alaudagasse U
267|2546|67B|Alaudagasse U
267|1929|67B|Alterlaa U
267|3401|67B|Alaudagasse U
267|3724|67B|Alterlaa U
267|3518|67B|Alaudagasse U
267|3517|67B|Alterlaa U
267|1890|67B|Alterlaa U
268|4842|68B|Oberlaa U
268|2629|68B|Reumannplatz U
268|3914|68B|Oberlaa U
268|3797|68B|Oberlaa U
268|3797|68B|Reumannplatz U
268|3798|68B|Reumannplatz U
268|2992|68B|Oberlaa U
268|3018|68B|Reumannplatz U
268|3795|68B|Oberlaa U
268|3013|68B|Reumannplatz U
268|3796|68B|Oberlaa U
268|3799|68B|Reumannplatz U
268|2996|68B|Oberlaa U
268|3014|68B|Reumannplatz U
268|2240|68B|Oberlaa U
268|2240|68B|Reumannplatz U
268|2991|68B|Oberlaa U
268|2991|68B|Reumannplatz U
268|793|68B|Oberlaa U
268|802|68B|Reumannplatz U
268|2994|68B|Oberlaa U
268|3016|68B|Reumannplatz U
268|2993|68B|Oberlaa U
268|3017|68B|Reumannplatz U
268|2990|68B|Oberlaa U
268|3027|68B|Reumannplatz U
271|6135|71B|Bhf. Zentralfriedhof S
271|6135|71B|Zentralfriedhof 3. Tor
271|6140|71B|Bhf. Zentralfriedhof S
271|6140|71B|Zentralfriedhof 3. Tor
271|3416|71B|Bhf. Zentralfriedhof S
271|3420|71B|Zentralfriedhof 3. Tor
271|3415|71B|Bhf. Zentralfriedhof S
271|3421|71B|Zentralfriedhof 3. Tor
271|3417|71B|Bhf. Zentralfriedhof S
271|3418|71B|Zentralfriedhof 3. Tor
271|3412|71B|Bhf. Zentralfriedhof S
271|3414|71B|Bhf. Zentralfriedhof S
271|3412|71B|Zentralfriedhof 3. Tor
271|3968|71B|Bhf. Zentralfriedhof S
271|3969|71B|Bhf. Zentralfriedhof S
271|3969|71B|Zentralfriedhof 3. Tor
271|2053|71B|Bhf. Zentralfriedhof S
271|2059|71B|Zentralfriedhof 3. Tor
271|2052|71B|Bhf. Zentralfriedhof S
271|2060|71B|Zentralfriedhof 3. Tor
271|2456|71B|Bhf. Zentralfriedhof S
271|2457|71B|Zentralfriedhof 3. Tor
271|3970|71B|Zentralfriedhof 3. Tor
271|3990|71B|Bhf. Zentralfriedhof S
271|3990|71B|Zentralfriedhof 3. Tor
271|2061|71B|Zentralfriedhof 3. Tor
271|3966|71B|Bhf. Zentralfriedhof S
271|2051|71B|Bhf. Zentralfriedhof S
271|3395|71B|Bhf. Zentralfriedhof S
271|3519|71B|Bhf. Zentralfriedhof S
271|3395|71B|Zentralfriedhof 3. Tor
273|6135|73B|Bhf. Kaiserebersdorf S
273|6135|73B|Zentralfriedhof 3. Tor
273|6140|73B|Bhf. Kaiserebersdorf S
273|6140|73B|Zentralfriedhof 3. Tor
273|3412|73B|Bhf. Kaiserebersdorf S
273|3412|73B|Zentralfriedhof 3. Tor
273|2353|73B|Bhf. Kaiserebersdorf S
273|2053|73B|Bhf. Kaiserebersdorf S
273|3422|73B|Zentralfriedhof 3. Tor
273|2354|73B|Bhf. Kaiserebersdorf S
273|2365|73B|Zentralfriedhof 3. Tor
273|2341|73B|Bhf. Kaiserebersdorf S
273|2361|73B|Zentralfriedhof 3. Tor
273|2360|73B|Bhf. Kaiserebersdorf S
273|2356|73B|Bhf. Kaiserebersdorf S
273|2363|73B|Zentralfriedhof 3. Tor
273|2351|73B|Bhf. Kaiserebersdorf S
273|2367|73B|Zentralfriedhof 3. Tor
273|2355|73B|Bhf. Kaiserebersdorf S
273|2364|73B|Zentralfriedhof 3. Tor
273|2352|73B|Bhf. Kaiserebersdorf S
273|2366|73B|Zentralfriedhof 3. Tor
273|2727|73B|Bhf. Kaiserebersdorf S
273|2740|73B|Zentralfriedhof 3. Tor
273|3971|73B|Bhf. Kaiserebersdorf S
273|2315|73B|Bhf. Kaiserebersdorf S
273|3972|73B|Bhf. Kaiserebersdorf S
273|2315|73B|Zentralfriedhof 3. Tor
273|2362|73B|Zentralfriedhof 3. Tor
273|3411|73B|Bhf. Kaiserebersdorf S
273|3413|73B|Zentralfriedhof 3. Tor
273|2357|73B|Bhf. Kaiserebersdorf S
273|2368|73B|Zentralfriedhof 3. Tor
273|3991|73B|Bhf. Kaiserebersdorf S
273|3991|73B|Zentralfriedhof 3. Tor
276|5028|76B|Enkplatz U, Grillgasse
276|449|76B|Enkplatz U, Grillgasse
276|5003|76B|Alberner Hafen
276|5024|76B|Enkplatz U, Grillgasse
276|2278|76B|Alberner Hafen
276|5027|76B|Enkplatz U, Grillgasse
276|5053|76B|Alberner Hafen
276|5058|76B|Enkplatz U, Grillgasse
276|5212|76B|Alberner Hafen
276|5212|76B|Enkplatz U, Grillgasse
276|5015|76B|Alberner Hafen
276|5012|76B|Enkplatz U, Grillgasse
276|5042|76B|Alberner Hafen
276|5045|76B|Enkplatz U, Grillgasse
276|5001|76B|Alberner Hafen
276|5026|76B|Enkplatz U, Grillgasse
276|2606|76B|Alberner Hafen
276|435|76B|Alberner Hafen
276|435|76B|Enkplatz U, Grillgasse
276|432|76B|Alberner Hafen
276|510|76B|Enkplatz U, Grillgasse
276|509|76B|Alberner Hafen
276|473|76B|Enkplatz U, Grillgasse
276|434|76B|Alberner Hafen
276|3838|76B|Alberner Hafen
276|3840|76B|Enkplatz U, Grillgasse
276|2360|76B|Alberner Hafen
276|5013|76B|Alberner Hafen
276|2597|76B|Enkplatz U, Grillgasse
276|5013|76B|Enkplatz U, Grillgasse
276|5014|76B|Enkplatz U, Grillgasse
276|5043|76B|Alberner Hafen
276|5044|76B|Enkplatz U, Grillgasse
276|440|76B|Enkplatz U, Grillgasse
276|442|76B|Enkplatz U, Grillgasse
276|448|76B|Enkplatz U, Grillgasse
276|5211|76B|Alberner Hafen
276|5010|76B|Enkplatz U, Grillgasse
276|443|76B|Alberner Hafen
276|445|76B|Enkplatz U, Grillgasse
276|3837|76B|Alberner Hafen
276|3839|76B|Enkplatz U, Grillgasse
276|5844|76B|Alberner Hafen
276|5845|76B|Enkplatz U, Grillgasse
276|436|76B|Alberner Hafen
276|447|76B|Enkplatz U, Grillgasse
276|5210|76B|Alberner Hafen
276|444|76B|Alberner Hafen
276|369|76B|Enkplatz U, Grillgasse
276|437|76B|Alberner Hafen
276|446|76B|Enkplatz U, Grillgasse
276|5002|76B|Alberner Hafen
276|5025|76B|Enkplatz U, Grillgasse
279|5021|79B|Donaumarina, Chrastekgasse
279|5006|79B|Kaiserebersdorf, Münnichplatz
279|5034|79B|Kaiserebersdorf, Münnichplatz
279|5022|79B|Donaumarina, Chrastekgasse
279|5005|79B|Kaiserebersdorf, Münnichplatz
279|5045|79B|Donaumarina, Chrastekgasse
279|5042|79B|Kaiserebersdorf, Münnichplatz
279|5825|79B|Kaiserebersdorf, Münnichplatz
279|2535|79B|Donaumarina, Chrastekgasse
279|2537|79B|Donaumarina, Chrastekgasse
279|5839|79B|Donaumarina, Chrastekgasse
279|5826|79B|Kaiserebersdorf, Münnichplatz
279|659|79B|Donaumarina, Chrastekgasse
279|5790|79B|Kaiserebersdorf, Münnichplatz
279|5824|79B|Donaumarina, Chrastekgasse
279|5824|79B|Kaiserebersdorf, Münnichplatz
279|5837|79B|Donaumarina, Chrastekgasse
279|5828|79B|Kaiserebersdorf, Münnichplatz
279|5832|79B|Donaumarina, Chrastekgasse
279|5833|79B|Kaiserebersdorf, Münnichplatz
279|5838|79B|Donaumarina, Chrastekgasse
279|5827|79B|Kaiserebersdorf, Münnichplatz
279|5835|79B|Donaumarina, Chrastekgasse
279|5830|79B|Kaiserebersdorf, Münnichplatz
279|5842|79B|Donaumarina, Chrastekgasse
279|5840|79B|Kaiserebersdorf, Münnichplatz
279|3840|79B|Donaumarina, Chrastekgasse
279|3838|79B|Kaiserebersdorf, Münnichplatz
279|5013|79B|Donaumarina, Chrastekgasse
279|5014|79B|Donaumarina, Chrastekgasse
279|5013|79B|Kaiserebersdorf, Münnichplatz
279|5044|79B|Donaumarina, Chrastekgasse
279|5043|79B|Kaiserebersdorf, Münnichplatz
279|5831|79B|Donaumarina, Chrastekgasse
279|5834|79B|Donaumarina, Chrastekgasse
279|5831|79B|Kaiserebersdorf, Münnichplatz
279|5834|79B|Kaiserebersdorf, Münnichplatz
279|5046|79B|Donaumarina, Chrastekgasse
279|5041|79B|Kaiserebersdorf, Münnichplatz
279|2139|79B|Donaumarina, Chrastekgasse
279|612|79B|Donaumarina, Chrastekgasse
279|5023|79B|Donaumarina, Chrastekgasse
279|5004|79B|Kaiserebersdorf, Münnichplatz
279|611|79B|Donaumarina, Chrastekgasse
279|975|79B|Kaiserebersdorf, Münnichplatz
279|2692|79B|Donaumarina, Chrastekgasse
279|2699|79B|Kaiserebersdorf, Münnichplatz
279|2693|79B|Donaumarina, Chrastekgasse
279|2694|79B|Kaiserebersdorf, Münnichplatz
279|5068|79B|Donaumarina, Chrastekgasse
279|5067|79B|Kaiserebersdorf, Münnichplatz
279|5843|79B|Donaumarina, Chrastekgasse
279|5841|79B|Kaiserebersdorf, Münnichplatz
279|607|79B|Kaiserebersdorf, Münnichplatz
279|5836|79B|Donaumarina, Chrastekgasse
279|5829|79B|Kaiserebersdorf, Münnichplatz
279|2654|79B|Kaiserebersdorf, Münnichplatz
288|3329|88B|Eßling, Wegmayersiedlung
288|3332|88B|Seestadt >
288|3320|88B|Eßling, Wegmayersiedlung
288|3323|88B|Seestadt >
288|3324|88B|Eßling, Wegmayersiedlung
288|1044|88B|Seestadt >
288|3324|88B|Seestadt >
288|3331|88B|Eßling, Wegmayersiedlung
288|3331|88B|Seestadt >
288|6016|88B|Eßling, Wegmayersiedlung
288|6516|88B|Seestadt >
288|3330|88B|Eßling, Wegmayersiedlung
288|1031|88B|Eßling, Wegmayersiedlung
288|1045|88B|Seestadt >
288|3321|88B|Eßling, Wegmayersiedlung
288|3322|88B|Seestadt >
288|3328|88B|Eßling, Wegmayersiedlung
288|3336|88B|Seestadt >
288|3327|88B|Eßling, Wegmayersiedlung
288|3334|88B|Seestadt >
288|3337|88B|Seestadt >
288|3325|88B|Eßling, Wegmayersiedlung
288|1014|88B|Seestadt >
288|3319|88B|Eßling, Wegmayersiedlung
288|3319|88B|Seestadt >
288|3338|88B|Seestadt >
288|3333|88B|Seestadt >
288|3326|88B|Eßling, Wegmayersiedlung
288|3335|88B|Seestadt >
292|8530|92B|Kaisermühlen-VIC U
292|8512|92B|Ölhafen
292|8536|92B|Kaisermühlen-VIC U
292|8506|92B|Ölhafen
292|8507|92B|Kaisermühlen-VIC U
292|8535|92B|Kaisermühlen-VIC U
292|8507|92B|Ölhafen
292|8535|92B|Ölhafen
292|8523|92B|Kaisermühlen-VIC U
292|8519|92B|Ölhafen
292|8524|92B|Kaisermühlen-VIC U
292|8518|92B|Ölhafen
292|8522|92B|Kaisermühlen-VIC U
292|8520|92B|Ölhafen
292|8528|92B|Kaisermühlen-VIC U
292|8514|92B|Ölhafen
292|64|92B|Kaisermühlen-VIC U
292|73|92B|Ölhafen
292|8689|92B|Kaisermühlen-VIC U
292|8502|92B|Ölhafen
292|65|92B|Kaisermühlen-VIC U
292|65|92B|Ölhafen
292|72|92B|Ölhafen
292|8531|92B|Kaisermühlen-VIC U
292|8511|92B|Ölhafen
292|8533|92B|Kaisermühlen-VIC U
292|8509|92B|Ölhafen
292|8526|92B|Kaisermühlen-VIC U
292|8516|92B|Ölhafen
292|8526|92B|Ölhafen
292|8504|92B|Kaisermühlen-VIC U
292|8503|92B|Kaisermühlen-VIC U
292|8505|92B|Ölhafen
292|8521|92B|Kaisermühlen-VIC U
292|8521|92B|Ölhafen
292|8527|92B|Kaisermühlen-VIC U
292|8515|92B|Ölhafen
292|8532|92B|Kaisermühlen-VIC U
292|8510|92B|Ölhafen
292|63|92B|Kaisermühlen-VIC U
292|74|92B|Ölhafen
292|62|92B|Kaisermühlen-VIC U
292|8501|92B|Ölhafen
292|59|92B|Kaisermühlen-VIC U
292|60|92B|Kaisermühlen-VIC U
292|60|92B|Ölhafen
292|8529|92B|Kaisermühlen-VIC U
292|8513|92B|Ölhafen
292|8525|92B|Kaisermühlen-VIC U
292|5208|92B|Ölhafen
295|2737|95B|Contiweg
295|5728|95B|Hausfeldstraße U
295|1084|95B|Contiweg
295|1071|95B|Hausfeldstraße U
295|3118|95B|Contiweg
295|3110|95B|Hausfeldstraße U
295|1072|95B|Contiweg
295|1072|95B|Hausfeldstraße U
295|3010|95B|Contiweg
295|3112|95B|Hausfeldstraße U
295|2736|95B|Contiweg
295|2736|95B|Hausfeldstraße U
295|8637|95B|Hausfeldstraße U
295|2739|95B|Contiweg
295|8645|95B|Hausfeldstraße U
295|3071|95B|Contiweg
295|3117|95B|Contiweg
295|3111|95B|Hausfeldstraße U
295|8219|95B|Contiweg
295|3115|95B|Contiweg
295|3005|95B|Hausfeldstraße U
295|3009|95B|Contiweg
295|3113|95B|Hausfeldstraße U
299|3826|99B|Aspern Nord S U
299|3826|99B|Eßling, Schule
299|8013|99B|Aspern Nord S U
299|8028|99B|Eßling, Schule
299|8006|99B|Aspern Nord S U
299|8035|99B|Eßling, Schule
299|5743|99B|Aspern Nord S U
299|5743|99B|Eßling, Schule
299|8012|99B|Aspern Nord S U
299|8029|99B|Eßling, Schule
299|8024|99B|Aspern Nord S U
299|8024|99B|Eßling, Schule
299|8188|99B|Aspern Nord S U
299|8187|99B|Eßling, Schule
299|3819|99B|Aspern Nord S U
299|3822|99B|Eßling, Schule
299|3820|99B|Aspern Nord S U
299|3015|99B|Eßling, Schule
299|8186|99B|Aspern Nord S U
299|8185|99B|Eßling, Schule
299|8014|99B|Aspern Nord S U
299|8027|99B|Eßling, Schule
299|1004|99B|Aspern Nord S U
299|8037|99B|Eßling, Schule
299|3348|99B|Aspern Nord S U
299|3340|99B|Eßling, Schule
299|8023|99B|Aspern Nord S U
299|8023|99B|Eßling, Schule
299|3818|99B|Aspern Nord S U
299|3823|99B|Eßling, Schule
299|3817|99B|Aspern Nord S U
299|8026|99B|Eßling, Schule
626|7434|26E|Floridsdorf S U
626|7436|26E|Josef-Baumann-Gasse
626|7435|26E|Floridsdorf S U
626|7435|26E|Josef-Baumann-Gasse
626|7487|26E|Floridsdorf S U
626|2371|26E|Josef-Baumann-Gasse
626|7486|26E|Floridsdorf S U
626|2370|26E|Josef-Baumann-Gasse
626|2373|26E|Floridsdorf S U
626|2373|26E|Josef-Baumann-Gasse
627|7434|26E|Floridsdorf S U
627|7436|26E|Josef-Baumann-Gasse
627|7435|26E|Floridsdorf S U
627|7435|26E|Josef-Baumann-Gasse
627|7487|26E|Floridsdorf S U
627|2371|26E|Josef-Baumann-Gasse
627|6016|26E|Floridsdorf S U
627|6516|26E|Josef-Baumann-Gasse
627|7486|26E|Floridsdorf S U
627|2370|26E|Josef-Baumann-Gasse
627|2373|26E|Floridsdorf S U
627|2373|26E|Josef-Baumann-Gasse
506|3435|N6|Enkplatz U, Grillgasse
506|3434|N6|Westbahnhof
506|6027|N6|Enkplatz U, Grillgasse
506|5672|N6|Enkplatz U, Grillgasse
506|5655|N6|Westbahnhof
506|407|N6|Enkplatz U, Grillgasse
506|411|N6|Westbahnhof
506|5673|N6|Enkplatz U, Grillgasse
506|5654|N6|Westbahnhof
506|412|N6|Enkplatz U, Grillgasse
506|412|N6|Westbahnhof
506|757|N6|Enkplatz U, Grillgasse
506|6014|N6|Enkplatz U, Grillgasse
506|6514|N6|Westbahnhof
506|5671|N6|Enkplatz U, Grillgasse
506|5656|N6|Westbahnhof
506|408|N6|Enkplatz U, Grillgasse
506|418|N6|Westbahnhof
506|409|N6|Enkplatz U, Grillgasse
506|416|N6|Westbahnhof
506|405|N6|Enkplatz U, Grillgasse
506|421|N6|Westbahnhof
506|2584|N6|Westbahnhof
506|733|N6|Enkplatz U, Grillgasse
506|5670|N6|Enkplatz U, Grillgasse
506|5657|N6|Westbahnhof
506|8|N6|Enkplatz U, Grillgasse
506|5435|N6|Westbahnhof
506|425|N6|Westbahnhof
506|5674|N6|Enkplatz U, Grillgasse
506|5675|N6|Enkplatz U, Grillgasse
506|3853|N6|Enkplatz U, Grillgasse
506|3853|N6|Westbahnhof
506|7471|N6|Westbahnhof
506|5653|N6|Westbahnhof
506|402|N6|Enkplatz U, Grillgasse
506|7470|N6|Enkplatz U, Grillgasse
506|424|N6|Westbahnhof
506|410|N6|Enkplatz U, Grillgasse
506|415|N6|Westbahnhof
506|403|N6|Enkplatz U, Grillgasse
506|403|N6|Westbahnhof
506|423|N6|Westbahnhof
506|786|N6|Enkplatz U, Grillgasse
506|810|N6|Enkplatz U, Grillgasse
506|810|N6|Westbahnhof
506|2243|N6|Enkplatz U, Grillgasse
506|404|N6|Enkplatz U, Grillgasse
506|422|N6|Enkplatz U, Grillgasse
506|2243|N6|Westbahnhof
506|404|N6|Westbahnhof
506|422|N6|Westbahnhof
506|406|N6|Enkplatz U, Grillgasse
506|420|N6|Westbahnhof
506|5761|N6|Enkplatz U, Grillgasse
506|758|N6|Enkplatz U, Grillgasse
506|767|N6|Westbahnhof
506|2852|N6|Enkplatz U, Grillgasse
506|5669|N6|Enkplatz U, Grillgasse
506|5658|N6|Westbahnhof
506|5669|N6|Westbahnhof
508|592|N8|Alterlaa U
508|5662|N8|Alterlaa U
508|5666|N8|Alterlaa U
508|5662|N8|Handelskai S U
508|2545|N8|Alterlaa U
508|2545|N8|Handelskai S U
508|1803|N8|Alterlaa U
508|1836|N8|Handelskai S U
508|1718|N8|Alterlaa U
508|500|N8|Alterlaa U
508|1683|N8|Handelskai S U
508|1847|N8|Handelskai S U
508|633|N8|Alterlaa U
508|643|N8|Handelskai S U
508|1640|N8|Alterlaa U
508|1691|N8|Handelskai S U
508|1749|N8|Handelskai S U
508|5539|N8|Alterlaa U
508|590|N8|Alterlaa U
508|590|N8|Handelskai S U
508|2722|N8|Alterlaa U
508|2723|N8|Handelskai S U
508|6115|N8|Alterlaa U
508|6014|N8|Alterlaa U
508|6514|N8|Handelskai S U
508|5763|N8|Alterlaa U
508|5619|N8|Alterlaa U
508|5657|N8|Handelskai S U
508|634|N8|Alterlaa U
508|642|N8|Handelskai S U
508|1530|N8|Alterlaa U
508|591|N8|Alterlaa U
508|591|N8|Handelskai S U
508|5620|N8|Alterlaa U
508|5621|N8|Handelskai S U
508|5667|N8|Alterlaa U
508|5661|N8|Handelskai S U
508|1805|N8|Alterlaa U
508|1834|N8|Handelskai S U
508|3162|N8|Alterlaa U
508|3130|N8|Handelskai S U
508|5529|N8|Handelskai S U
508|2495|N8|Alterlaa U
508|2496|N8|Handelskai S U
508|5756|N8|Alterlaa U
508|5757|N8|Handelskai S U
508|5664|N8|Handelskai S U
508|1230|N8|Alterlaa U
508|1230|N8|Handelskai S U
508|1804|N8|Alterlaa U
508|1835|N8|Handelskai S U
508|1721|N8|Alterlaa U
508|1745|N8|Handelskai S U
508|2498|N8|Alterlaa U
508|1806|N8|Alterlaa U
508|1833|N8|Handelskai S U
508|1578|N8|Alterlaa U
508|5584|N8|Handelskai S U
508|5660|N8|Alterlaa U
508|5668|N8|Alterlaa U
508|5660|N8|Handelskai S U
508|5668|N8|Handelskai S U
508|3868|N8|Alterlaa U
508|5659|N8|Handelskai S U
508|5665|N8|Alterlaa U
508|5663|N8|Handelskai S U
508|5665|N8|Handelskai S U
508|5658|N8|Alterlaa U
508|5669|N8|Alterlaa U
508|5658|N8|Handelskai S U
508|5669|N8|Handelskai S U
508|1842|N8|Alterlaa U
508|1746|N8|Handelskai S U
520|6120|N20|Strebersdorf, Meriangasse
520|6040|N20|Eßling, Stadtgrenze
520|6040|N20|Strebersdorf, Meriangasse
520|637|N20|Eßling, Stadtgrenze
520|638|N20|Eßling, Stadtgrenze
520|637|N20|Strebersdorf, Meriangasse
520|638|N20|Strebersdorf, Meriangasse
520|3429|N20|Eßling, Stadtgrenze
520|3430|N20|Strebersdorf, Meriangasse
520|5702|N20|Strebersdorf, Meriangasse
520|2183|N20|Eßling, Stadtgrenze
520|2178|N20|Strebersdorf, Meriangasse
520|1514|N20|Strebersdorf, Meriangasse
520|2372|N20|Eßling, Stadtgrenze
520|2378|N20|Strebersdorf, Meriangasse
520|7434|N20|Strebersdorf, Meriangasse
520|2404|N20|Eßling, Stadtgrenze
520|5704|N20|Strebersdorf, Meriangasse
520|1508|N20|Eßling, Stadtgrenze
520|1512|N20|Strebersdorf, Meriangasse
520|1034|N20|Eßling, Stadtgrenze
520|1042|N20|Strebersdorf, Meriangasse
520|1007|N20|Eßling, Stadtgrenze
520|1015|N20|Strebersdorf, Meriangasse
520|1032|N20|Eßling, Stadtgrenze
520|5743|N20|Eßling, Stadtgrenze
520|1044|N20|Strebersdorf, Meriangasse
520|5743|N20|Strebersdorf, Meriangasse
520|1038|N20|Eßling, Stadtgrenze
520|2615|N20|Eßling, Stadtgrenze
520|1038|N20|Strebersdorf, Meriangasse
520|2615|N20|Strebersdorf, Meriangasse
520|2343|N20|Eßling, Stadtgrenze
520|2343|N20|Strebersdorf, Meriangasse
520|2345|N20|Strebersdorf, Meriangasse
520|1029|N20|Eßling, Stadtgrenze
520|1047|N20|Strebersdorf, Meriangasse
520|2371|N20|Eßling, Stadtgrenze
520|2379|N20|Strebersdorf, Meriangasse
520|7487|N20|Strebersdorf, Meriangasse
520|6016|N20|Strebersdorf, Meriangasse
520|6516|N20|Eßling, Stadtgrenze
520|1036|N20|Eßling, Stadtgrenze
520|2403|N20|Eßling, Stadtgrenze
520|2411|N20|Strebersdorf, Meriangasse
520|1507|N20|Eßling, Stadtgrenze
520|1513|N20|Strebersdorf, Meriangasse
520|2185|N20|Eßling, Stadtgrenze
520|2176|N20|Strebersdorf, Meriangasse
520|2370|N20|Eßling, Stadtgrenze
520|2380|N20|Strebersdorf, Meriangasse
520|2373|N20|Eßling, Stadtgrenze
520|2377|N20|Strebersdorf, Meriangasse
520|881|N20|Eßling, Stadtgrenze
520|881|N20|Strebersdorf, Meriangasse
520|2638|N20|Strebersdorf, Meriangasse
520|2637|N20|Eßling, Stadtgrenze
520|2637|N20|Strebersdorf, Meriangasse
520|3318|N20|Eßling, Stadtgrenze
520|3066|N20|Strebersdorf, Meriangasse
520|885|N20|Strebersdorf, Meriangasse
520|2405|N20|Eßling, Stadtgrenze
520|5703|N20|Strebersdorf, Meriangasse
520|1031|N20|Eßling, Stadtgrenze
520|1045|N20|Strebersdorf, Meriangasse
520|2186|N20|Eßling, Stadtgrenze
520|1091|N20|Strebersdorf, Meriangasse
520|1008|N20|Eßling, Stadtgrenze
520|2631|N20|Strebersdorf, Meriangasse
520|1009|N20|Eßling, Stadtgrenze
520|5705|N20|Strebersdorf, Meriangasse
520|1030|N20|Eßling, Stadtgrenze
520|1046|N20|Strebersdorf, Meriangasse
520|1027|N20|Eßling, Stadtgrenze
520|1049|N20|Strebersdorf, Meriangasse
520|639|N20|Eßling, Stadtgrenze
520|636|N20|Strebersdorf, Meriangasse
520|1033|N20|Eßling, Stadtgrenze
520|1043|N20|Strebersdorf, Meriangasse
520|1023|N20|Eßling, Stadtgrenze
520|1040|N20|Strebersdorf, Meriangasse
520|2182|N20|Eßling, Stadtgrenze
520|3125|N20|Strebersdorf, Meriangasse
520|2374|N20|Eßling, Stadtgrenze
520|2376|N20|Strebersdorf, Meriangasse
520|1028|N20|Eßling, Stadtgrenze
520|1048|N20|Strebersdorf, Meriangasse
520|1004|N20|Eßling, Stadtgrenze
520|1014|N20|Strebersdorf, Meriangasse
520|1506|N20|Eßling, Stadtgrenze
520|3043|N20|Strebersdorf, Meriangasse
520|1026|N20|Eßling, Stadtgrenze
520|1050|N20|Strebersdorf, Meriangasse
520|892|N20|Eßling, Stadtgrenze
520|5785|N20|Strebersdorf, Meriangasse
520|2181|N20|Eßling, Stadtgrenze
520|2181|N20|Strebersdorf, Meriangasse
520|2949|N20|Eßling, Stadtgrenze
520|5784|N20|Strebersdorf, Meriangasse
520|2184|N20|Eßling, Stadtgrenze
520|2177|N20|Strebersdorf, Meriangasse
523|6037|N23|Hausfeldstraße U
523|1068|N23|Hausfeldstraße U
523|1087|N23|Kagraner Platz U
523|5728|N23|Hausfeldstraße U
523|2737|N23|Kagraner Platz U
523|3110|N23|Hausfeldstraße U
523|3118|N23|Kagraner Platz U
523|5823|N23|Kagraner Platz U
523|6016|N23|Hausfeldstraße U
523|6516|N23|Kagraner Platz U
523|3112|N23|Hausfeldstraße U
523|3010|N23|Kagraner Platz U
523|2736|N23|Hausfeldstraße U
523|8637|N23|Hausfeldstraße U
523|2736|N23|Kagraner Platz U
523|1070|N23|Hausfeldstraße U
523|1085|N23|Kagraner Platz U
523|998|N23|Hausfeldstraße U
523|998|N23|Kagraner Platz U
523|3068|N23|Hausfeldstraße U
523|3069|N23|Kagraner Platz U
523|3111|N23|Hausfeldstraße U
523|3117|N23|Kagraner Platz U
523|1069|N23|Hausfeldstraße U
523|1086|N23|Kagraner Platz U
523|3005|N23|Hausfeldstraße U
523|1078|N23|Hausfeldstraße U
523|1079|N23|Kagraner Platz U
523|3113|N23|Hausfeldstraße U
525|6040|N25|Großfeldsiedlung U
525|1143|N25|Großfeldsiedlung U
525|3077|N25|Großfeldsiedlung U
525|3061|N25|Stubentor U
525|953|N25|Großfeldsiedlung U
525|953|N25|Stubentor U
525|19|N25|Großfeldsiedlung U
525|14|N25|Großfeldsiedlung U
525|1140|N25|Großfeldsiedlung U
525|5760|N25|Großfeldsiedlung U
525|5759|N25|Stubentor U
525|997|N25|Stubentor U
525|1136|N25|Großfeldsiedlung U
525|1109|N25|Stubentor U
525|1136|N25|Stubentor U
525|2472|N25|Großfeldsiedlung U
525|6016|N25|Großfeldsiedlung U
525|6516|N25|Stubentor U
525|1100|N25|Großfeldsiedlung U
525|1076|N25|Stubentor U
525|1100|N25|Stubentor U
525|2474|N25|Großfeldsiedlung U
525|2475|N25|Stubentor U
525|3097|N25|Großfeldsiedlung U
525|3076|N25|Großfeldsiedlung U
525|3062|N25|Stubentor U
525|2555|N25|Großfeldsiedlung U
525|880|N25|Großfeldsiedlung U
525|880|N25|Stubentor U
525|881|N25|Stubentor U
525|5510|N25|Großfeldsiedlung U
525|3060|N25|Stubentor U
525|8181|N25|Großfeldsiedlung U
525|2664|N25|Stubentor U
525|3313|N25|Großfeldsiedlung U
525|3318|N25|Großfeldsiedlung U
525|3066|N25|Stubentor U
525|3313|N25|Stubentor U
525|3318|N25|Stubentor U
525|5509|N25|Großfeldsiedlung U
525|5520|N25|Stubentor U
525|1138|N25|Großfeldsiedlung U
525|1144|N25|Großfeldsiedlung U
525|1108|N25|Stubentor U
525|7|N25|Großfeldsiedlung U
525|1142|N25|Großfeldsiedlung U
525|5787|N25|Großfeldsiedlung U
525|5788|N25|Stubentor U
525|3095|N25|Stubentor U
525|2471|N25|Großfeldsiedlung U
525|933|N25|Stubentor U
525|5715|N25|Großfeldsiedlung U
525|5818|N25|Stubentor U
525|1137|N25|Großfeldsiedlung U
525|5709|N25|Großfeldsiedlung U
525|5708|N25|Stubentor U
525|5601|N25|Großfeldsiedlung U
525|1139|N25|Großfeldsiedlung U
525|15|N25|Großfeldsiedlung U
525|5707|N25|Großfeldsiedlung U
525|5710|N25|Großfeldsiedlung U
525|5707|N25|Stubentor U
525|5710|N25|Stubentor U
525|3089|N25|Großfeldsiedlung U
525|3093|N25|Stubentor U
525|17|N25|Großfeldsiedlung U
525|5524|N25|Stubentor U
525|5714|N25|Großfeldsiedlung U
525|2668|N25|Stubentor U
525|1135|N25|Großfeldsiedlung U
525|1110|N25|Stubentor U
525|1135|N25|Stubentor U
525|5569|N25|Großfeldsiedlung U
525|18|N25|Großfeldsiedlung U
525|12|N25|Großfeldsiedlung U
525|5505|N25|Großfeldsiedlung U
525|5505|N25|Stubentor U
525|5501|N25|Großfeldsiedlung U
525|5501|N25|Stubentor U
525|992|N25|Großfeldsiedlung U
525|991|N25|Stubentor U
525|3407|N25|Großfeldsiedlung U
525|3096|N25|Stubentor U
525|3043|N25|Großfeldsiedlung U
525|5706|N25|Stubentor U
525|5785|N25|Großfeldsiedlung U
525|892|N25|Stubentor U
525|10|N25|Großfeldsiedlung U
525|10|N25|Stubentor U
525|2473|N25|Großfeldsiedlung U
525|2476|N25|Stubentor U
525|3088|N25|Großfeldsiedlung U
525|3094|N25|Stubentor U
525|1141|N25|Großfeldsiedlung U
525|5711|N25|Großfeldsiedlung U
525|5521|N25|Stubentor U
525|5711|N25|Stubentor U
525|3953|N25|Großfeldsiedlung U
529|314|N29|Floridsdorf S U
529|327|N29|Wittelsbachstraße
529|680|N29|Floridsdorf S U
529|678|N29|Wittelsbachstraße
529|318|N29|Floridsdorf S U
529|323|N29|Wittelsbachstraße
529|2343|N29|Floridsdorf S U
529|5737|N29|Floridsdorf S U
529|2343|N29|Wittelsbachstraße
529|5737|N29|Wittelsbachstraße
529|2205|N29|Floridsdorf S U
529|2205|N29|Wittelsbachstraße
529|681|N29|Floridsdorf S U
529|677|N29|Wittelsbachstraße
529|5530|N29|Floridsdorf S U
529|5539|N29|Floridsdorf S U
529|590|N29|Floridsdorf S U
529|5530|N29|Wittelsbachstraße
529|5539|N29|Wittelsbachstraße
529|590|N29|Wittelsbachstraße
529|6106|N29|Floridsdorf S U
529|6016|N29|Floridsdorf S U
529|6516|N29|Wittelsbachstraße
529|133|N29|Floridsdorf S U
529|5525|N29|Wittelsbachstraße
529|1177|N29|Wittelsbachstraße
529|1003|N29|Floridsdorf S U
529|328|N29|Wittelsbachstraße
529|172|N29|Floridsdorf S U
529|165|N29|Wittelsbachstraße
529|174|N29|Floridsdorf S U
529|132|N29|Wittelsbachstraße
529|2494|N29|Floridsdorf S U
529|2497|N29|Wittelsbachstraße
529|316|N29|Floridsdorf S U
529|325|N29|Wittelsbachstraße
529|41|N29|Floridsdorf S U
529|23|N29|Wittelsbachstraße
529|1001|N29|Floridsdorf S U
529|1020|N29|Wittelsbachstraße
529|609|N29|Floridsdorf S U
529|626|N29|Wittelsbachstraße
529|171|N29|Floridsdorf S U
529|166|N29|Wittelsbachstraße
529|5542|N29|Floridsdorf S U
529|5738|N29|Wittelsbachstraße
529|173|N29|Floridsdorf S U
529|164|N29|Wittelsbachstraße
529|315|N29|Floridsdorf S U
529|326|N29|Wittelsbachstraße
529|22|N29|Floridsdorf S U
529|42|N29|Floridsdorf S U
529|5507|N29|Floridsdorf S U
529|22|N29|Wittelsbachstraße
529|42|N29|Wittelsbachstraße
529|5507|N29|Wittelsbachstraße
529|1002|N29|Floridsdorf S U
529|1019|N29|Wittelsbachstraße
529|317|N29|Floridsdorf S U
529|324|N29|Wittelsbachstraße
529|2104|N29|Floridsdorf S U
529|2104|N29|Wittelsbachstraße
529|2114|N29|Wittelsbachstraße
531|6052|N31|Stammersdorf B7
531|6098|N31|Schwedenplatz
531|6098|N31|Stammersdorf B7
531|637|N31|Schwedenplatz
531|638|N31|Schwedenplatz
531|637|N31|Stammersdorf B7
531|638|N31|Stammersdorf B7
531|5734|N31|Schwedenplatz
531|5741|N31|Stammersdorf B7
531|1207|N31|Stammersdorf B7
531|2213|N31|Schwedenplatz
531|2192|N31|Stammersdorf B7
531|2223|N31|Schwedenplatz
531|2203|N31|Stammersdorf B7
531|2221|N31|Schwedenplatz
531|2206|N31|Stammersdorf B7
531|2200|N31|Schwedenplatz
531|2201|N31|Stammersdorf B7
531|5735|N31|Schwedenplatz
531|5740|N31|Stammersdorf B7
531|1125|N31|Schwedenplatz
531|2343|N31|Schwedenplatz
531|5737|N31|Schwedenplatz
531|1120|N31|Stammersdorf B7
531|1125|N31|Stammersdorf B7
531|2343|N31|Stammersdorf B7
531|5737|N31|Stammersdorf B7
531|2205|N31|Schwedenplatz
531|2222|N31|Schwedenplatz
531|2205|N31|Stammersdorf B7
531|2222|N31|Stammersdorf B7
531|5539|N31|Schwedenplatz
531|5530|N31|Stammersdorf B7
531|5539|N31|Stammersdorf B7
531|6016|N31|Stammersdorf B7
531|6516|N31|Schwedenplatz
531|2387|N31|Schwedenplatz
531|5547|N31|Stammersdorf B7
531|2219|N31|Schwedenplatz
531|2208|N31|Stammersdorf B7
531|5736|N31|Schwedenplatz
531|5739|N31|Stammersdorf B7
531|2497|N31|Schwedenplatz
531|2494|N31|Stammersdorf B7
531|2157|N31|Schwedenplatz
531|2204|N31|Stammersdorf B7
531|5538|N31|Schwedenplatz
531|5738|N31|Schwedenplatz
531|5542|N31|Stammersdorf B7
531|5546|N31|Schwedenplatz
531|2399|N31|Stammersdorf B7
531|5569|N31|Schwedenplatz
531|5545|N31|Stammersdorf B7
531|5508|N31|Schwedenplatz
531|5508|N31|Stammersdorf B7
531|2220|N31|Schwedenplatz
531|2207|N31|Stammersdorf B7
531|5732|N31|Stammersdorf B7
531|5549|N31|Schwedenplatz
531|5549|N31|Stammersdorf B7
531|5733|N31|Schwedenplatz
531|5742|N31|Stammersdorf B7
531|2224|N31|Schwedenplatz
531|2202|N31|Stammersdorf B7
535|4818|N35|Spittelau S U
535|1243|N35|Salmannsdorf
535|1251|N35|Spittelau S U
535|1234|N35|Salmannsdorf
535|1263|N35|Spittelau S U
535|6014|N35|Salmannsdorf
535|6514|N35|Spittelau S U
535|2964|N35|Salmannsdorf
535|2964|N35|Spittelau S U
535|2985|N35|Spittelau S U
535|1238|N35|Salmannsdorf
535|1343|N35|Salmannsdorf
535|1257|N35|Spittelau S U
535|1343|N35|Spittelau S U
535|1264|N35|Spittelau S U
535|1237|N35|Salmannsdorf
535|1258|N35|Spittelau S U
535|1232|N35|Salmannsdorf
535|1227|N35|Spittelau S U
535|1245|N35|Salmannsdorf
535|1256|N35|Spittelau S U
535|1240|N35|Salmannsdorf
535|1254|N35|Spittelau S U
535|1236|N35|Salmannsdorf
535|1259|N35|Spittelau S U
535|1233|N35|Salmannsdorf
535|1261|N35|Spittelau S U
535|5529|N35|Spittelau S U
535|1242|N35|Salmannsdorf
535|1252|N35|Spittelau S U
535|1241|N35|Salmannsdorf
535|1241|N35|Spittelau S U
535|1253|N35|Spittelau S U
535|1230|N35|Salmannsdorf
535|1230|N35|Spittelau S U
535|640|N35|Spittelau S U
535|1262|N35|Spittelau S U
535|1235|N35|Salmannsdorf
535|1260|N35|Spittelau S U
535|1250|N35|Salmannsdorf
535|1250|N35|Spittelau S U
535|3516|N35|Salmannsdorf
535|3516|N35|Spittelau S U
535|1239|N35|Salmannsdorf
535|1255|N35|Spittelau S U
535|1231|N35|Salmannsdorf
535|1247|N35|Salmannsdorf
538|6052|N38|Grinzing
538|6026|N38|Grinzing
538|1273|N38|Grinzing
538|1222|N38|Börse
538|5766|N38|Grinzing
538|102|N38|Börse
538|117|N38|Grinzing
538|19|N38|Börse
538|19|N38|Grinzing
538|5201|N38|Grinzing
538|14|N38|Grinzing
538|214|N38|Grinzing
538|6016|N38|Grinzing
538|6516|N38|Börse
538|2985|N38|Börse
538|2964|N38|Grinzing
538|1264|N38|Börse
538|1264|N38|Grinzing
538|216|N38|Grinzing
538|1221|N38|Börse
538|1221|N38|Grinzing
538|1227|N38|Börse
538|1214|N38|Grinzing
538|5748|N38|Börse
538|5745|N38|Grinzing
538|5747|N38|Börse
538|5529|N38|Börse
538|215|N38|Börse
538|215|N38|Grinzing
538|1286|N38|Börse
538|1215|N38|Grinzing
538|5602|N38|Grinzing
538|1223|N38|Börse
538|5750|N38|Grinzing
538|15|N38|Grinzing
538|17|N38|Grinzing
538|103|N38|Börse
538|116|N38|Grinzing
538|5569|N38|Grinzing
538|18|N38|Grinzing
538|3701|N38|Börse
538|3701|N38|Grinzing
538|12|N38|Grinzing
538|5501|N38|Grinzing
538|130|N38|Börse
538|115|N38|Grinzing
538|1224|N38|Börse
538|5749|N38|Grinzing
538|5599|N38|Börse
538|1289|N38|Grinzing
538|10|N38|Grinzing
541|6097|N41|Pötzleinsdorf
541|6097|N41|Schottentor U
541|1273|N41|Pötzleinsdorf
541|191|N41|Pötzleinsdorf
541|145|N41|Schottentor U
541|1272|N41|Pötzleinsdorf
541|1301|N41|Schottentor U
541|1271|N41|Pötzleinsdorf
541|1302|N41|Schottentor U
541|1311|N41|Pötzleinsdorf
541|1317|N41|Schottentor U
541|6115|N41|Pötzleinsdorf
541|6014|N41|Pötzleinsdorf
541|6514|N41|Schottentor U
541|5786|N41|Pötzleinsdorf
541|5786|N41|Schottentor U
541|143|N41|Pötzleinsdorf
541|143|N41|Schottentor U
541|2968|N41|Schottentor U
541|177|N41|Pötzleinsdorf
541|187|N41|Schottentor U
541|190|N41|Pötzleinsdorf
541|146|N41|Schottentor U
541|383|N41|Schottentor U
541|1313|N41|Pötzleinsdorf
541|3729|N41|Pötzleinsdorf
541|1313|N41|Schottentor U
541|3729|N41|Schottentor U
541|1312|N41|Pötzleinsdorf
541|1316|N41|Schottentor U
541|2910|N41|Pötzleinsdorf
541|2910|N41|Schottentor U
541|1213|N41|Pötzleinsdorf
541|150|N41|Schottentor U
541|149|N41|Schottentor U
541|188|N41|Pötzleinsdorf
541|148|N41|Schottentor U
541|1310|N41|Pötzleinsdorf
541|1318|N41|Schottentor U
541|147|N41|Pötzleinsdorf
541|189|N41|Pötzleinsdorf
541|7473|N41|Pötzleinsdorf
541|147|N41|Schottentor U
541|189|N41|Schottentor U
541|7473|N41|Schottentor U
541|192|N41|Pötzleinsdorf
541|144|N41|Schottentor U
543|220|N43|Neuwaldegg
543|234|N43|Neuwaldegg
543|234|N43|Schottentor U
543|2414|N43|Neuwaldegg
543|219|N43|Neuwaldegg
543|235|N43|Schottentor U
543|1349|N43|Neuwaldegg
543|1349|N43|Schottentor U
543|1356|N43|Schottentor U
543|1369|N43|Schottentor U
543|1350|N43|Neuwaldegg
543|1355|N43|Schottentor U
543|222|N43|Neuwaldegg
543|232|N43|Schottentor U
543|3891|N43|Neuwaldegg
543|6115|N43|Neuwaldegg
543|6014|N43|Neuwaldegg
543|6514|N43|Schottentor U
543|1348|N43|Neuwaldegg
543|1357|N43|Neuwaldegg
543|1357|N43|Schottentor U
543|224|N43|Neuwaldegg
543|230|N43|Neuwaldegg
543|2973|N43|Neuwaldegg
543|224|N43|Schottentor U
543|230|N43|Schottentor U
543|2973|N43|Schottentor U
543|1351|N43|Neuwaldegg
543|1354|N43|Schottentor U
543|1346|N43|Neuwaldegg
543|238|N43|Schottentor U
543|217|N43|Neuwaldegg
543|237|N43|Schottentor U
543|5744|N43|Neuwaldegg
543|5744|N43|Schottentor U
543|221|N43|Neuwaldegg
543|233|N43|Schottentor U
543|223|N43|Neuwaldegg
543|231|N43|Schottentor U
543|2878|N43|Neuwaldegg
543|2910|N43|Neuwaldegg
543|2910|N43|Schottentor U
543|218|N43|Neuwaldegg
543|236|N43|Schottentor U
543|1772|N43|Neuwaldegg
546|5691|N46|Oper, Karlsplatz >
546|1376|N46|Otto Wagner Areal
546|5085|N46|Otto Wagner Areal
546|1391|N46|Oper, Karlsplatz >
546|1380|N46|Otto Wagner Areal
546|1389|N46|Oper, Karlsplatz >
546|1382|N46|Otto Wagner Areal
546|6115|N46|Otto Wagner Areal
546|6014|N46|Otto Wagner Areal
546|6514|N46|Oper, Karlsplatz >
546|1386|N46|Oper, Karlsplatz >
546|565|N46|Oper, Karlsplatz >
546|584|N46|Oper, Karlsplatz >
546|1386|N46|Otto Wagner Areal
546|565|N46|Otto Wagner Areal
546|584|N46|Otto Wagner Areal
546|1680|N46|Oper, Karlsplatz >
546|1439|N46|Oper, Karlsplatz >
546|1438|N46|Otto Wagner Areal
546|5695|N46|Oper, Karlsplatz >
546|1385|N46|Otto Wagner Areal
546|5693|N46|Oper, Karlsplatz >
546|8225|N46|Otto Wagner Areal
546|1678|N46|Oper, Karlsplatz >
546|1678|N46|Otto Wagner Areal
546|1387|N46|Oper, Karlsplatz >
546|1528|N46|Oper, Karlsplatz >
546|1384|N46|Otto Wagner Areal
546|2263|N46|Oper, Karlsplatz >
546|2263|N46|Otto Wagner Areal
546|1375|N46|Oper, Karlsplatz >
546|1375|N46|Otto Wagner Areal
546|2264|N46|Oper, Karlsplatz >
546|585|N46|Oper, Karlsplatz >
546|564|N46|Otto Wagner Areal
546|1417|N46|Otto Wagner Areal
546|1393|N46|Oper, Karlsplatz >
546|1378|N46|Otto Wagner Areal
546|1416|N46|Otto Wagner Areal
546|1388|N46|Oper, Karlsplatz >
546|2971|N46|Oper, Karlsplatz >
546|1383|N46|Otto Wagner Areal
546|1394|N46|Oper, Karlsplatz >
546|1377|N46|Otto Wagner Areal
546|1392|N46|Oper, Karlsplatz >
546|1379|N46|Otto Wagner Areal
546|1390|N46|Oper, Karlsplatz >
546|1381|N46|Otto Wagner Areal
546|5692|N46|Oper, Karlsplatz >
546|8226|N46|Otto Wagner Areal
546|1424|N46|Oper, Karlsplatz >
546|1415|N46|Otto Wagner Areal
549|3279|N49|Hütteldorf, Bujattigasse
549|5797|N49|Hütteldorf, Bujattigasse
549|3249|N49|Oper, Karlsplatz >
549|5697|N49|Hütteldorf, Bujattigasse
549|5697|N49|Oper, Karlsplatz >
549|3869|N49|Hütteldorf, Bujattigasse
549|3241|N49|Hütteldorf, Bujattigasse
549|1458|N49|Hütteldorf, Bujattigasse
549|1545|N49|Hütteldorf, Bujattigasse
549|1465|N49|Oper, Karlsplatz >
549|1446|N49|Hütteldorf, Bujattigasse
549|1476|N49|Oper, Karlsplatz >
549|5698|N49|Hütteldorf, Bujattigasse
549|5696|N49|Oper, Karlsplatz >
549|5698|N49|Oper, Karlsplatz >
549|1706|N49|Hütteldorf, Bujattigasse
549|1452|N49|Hütteldorf, Bujattigasse
549|1471|N49|Hütteldorf, Bujattigasse
549|4723|N49|Hütteldorf, Bujattigasse
549|1471|N49|Oper, Karlsplatz >
549|4723|N49|Oper, Karlsplatz >
549|3375|N49|Hütteldorf, Bujattigasse
549|3231|N49|Oper, Karlsplatz >
549|6115|N49|Hütteldorf, Bujattigasse
549|6014|N49|Hütteldorf, Bujattigasse
549|6514|N49|Oper, Karlsplatz >
549|1543|N49|Hütteldorf, Bujattigasse
549|1530|N49|Hütteldorf, Bujattigasse
549|3248|N49|Oper, Karlsplatz >
549|1457|N49|Hütteldorf, Bujattigasse
549|1466|N49|Oper, Karlsplatz >
549|1448|N49|Hütteldorf, Bujattigasse
549|1474|N49|Oper, Karlsplatz >
549|1461|N49|Hütteldorf, Bujattigasse
549|1462|N49|Hütteldorf, Bujattigasse
549|5791|N49|Hütteldorf, Bujattigasse
549|1462|N49|Oper, Karlsplatz >
549|5814|N49|Oper, Karlsplatz >
549|1454|N49|Hütteldorf, Bujattigasse
549|1450|N49|Hütteldorf, Bujattigasse
549|568|N49|Hütteldorf, Bujattigasse
549|1472|N49|Oper, Karlsplatz >
549|568|N49|Oper, Karlsplatz >
549|1449|N49|Hütteldorf, Bujattigasse
549|1473|N49|Oper, Karlsplatz >
549|898|N49|Hütteldorf, Bujattigasse
549|898|N49|Oper, Karlsplatz >
549|1444|N49|Hütteldorf, Bujattigasse
549|1478|N49|Oper, Karlsplatz >
549|1432|N49|Oper, Karlsplatz >
549|1680|N49|Oper, Karlsplatz >
549|1486|N49|Hütteldorf, Bujattigasse
549|1487|N49|Oper, Karlsplatz >
549|140|N49|Hütteldorf, Bujattigasse
549|1453|N49|Hütteldorf, Bujattigasse
549|140|N49|Oper, Karlsplatz >
549|1453|N49|Oper, Karlsplatz >
549|1470|N49|Oper, Karlsplatz >
549|1544|N49|Hütteldorf, Bujattigasse
549|1469|N49|Oper, Karlsplatz >
549|5796|N49|Hütteldorf, Bujattigasse
549|5799|N49|Oper, Karlsplatz >
549|5693|N49|Oper, Karlsplatz >
549|8225|N49|Hütteldorf, Bujattigasse
549|1434|N49|Oper, Karlsplatz >
549|1678|N49|Hütteldorf, Bujattigasse
549|1678|N49|Oper, Karlsplatz >
549|5794|N49|Hütteldorf, Bujattigasse
549|5811|N49|Oper, Karlsplatz >
549|2878|N49|Hütteldorf, Bujattigasse
549|1447|N49|Hütteldorf, Bujattigasse
549|1475|N49|Oper, Karlsplatz >
549|1455|N49|Hütteldorf, Bujattigasse
549|1468|N49|Oper, Karlsplatz >
549|1442|N49|Hütteldorf, Bujattigasse
549|1480|N49|Oper, Karlsplatz >
549|1435|N49|Oper, Karlsplatz >
549|1441|N49|Hütteldorf, Bujattigasse
549|1481|N49|Oper, Karlsplatz >
549|3868|N49|Hütteldorf, Bujattigasse
549|5564|N49|Hütteldorf, Bujattigasse
549|535|N49|Oper, Karlsplatz >
549|5659|N49|Oper, Karlsplatz >
549|5793|N49|Hütteldorf, Bujattigasse
549|5812|N49|Oper, Karlsplatz >
549|5692|N49|Oper, Karlsplatz >
549|1440|N49|Hütteldorf, Bujattigasse
549|1456|N49|Hütteldorf, Bujattigasse
549|1467|N49|Oper, Karlsplatz >
549|3247|N49|Hütteldorf, Bujattigasse
549|3247|N49|Oper, Karlsplatz >
549|5658|N49|Hütteldorf, Bujattigasse
549|5669|N49|Hütteldorf, Bujattigasse
549|5669|N49|Oper, Karlsplatz >
549|1443|N49|Hütteldorf, Bujattigasse
549|1479|N49|Oper, Karlsplatz >
549|5816|N49|Hütteldorf, Bujattigasse
549|5817|N49|Oper, Karlsplatz >
549|5795|N49|Hütteldorf, Bujattigasse
549|5810|N49|Oper, Karlsplatz >
549|5792|N49|Hütteldorf, Bujattigasse
549|7488|N49|Hütteldorf, Bujattigasse
549|5813|N49|Oper, Karlsplatz >
549|1433|N49|Oper, Karlsplatz >
560|6046|N60|Burgring
560|6046|N60|Maurer Hauptplatz
560|3133|N60|Burgring
560|2819|N60|Maurer Hauptplatz
560|3867|N60|Burgring
560|1704|N60|Burgring
560|1848|N60|Burgring
560|1848|N60|Maurer Hauptplatz
560|1847|N60|Maurer Hauptplatz
560|19|N60|Maurer Hauptplatz
560|5575|N60|Maurer Hauptplatz
560|14|N60|Burgring
560|14|N60|Maurer Hauptplatz
560|1639|N60|Burgring
560|5611|N60|Maurer Hauptplatz
560|1630|N60|Burgring
560|1619|N60|Maurer Hauptplatz
560|6015|N60|Maurer Hauptplatz
560|6515|N60|Burgring
560|6014|N60|Maurer Hauptplatz
560|6514|N60|Burgring
560|3132|N60|Burgring
560|1645|N60|Maurer Hauptplatz
560|1638|N60|Burgring
560|1611|N60|Maurer Hauptplatz
560|137|N60|Burgring
560|1596|N60|Burgring
560|5580|N60|Burgring
560|137|N60|Maurer Hauptplatz
560|1596|N60|Maurer Hauptplatz
560|5580|N60|Maurer Hauptplatz
560|1615|N60|Burgring
560|1634|N60|Burgring
560|1615|N60|Maurer Hauptplatz
560|1634|N60|Maurer Hauptplatz
560|1636|N60|Burgring
560|1613|N60|Maurer Hauptplatz
560|1626|N60|Burgring
560|5573|N60|Maurer Hauptplatz
560|5570|N60|Burgring
560|5574|N60|Maurer Hauptplatz
560|3131|N60|Burgring
560|5561|N60|Burgring
560|5577|N60|Maurer Hauptplatz
560|3130|N60|Burgring
560|3130|N60|Maurer Hauptplatz
560|5576|N60|Maurer Hauptplatz
560|1676|N60|Maurer Hauptplatz
560|1646|N60|Burgring
560|1646|N60|Maurer Hauptplatz
560|1671|N60|Maurer Hauptplatz
560|76|N60|Burgring
560|1792|N60|Burgring
560|3207|N60|Burgring
560|1792|N60|Maurer Hauptplatz
560|1850|N60|Maurer Hauptplatz
560|3207|N60|Maurer Hauptplatz
560|5610|N60|Maurer Hauptplatz
560|5600|N60|Burgring
560|5603|N60|Burgring
560|5600|N60|Maurer Hauptplatz
560|5603|N60|Maurer Hauptplatz
560|15|N60|Maurer Hauptplatz
560|3135|N60|Burgring
560|751|N60|Burgring
560|751|N60|Maurer Hauptplatz
560|1635|N60|Burgring
560|1614|N60|Maurer Hauptplatz
560|17|N60|Maurer Hauptplatz
560|771|N60|Burgring
560|1632|N60|Burgring
560|1617|N60|Maurer Hauptplatz
560|3865|N60|Burgring
560|3865|N60|Maurer Hauptplatz
560|3866|N60|Burgring
560|1642|N60|Burgring
560|1675|N60|Maurer Hauptplatz
560|1791|N60|Burgring
560|2344|N60|Burgring
560|1677|N60|Maurer Hauptplatz
560|5581|N60|Burgring
560|723|N60|Burgring
560|724|N60|Maurer Hauptplatz
560|5569|N60|Maurer Hauptplatz
560|18|N60|Maurer Hauptplatz
560|12|N60|Maurer Hauptplatz
560|5502|N60|Maurer Hauptplatz
560|5777|N60|Maurer Hauptplatz
560|1631|N60|Burgring
560|1618|N60|Maurer Hauptplatz
560|1633|N60|Burgring
560|1616|N60|Maurer Hauptplatz
560|1637|N60|Burgring
560|1612|N60|Maurer Hauptplatz
560|10|N60|Maurer Hauptplatz
560|3863|N60|Burgring
560|3862|N60|Maurer Hauptplatz
560|2333|N60|Maurer Hauptplatz
560|2334|N60|Maurer Hauptplatz
562|6099|N62|Lainzer Tor
562|6099|N62|Oper, Karlsplatz >
562|6087|N62|Lainzer Tor
562|780|N62|Lainzer Tor
562|807|N62|Oper, Karlsplatz >
562|1726|N62|Lainzer Tor
562|1740|N62|Oper, Karlsplatz >
562|1679|N62|Lainzer Tor
562|1848|N62|Lainzer Tor
562|1848|N62|Oper, Karlsplatz >
562|1847|N62|Lainzer Tor
562|1847|N62|Oper, Karlsplatz >
562|813|N62|Lainzer Tor
562|2607|N62|Oper, Karlsplatz >
562|3742|N62|Lainzer Tor
562|3816|N62|Oper, Karlsplatz >
562|1775|N62|Lainzer Tor
562|5615|N62|Oper, Karlsplatz >
562|779|N62|Lainzer Tor
562|781|N62|Oper, Karlsplatz >
562|6015|N62|Lainzer Tor
562|6515|N62|Oper, Karlsplatz >
562|814|N62|Lainzer Tor
562|782|N62|Oper, Karlsplatz >
562|1634|N62|Lainzer Tor
562|1728|N62|Lainzer Tor
562|1634|N62|Oper, Karlsplatz >
562|1728|N62|Oper, Karlsplatz >
562|3812|N62|Lainzer Tor
562|3815|N62|Oper, Karlsplatz >
562|1713|N62|Lainzer Tor
562|5688|N62|Oper, Karlsplatz >
562|1680|N62|Oper, Karlsplatz >
562|3813|N62|Lainzer Tor
562|3814|N62|Oper, Karlsplatz >
562|5617|N62|Lainzer Tor
562|5618|N62|Oper, Karlsplatz >
562|3773|N62|Lainzer Tor
562|3773|N62|Oper, Karlsplatz >
562|5623|N62|Lainzer Tor
562|5596|N62|Oper, Karlsplatz >
562|5675|N62|Lainzer Tor
562|5674|N62|Oper, Karlsplatz >
562|5675|N62|Oper, Karlsplatz >
562|3853|N62|Lainzer Tor
562|3853|N62|Oper, Karlsplatz >
562|5653|N62|Lainzer Tor
562|5653|N62|Oper, Karlsplatz >
562|1712|N62|Lainzer Tor
562|1753|N62|Oper, Karlsplatz >
562|1678|N62|Lainzer Tor
562|1678|N62|Oper, Karlsplatz >
562|1711|N62|Lainzer Tor
562|1754|N62|Oper, Karlsplatz >
562|5628|N62|Oper, Karlsplatz >
562|764|N62|Lainzer Tor
562|1725|N62|Lainzer Tor
562|1741|N62|Oper, Karlsplatz >
562|1681|N62|Lainzer Tor
562|1776|N62|Lainzer Tor
562|1782|N62|Oper, Karlsplatz >
562|5614|N62|Lainzer Tor
562|5612|N62|Oper, Karlsplatz >
562|1616|N62|Lainzer Tor
562|5687|N62|Lainzer Tor
562|5687|N62|Oper, Karlsplatz >
562|5071|N62|Lainzer Tor
562|5616|N62|Oper, Karlsplatz >
562|3741|N62|Lainzer Tor
562|3772|N62|Oper, Karlsplatz >
562|1727|N62|Lainzer Tor
562|1739|N62|Oper, Karlsplatz >
562|517|N62|Lainzer Tor
562|517|N62|Oper, Karlsplatz >
562|790|N62|Oper, Karlsplatz >
565|6087|N65|Liesing S
565|6135|N65|Liesing S
565|6138|N65|Liesing S
565|6135|N65|Reumannplatz U
565|513|N65|Liesing S
565|504|N65|Reumannplatz U
565|7391|N65|Reumannplatz U
565|5819|N65|Liesing S
565|5820|N65|Reumannplatz U
565|4803|N65|Liesing S
565|717|N65|Liesing S
565|4803|N65|Reumannplatz U
565|3902|N65|Liesing S
565|3895|N65|Reumannplatz U
565|1844|N65|Liesing S
565|1844|N65|Reumannplatz U
565|2322|N65|Reumannplatz U
565|1898|N65|Liesing S
565|538|N65|Reumannplatz U
565|1899|N65|Liesing S
565|1655|N65|Liesing S
565|1661|N65|Reumannplatz U
565|5723|N65|Liesing S
565|2261|N65|Reumannplatz U
565|6015|N65|Liesing S
565|6515|N65|Reumannplatz U
565|5593|N65|Liesing S
565|2323|N65|Reumannplatz U
565|5591|N65|Liesing S
565|2328|N65|Reumannplatz U
565|2451|N65|Liesing S
565|520|N65|Liesing S
565|539|N65|Reumannplatz U
565|5449|N65|Reumannplatz U
565|2450|N65|Liesing S
565|558|N65|Reumannplatz U
565|514|N65|Liesing S
565|5590|N65|Liesing S
565|2329|N65|Reumannplatz U
565|5592|N65|Liesing S
565|2327|N65|Reumannplatz U
565|1925|N65|Liesing S
565|3409|N65|Reumannplatz U
565|1654|N65|Liesing S
565|1662|N65|Reumannplatz U
565|2305|N65|Reumannplatz U
565|1660|N65|Liesing S
565|1660|N65|Reumannplatz U
565|1926|N65|Liesing S
565|1930|N65|Reumannplatz U
565|1889|N65|Liesing S
565|519|N65|Liesing S
565|1889|N65|Reumannplatz U
565|519|N65|Reumannplatz U
565|5724|N65|Liesing S
565|5717|N65|Reumannplatz U
565|1933|N65|Liesing S
565|1933|N65|Reumannplatz U
565|2254|N65|Liesing S
565|5721|N65|Liesing S
565|2254|N65|Reumannplatz U
565|5721|N65|Reumannplatz U
565|4802|N65|Reumannplatz U
565|2579|N65|Liesing S
565|404|N65|Liesing S
565|2007|N65|Reumannplatz U
565|2579|N65|Reumannplatz U
565|404|N65|Reumannplatz U
565|1804|N65|Liesing S
565|503|N65|Reumannplatz U
565|3523|N65|Liesing S
565|2255|N65|Reumannplatz U
565|3523|N65|Reumannplatz U
565|2643|N65|Liesing S
565|2644|N65|Reumannplatz U
565|3524|N65|Liesing S
565|2256|N65|Reumannplatz U
565|7392|N65|Reumannplatz U
566|6027|N66|Liesing
566|1963|N66|Burgring
566|2545|N66|Burgring
566|1819|N66|Liesing
566|2545|N66|Liesing
566|4803|N66|Burgring
566|4803|N66|Liesing
566|717|N66|Liesing
566|1652|N66|Burgring
566|1908|N66|Liesing
566|1679|N66|Liesing
566|5627|N66|Burgring
566|675|N66|Liesing
566|1651|N66|Burgring
566|1665|N66|Liesing
566|19|N66|Liesing
566|1907|N66|Burgring
566|1907|N66|Liesing
566|1828|N66|Burgring
566|14|N66|Burgring
566|14|N66|Liesing
566|1912|N66|Burgring
566|1909|N66|Liesing
566|2006|N66|Burgring
566|6015|N66|Liesing
566|6515|N66|Burgring
566|6515|N66|Liesing
566|1974|N66|Burgring
566|1941|N66|Liesing
566|4807|N66|Burgring
566|4808|N66|Liesing
566|1968|N66|Burgring
566|1946|N66|Liesing
566|2128|N66|Burgring
566|1829|N66|Burgring
566|1809|N66|Liesing
566|3424|N66|Burgring
566|3423|N66|Liesing
566|1657|N66|Burgring
566|2129|N66|Burgring
566|676|N66|Liesing
566|2064|N66|Liesing
566|4805|N66|Burgring
566|4809|N66|Liesing
566|1869|N66|Burgring
566|2005|N66|Burgring
566|1925|N66|Liesing
566|1940|N66|Liesing
566|2305|N66|Burgring
566|2305|N66|Liesing
566|1660|N66|Burgring
566|1911|N66|Burgring
566|1910|N66|Liesing
566|2316|N66|Burgring
566|1831|N66|Burgring
566|1807|N66|Liesing
566|1926|N66|Liesing
566|1970|N66|Burgring
566|1944|N66|Liesing
566|5601|N66|Burgring
566|5604|N66|Burgring
566|5604|N66|Liesing
566|15|N66|Liesing
566|1967|N66|Burgring
566|1947|N66|Liesing
566|1914|N66|Burgring
566|1966|N66|Liesing
566|4804|N66|Burgring
566|4804|N66|Liesing
566|4810|N66|Liesing
566|17|N66|Liesing
566|5721|N66|Liesing
566|4802|N66|Burgring
566|4802|N66|Liesing
566|5628|N66|Burgring
566|2007|N66|Burgring
566|2007|N66|Liesing
566|1650|N66|Burgring
566|1666|N66|Liesing
566|2317|N66|Liesing
566|1681|N66|Liesing
566|1830|N66|Burgring
566|1808|N66|Liesing
566|5569|N66|Liesing
566|18|N66|Liesing
566|12|N66|Liesing
566|1965|N66|Burgring
566|1949|N66|Liesing
566|5503|N66|Liesing
566|1972|N66|Burgring
566|1942|N66|Liesing
566|1969|N66|Burgring
566|1945|N66|Liesing
566|1964|N66|Burgring
566|1806|N66|Liesing
566|1893|N66|Burgring
566|1927|N66|Liesing
566|10|N66|Liesing
566|5700|N66|Burgring
566|5701|N66|Liesing
566|3408|N66|Burgring
566|1971|N66|Burgring
566|1958|N66|Liesing
566|1890|N66|Liesing
567|6087|N67|Inzersdorf, Großmarkt
567|2939|N67|Inzersdorf, Großmarkt
567|5587|N67|Inzersdorf, Großmarkt
567|3170|N67|Quellenplatz
567|5587|N67|Quellenplatz
567|2234|N67|Inzersdorf, Großmarkt
567|3842|N67|Inzersdorf, Großmarkt
567|2234|N67|Quellenplatz
567|3842|N67|Quellenplatz
567|806|N67|Inzersdorf, Großmarkt
567|806|N67|Quellenplatz
567|3223|N67|Inzersdorf, Großmarkt
567|2143|N67|Inzersdorf, Großmarkt
567|2143|N67|Quellenplatz
567|2855|N67|Inzersdorf, Großmarkt
567|3228|N67|Inzersdorf, Großmarkt
567|6015|N67|Inzersdorf, Großmarkt
567|6515|N67|Quellenplatz
567|733|N67|Inzersdorf, Großmarkt
567|1941|N67|Quellenplatz
567|3722|N67|Inzersdorf, Großmarkt
567|3403|N67|Quellenplatz
567|2612|N67|Inzersdorf, Großmarkt
567|2571|N67|Inzersdorf, Großmarkt
567|3177|N67|Inzersdorf, Großmarkt
567|2929|N67|Quellenplatz
567|3222|N67|Inzersdorf, Großmarkt
567|1953|N67|Inzersdorf, Großmarkt
567|1953|N67|Quellenplatz
567|2138|N67|Inzersdorf, Großmarkt
567|5237|N67|Inzersdorf, Großmarkt
567|2137|N67|Inzersdorf, Großmarkt
567|2079|N67|Inzersdorf, Großmarkt
567|2005|N67|Inzersdorf, Großmarkt
567|2931|N67|Inzersdorf, Großmarkt
567|2930|N67|Quellenplatz
567|1944|N67|Inzersdorf, Großmarkt
567|1970|N67|Inzersdorf, Großmarkt
567|3181|N67|Inzersdorf, Großmarkt
567|5629|N67|Inzersdorf, Großmarkt
567|1970|N67|Quellenplatz
567|5629|N67|Quellenplatz
567|1933|N67|Inzersdorf, Großmarkt
567|4804|N67|Inzersdorf, Großmarkt
567|1933|N67|Quellenplatz
567|343|N67|Quellenplatz
567|404|N67|Inzersdorf, Großmarkt
567|2579|N67|Quellenplatz
567|1945|N67|Inzersdorf, Großmarkt
567|1969|N67|Quellenplatz
567|2003|N67|Inzersdorf, Großmarkt
567|2236|N67|Inzersdorf, Großmarkt
567|1979|N67|Quellenplatz
567|3190|N67|Quellenplatz
567|3178|N67|Inzersdorf, Großmarkt
567|3180|N67|Quellenplatz
567|2142|N67|Inzersdorf, Großmarkt
567|1939|N67|Inzersdorf, Großmarkt
567|2251|N67|Quellenplatz
571|6034|N71|Kaiserebersdorf, Zinnergasse
571|6132|N71|Kaiserebersdorf, Zinnergasse
571|6125|N71|Kaiserebersdorf, Zinnergasse
571|660|N71|Alser Straße, Skodagasse
571|660|N71|Kaiserebersdorf, Zinnergasse
571|2088|N71|Alser Straße, Skodagasse
571|2070|N71|Kaiserebersdorf, Zinnergasse
571|1679|N71|Alser Straße, Skodagasse
571|1704|N71|Kaiserebersdorf, Zinnergasse
571|2036|N71|Alser Straße, Skodagasse
571|412|N71|Alser Straße, Skodagasse
571|2036|N71|Kaiserebersdorf, Zinnergasse
571|412|N71|Kaiserebersdorf, Zinnergasse
571|2009|N71|Alser Straße, Skodagasse
571|2009|N71|Kaiserebersdorf, Zinnergasse
571|773|N71|Alser Straße, Skodagasse
571|682|N71|Kaiserebersdorf, Zinnergasse
571|2059|N71|Alser Straße, Skodagasse
571|2025|N71|Alser Straße, Skodagasse
571|2033|N71|Alser Straße, Skodagasse
571|2025|N71|Kaiserebersdorf, Zinnergasse
571|2033|N71|Kaiserebersdorf, Zinnergasse
571|5643|N71|Alser Straße, Skodagasse
571|2084|N71|Kaiserebersdorf, Zinnergasse
571|6015|N71|Kaiserebersdorf, Zinnergasse
571|6515|N71|Alser Straße, Skodagasse
571|2354|N71|Kaiserebersdorf, Zinnergasse
571|2038|N71|Alser Straße, Skodagasse
571|2021|N71|Kaiserebersdorf, Zinnergasse
571|39|N71|Kaiserebersdorf, Zinnergasse
571|2060|N71|Alser Straße, Skodagasse
571|668|N71|Kaiserebersdorf, Zinnergasse
571|2087|N71|Alser Straße, Skodagasse
571|2071|N71|Kaiserebersdorf, Zinnergasse
571|2356|N71|Alser Straße, Skodagasse
571|2356|N71|Kaiserebersdorf, Zinnergasse
571|2351|N71|Alser Straße, Skodagasse
571|705|N71|Alser Straße, Skodagasse
571|2073|N71|Kaiserebersdorf, Zinnergasse
571|2045|N71|Alser Straße, Skodagasse
571|2014|N71|Kaiserebersdorf, Zinnergasse
571|708|N71|Alser Straße, Skodagasse
571|7342|N71|Alser Straße, Skodagasse
571|661|N71|Kaiserebersdorf, Zinnergasse
571|7342|N71|Kaiserebersdorf, Zinnergasse
571|2457|N71|Alser Straße, Skodagasse
571|662|N71|Kaiserebersdorf, Zinnergasse
571|2041|N71|Alser Straße, Skodagasse
571|2018|N71|Kaiserebersdorf, Zinnergasse
571|2726|N71|Alser Straße, Skodagasse
571|2072|N71|Kaiserebersdorf, Zinnergasse
571|698|N71|Alser Straße, Skodagasse
571|1701|N71|Kaiserebersdorf, Zinnergasse
571|2040|N71|Alser Straße, Skodagasse
571|2019|N71|Kaiserebersdorf, Zinnergasse
571|2355|N71|Kaiserebersdorf, Zinnergasse
571|664|N71|Kaiserebersdorf, Zinnergasse
571|3527|N71|Alser Straße, Skodagasse
571|688|N71|Alser Straße, Skodagasse
571|688|N71|Kaiserebersdorf, Zinnergasse
571|3529|N71|Alser Straße, Skodagasse
571|2044|N71|Alser Straße, Skodagasse
571|2015|N71|Kaiserebersdorf, Zinnergasse
571|13|N71|Alser Straße, Skodagasse
571|5605|N71|Alser Straße, Skodagasse
571|5605|N71|Kaiserebersdorf, Zinnergasse
571|2075|N71|Kaiserebersdorf, Zinnergasse
571|706|N71|Alser Straße, Skodagasse
571|7404|N71|Alser Straße, Skodagasse
571|7404|N71|Kaiserebersdorf, Zinnergasse
571|669|N71|Alser Straße, Skodagasse
571|699|N71|Alser Straße, Skodagasse
571|669|N71|Kaiserebersdorf, Zinnergasse
571|1682|N71|Alser Straße, Skodagasse
571|1703|N71|Kaiserebersdorf, Zinnergasse
571|2046|N71|Alser Straße, Skodagasse
571|2013|N71|Kaiserebersdorf, Zinnergasse
571|2727|N71|Alser Straße, Skodagasse
571|1681|N71|Alser Straße, Skodagasse
571|2086|N71|Alser Straße, Skodagasse
571|3732|N71|Kaiserebersdorf, Zinnergasse
571|1702|N71|Kaiserebersdorf, Zinnergasse
571|5678|N71|Alser Straße, Skodagasse
571|1491|N71|Kaiserebersdorf, Zinnergasse
571|3528|N71|Alser Straße, Skodagasse
571|665|N71|Kaiserebersdorf, Zinnergasse
571|2024|N71|Alser Straße, Skodagasse
571|2034|N71|Alser Straße, Skodagasse
571|2065|N71|Alser Straße, Skodagasse
571|2024|N71|Kaiserebersdorf, Zinnergasse
571|2065|N71|Kaiserebersdorf, Zinnergasse
571|2016|N71|Alser Straße, Skodagasse
571|2043|N71|Alser Straße, Skodagasse
571|2016|N71|Kaiserebersdorf, Zinnergasse
571|1377|N71|Kaiserebersdorf, Zinnergasse
571|663|N71|Kaiserebersdorf, Zinnergasse
571|5677|N71|Alser Straße, Skodagasse
571|707|N71|Alser Straße, Skodagasse
571|2047|N71|Alser Straße, Skodagasse
571|2012|N71|Kaiserebersdorf, Zinnergasse
571|3410|N71|Alser Straße, Skodagasse
571|5778|N71|Alser Straße, Skodagasse
571|5815|N71|Kaiserebersdorf, Zinnergasse
571|3411|N71|Alser Straße, Skodagasse
571|2357|N71|Alser Straße, Skodagasse
571|2357|N71|Kaiserebersdorf, Zinnergasse
571|2061|N71|Alser Straße, Skodagasse
571|2639|N71|Alser Straße, Skodagasse
571|2039|N71|Alser Straße, Skodagasse
571|2020|N71|Kaiserebersdorf, Zinnergasse
575|6051|N75|Gasometer U
575|6067|N75|Oper, Karlsplatz >
575|6059|N75|Gasometer U
575|6059|N75|Oper, Karlsplatz >
575|6083|N75|Gasometer U
575|256|N75|Gasometer U
575|2525|N75|Oper, Karlsplatz >
575|2509|N75|Gasometer U
575|2516|N75|Oper, Karlsplatz >
575|2604|N75|Oper, Karlsplatz >
575|2603|N75|Gasometer U
575|625|N75|Gasometer U
575|625|N75|Oper, Karlsplatz >
575|6016|N75|Gasometer U
575|6516|N75|Oper, Karlsplatz >
575|2600|N75|Gasometer U
575|2600|N75|Oper, Karlsplatz >
575|289|N75|Gasometer U
575|289|N75|Oper, Karlsplatz >
575|5725|N75|Gasometer U
575|2524|N75|Oper, Karlsplatz >
575|257|N75|Gasometer U
575|2528|N75|Gasometer U
575|2526|N75|Oper, Karlsplatz >
575|253|N75|Gasometer U
575|259|N75|Oper, Karlsplatz >
575|258|N75|Gasometer U
575|262|N75|Oper, Karlsplatz >
575|2508|N75|Gasometer U
575|2517|N75|Oper, Karlsplatz >
575|5606|N75|Gasometer U
575|5606|N75|Oper, Karlsplatz >
575|1495|N75|Gasometer U
575|296|N75|Gasometer U
575|297|N75|Oper, Karlsplatz >
575|1503|N75|Gasometer U
575|1503|N75|Oper, Karlsplatz >
575|1491|N75|Gasometer U
575|12|N75|Oper, Karlsplatz >
575|10|N75|Oper, Karlsplatz >
575|2503|N75|Gasometer U
575|2523|N75|Oper, Karlsplatz >
575|338|N75|Gasometer U
575|298|N75|Oper, Karlsplatz >
575|2507|N75|Gasometer U
