FromStartStop;ToEndStop;TransportMode;Length
2;28;8;0
2;28;1;587
3;4;8;0
3;4;1;389
3;5707;1;1376
4;27;8;0
4;27;1;306
5;1270;0;65
7;5711;1;642
8;404;1;2050
8;3366;1;343
9;10;0;447
10;11;0;295
10;12;1;699
11;12;0;395
12;13;0;371
12;105;0;167
12;5601;1;506
12;5602;1;467
12;5603;1;447
12;5604;1;428
12;5606;1;438
14;15;0;462
14;15;1;462
14;33;0;377
16;17;0;233
16;269;0;378
17;18;0;400
17;18;1;400
18;5;0;0
18;19;0;386
18;19;1;386
18;5201;1;392
19;5;0;363
20;21;0;311
21;22;0;434
21;1000;0;433
22;23;0;401
22;23;1;401
23;132;0;242
23;132;1;242
27;5707;8;0
27;5707;1;657
28;29;8;0
28;29;1;439
29;30;8;0
29;30;1;440
29;2698;1;668
30;2747;8;0
30;2747;1;243
31;13;0;213
33;1375;0;112
37;1937;1;134
39;40;1;350
39;666;1;4500
39;2009;1;4300
39;5605;1;2585
39;6034;1;750
39;6083;1;5030
39;6125;1;1
39;6132;1;910
40;691;1;130
40;9000;1;400
42;43;0;368
42;133;1;402
43;44;0;434
43;2941;1;380
44;45;0;487
44;2161;0;384
44;3700;0;364
45;3701;0;367
47;48;0;200
47;49;0;481
47;3730;0;354
48;49;0;281
48;3730;0;154
49;50;0;366
50;51;0;468
51;31;0;232
51;52;0;471
51;105;0;510
53;54;0;356
54;55;0;456
55;23;0;95
58;71;0;338
59;60;1;100
59;65;1;267
59;72;8;0
59;72;1;343
60;73;8;0
60;73;1;200
62;63;8;0
62;63;1;277
63;64;8;0
63;64;1;140
64;59;8;0
64;59;1;207
65;60;1;325
65;72;1;60
65;5509;1;291
65;5759;1;870
65;8174;1;1260
67;68;1;367
68;69;1;217
69;8692;1;169
71;3438;0;369
72;60;8;0
72;60;1;319
72;3076;1;675
72;5246;1;1260
72;8766;1;755
73;74;8;0
73;74;1;147
74;8501;8;0
74;8501;1;338
76;3133;1;265
77;2896;1;711
81;13;0;386
81;52;0;127
83;2181;0;236
83;3473;0;236
88;90;0;157
90;91;0;311
91;92;0;234
92;93;8;0
92;93;1;467
93;94;8;0
93;94;1;260
93;94;0;266
94;95;8;0
94;95;1;344
94;95;0;347
95;96;0;471
95;1206;8;0
95;1206;1;171
96;97;8;0
96;97;1;482
96;97;0;485
97;98;8;0
97;98;0;597
97;98;1;609
98;99;0;398
98;2801;1;1479
98;5763;8;0
98;5763;1;533
99;100;0;301
99;104;0;320
101;130;0;324
102;103;0;411
102;103;1;411
103;5;0;333
103;45;0;422
103;1270;0;398
103;3701;1;669
104;120;0;346
104;136;0;0
105;2610;0;458
105;2640;0;303
106;107;0;287
107;108;0;323
108;109;0;551
108;339;0;594
109;58;0;371
109;6035;0;0
109;7526;0;178
111;304;0;281
111;339;0;145
112;113;0;331
113;114;0;463
114;81;0;348
115;118;0;376
115;5745;1;247
116;117;0;342
116;117;1;342
117;115;0;259
117;115;1;259
118;135;0;355
119;104;0;99
119;120;0;319
120;497;0;260
120;3704;0;120
121;122;8;0
121;122;0;591
121;122;1;604
121;679;1;2000
122;123;8;0
122;123;1;417
122;123;0;417
123;124;8;0
123;124;0;489
123;124;1;492
124;125;0;347
124;1206;8;0
124;1206;1;171
125;126;8;0
125;126;1;313
125;126;0;323
126;127;8;0
126;127;0;386
126;127;1;392
127;128;0;236
127;5746;8;0
127;5746;1;416
128;88;0;385
130;102;0;232
130;102;1;232
131;141;0;204
132;164;0;229
132;164;1;229
132;4730;0;251
133;1001;0;210
133;1001;1;210
134;43;0;357
134;133;0;394
135;119;0;228
136;101;0;425
136;384;0;466
137;138;1;593
137;2808;1;704
138;139;1;387
139;140;1;524
140;151;1;494
142;143;0;436
143;144;0;313
143;144;1;313
145;146;0;468
145;146;1;486
146;187;0;223
146;187;1;223
147;7373;1;580
148;149;0;240
148;149;1;279
150;1212;0;584
150;2910;1;560
151;152;1;315
152;153;1;230
153;178;1;409
153;2660;1;707
153;3936;1;415
154;155;1;230
155;156;1;315
156;157;1;568
157;158;1;403
158;159;1;439
159;2671;1;661
160;143;0;365
160;194;0;126
161;162;0;198
162;163;0;413
162;4730;0;507
162;5431;0;336
163;41;0;0
163;164;0;215
164;165;0;369
164;165;1;369
164;310;0;396
165;166;0;287
165;166;1;287
166;167;0;417
166;2114;1;330
167;168;0;663
168;169;0;157
169;170;0;645
171;172;0;370
171;172;1;370
171;1497;1;136
172;173;0;311
172;173;1;311
173;174;1;267
174;41;0;319
174;163;0;300
175;176;0;230
176;334;0;596
177;190;1;175
177;190;0;175
178;179;1;336
179;180;1;305
180;181;1;228
181;4834;1;312
182;183;1;356
183;184;1;238
184;185;1;290
185;186;1;360
186;154;1;410
186;2660;1;323
187;147;0;403
187;147;1;403
187;189;1;580
187;4709;0;440
188;189;1;438
188;189;0;447
188;213;0;434
188;383;0;384
188;1336;0;430
189;177;1;353
189;177;0;357
191;192;1;450
191;192;0;458
192;193;0;278
192;521;0;273
192;2968;1;370
192;5786;1;288
193;1310;0;426
195;131;0;216
197;198;0;259
198;199;0;384
199;200;0;504
200;240;0;314
202;203;0;508
203;204;0;387
204;205;0;266
205;206;0;273
206;207;0;349
208;209;0;474
208;3708;0;289
210;211;0;311
211;149;0;235
211;355;0;382
212;201;0;109
213;214;0;254
215;216;0;186
215;216;1;186
216;196;0;381
216;1214;1;534
216;1214;0;536
217;218;0;195
217;218;1;195
218;219;0;177
218;219;1;177
220;221;0;411
220;221;1;411
221;222;0;359
221;222;1;359
222;223;0;389
222;223;1;389
223;224;0;465
223;224;1;465
223;528;0;397
223;2973;1;474
224;230;1;300
224;6405;0;150
225;1348;0;405
230;231;0;480
230;231;1;480
230;516;0;2790
230;4710;0;448
231;232;0;443
231;232;1;443
231;550;0;354
232;233;0;292
232;233;1;292
233;234;0;407
233;234;1;407
234;235;0;352
234;235;1;354
234;1347;0;140
236;237;0;130
236;237;1;130
237;238;0;365
237;238;1;375
237;381;0;440
238;1345;0;522
238;3711;0;312
239;256;1;211
242;564;0;290
242;1387;0;427
242;5695;1;147
243;279;0;202
244;245;0;304
245;246;0;491
246;247;0;453
246;548;0;182
246;1370;0;281
247;248;0;396
248;249;0;279
248;360;0;532
248;365;0;395
248;3477;0;395
249;250;0;330
250;251;0;373
250;378;0;251
251;252;0;412
252;49;0;700
252;2635;0;535
252;3730;0;512
253;338;1;363
253;2821;1;840
254;281;1;278
254;1488;1;250
256;257;1;365
257;258;1;290
257;2507;1;720
258;2503;1;231
259;10;1;382
259;268;1;360
259;291;1;305
262;263;1;252
262;2524;1;288
263;264;1;451
264;265;1;230
265;344;1;142
266;267;1;326
267;1495;1;196
268;253;1;244
269;270;0;482
270;271;0;366
270;663;1;360
271;272;0;263
272;273;0;137
272;360;0;287
272;365;0;170
273;274;0;225
275;276;0;432
275;548;0;514
276;277;0;565
276;548;0;99
277;278;0;347
278;243;0;266
279;241;0;254
280;2500;1;420
281;282;1;126
282;283;1;327
283;287;1;414
287;288;1;346
288;286;1;431
288;289;1;267
289;290;1;182
289;6083;1;0
290;286;1;585
290;6051;1;534
291;268;1;65
292;294;1;453
293;292;1;285
293;2016;0;82
293;2044;0;511
293;2619;0;306
294;295;1;275
295;266;1;212
297;259;1;620
297;298;1;216
298;253;1;910
298;259;1;440
300;301;0;396
301;302;0;468
303;109;0;122
303;304;0;325
303;7526;0;300
304;305;0;329
304;834;0;513
306;307;0;517
307;308;0;384
308;161;0;465
311;332;0;615
312;313;0;331
312;2683;1;344
313;1019;0;377
313;2685;1;443
314;315;1;375
314;315;0;393
315;316;1;321
315;316;0;428
315;3446;0;0
316;317;0;373
316;317;1;479
318;319;0;228
318;2494;1;346
319;320;0;639
319;2157;0;727
319;2193;0;672
320;321;0;180
322;2157;0;736
322;2193;0;684
323;3001;1;360
324;325;0;411
324;325;1;411
325;326;0;306
325;326;1;306
326;327;0;482
326;327;1;482
326;3446;0;396
327;328;0;320
327;328;1;320
328;329;0;342
328;1019;0;395
328;1019;1;395
329;392;0;421
329;2687;1;326
332;333;0;297
334;335;0;262
335;336;0;427
336;337;0;462
336;2014;0;405
337;2645;0;291
338;296;1;250
340;341;0;461
341;342;0;487
342;343;0;214
343;404;0;319
343;424;0;600
343;1924;0;333
343;3715;0;375
344;280;1;304
345;312;0;582
345;332;0;615
346;347;0;461
346;3445;0;382
347;348;0;431
348;349;0;496
349;2402;1;310
350;351;0;236
351;352;0;338
351;2165;0;374
352;118;0;457
352;353;0;350
354;211;0;287
355;356;0;443
356;218;0;194
357;358;0;199
358;359;0;272
359;272;0;241
360;366;0;281
361;362;0;280
362;363;0;346
363;368;0;223
364;373;0;205
365;458;0;153
366;361;0;188
367;376;0;260
368;370;0;131
369;445;1;140
373;374;0;345
374;375;0;276
375;367;0;192
376;365;0;435
376;377;0;304
377;250;0;239
378;379;0;409
380;381;0;451
381;382;0;392
382;213;0;432
382;383;0;395
384;385;0;353
385;386;0;245
386;387;0;245
386;2165;0;374
387;388;0;389
387;4703;0;271
388;2385;1;202
389;390;0;332
390;328;0;336
390;391;0;486
391;392;0;444
391;3445;0;391
396;397;0;477
397;398;0;557
399;400;0;653
400;831;0;458
401;407;0;329
401;1875;0;260
402;3712;0;395
403;404;0;319
403;404;1;319
403;2243;0;462
403;3715;0;379
404;405;0;349
404;405;1;349
404;422;1;880
404;1939;1;828
404;2579;1;580
404;2852;1;1000
404;2990;8;0
404;2990;1;471
406;408;0;966
406;3435;0;238
406;3435;1;238
407;402;0;265
407;402;1;292
409;410;0;521
409;410;1;521
410;412;0;288
410;412;1;288
410;2009;0;282
412;2024;1;550
412;2038;1;490
412;6515;1;5780
415;416;0;412
415;416;1;412
416;418;1;479
416;418;0;495
418;742;1;402
418;5435;1;2290
419;37;1;415
420;421;0;410
420;421;1;410
421;422;0;395
421;422;1;395
423;424;0;600
423;424;1;600
423;1924;0;324
424;411;0;285
424;411;1;285
424;767;1;520
425;1875;0;251
425;3853;1;281
426;427;0;769
427;1716;0;444
428;429;0;512
429;430;0;453
430;481;0;347
432;443;1;453
433;440;1;156
434;437;1;510
435;2606;1;242
436;472;1;401
436;509;1;294
437;436;1;278
438;439;1;165
439;433;1;180
440;442;1;600
440;2519;1;589
442;440;1;1770
442;5028;1;132
442;5426;1;3975
443;444;1;153
444;2278;1;159
445;510;1;481
446;448;1;542
447;446;1;314
448;435;1;288
449;447;1;330
449;474;1;266
455;3875;0;148
460;508;0;162
462;370;0;512
462;464;0;514
462;484;0;458
470;471;0;405
471;475;0;180
471;1748;0;0
472;473;1;288
472;474;1;253
473;440;1;903
473;447;1;234
474;2520;1;345
475;471;0;160
475;476;0;160
476;477;0;324
477;5900;0;210
482;396;0;277
483;370;0;210
483;485;0;482
483;541;0;391
483;1477;0;472
484;485;0;470
484;541;0;369
484;1477;0;461
485;460;0;88
485;628;0;90
493;4709;0;180
497;3708;0;311
500;1832;1;371
500;2815;1;2400
503;504;1;488
503;2819;1;420
503;7391;1;270
504;1965;1;1735
504;5820;1;364
505;540;1;245
506;511;1;390
509;432;1;568
509;472;1;112
510;473;1;512
511;512;1;167
512;5819;1;251
513;504;1;630
513;514;1;246
514;684;1;253
514;1804;1;559
517;790;1;806
517;1847;1;208
517;1848;1;580
517;5614;1;645
517;7357;1;280
518;500;1;358
518;2331;1;165
518;2567;1;183
519;1966;1;1777
519;2450;1;335
520;1892;1;324
520;5819;1;567
521;516;0;153
521;1310;0;430
522;523;0;297
522;8836;1;100
523;524;0;229
524;3877;0;207
525;526;0;371
526;223;0;338
527;519;1;427
528;556;0;305
529;539;1;295
530;531;0;272
531;532;0;580
532;533;0;287
533;1475;0;612
535;370;0;513
535;464;0;499
535;484;0;448
535;5669;1;394
538;558;1;409
539;538;1;621
539;1916;1;505
540;557;1;330
542;1967;1;171
543;544;0;307
544;545;0;556
545;546;0;289
546;547;0;282
547;247;0;452
547;548;0;193
548;1362;0;269
548;4711;0;72
549;223;0;96
549;232;0;444
549;550;0;352
550;551;0;291
551;552;0;422
552;553;0;244
553;554;0;374
553;1339;0;334
554;521;0;472
555;276;0;180
556;247;0;448
556;277;0;485
556;548;0;178
556;1370;0;259
557;529;1;164
557;5448;1;95
558;1889;1;303
559;583;0;416
561;562;0;535
563;564;0;299
563;5695;1;140
564;565;1;211
564;565;0;216
565;566;0;397
565;897;1;910
565;6109;1;1
566;575;0;423
567;568;0;407
568;569;0;325
568;1450;0;145
568;1450;1;147
570;571;0;304
571;1559;0;891
571;6024;0;921
571;6134;0;500
571;6508;0;1049
571;7008;0;1049
571;7704;0;771
572;573;0;732
572;1596;0;774
572;1610;0;742
573;574;0;129
574;1610;0;81
575;567;0;270
576;577;0;270
577;578;0;430
577;1559;0;598
577;6024;0;1049
577;6407;0;1049
577;6508;0;1049
577;7008;0;0
577;7300;0;637
577;7704;0;480
578;579;0;217
580;581;0;385
581;582;0;344
582;559;0;271
583;584;0;405
584;585;0;207
584;585;1;207
584;6109;1;1
585;586;0;286
585;1528;1;346
585;5695;1;342
586;241;0;216
586;587;0;503
586;1387;0;418
587;588;0;546
590;591;1;450
590;625;1;825
590;2495;1;1360
590;5539;1;375
591;592;1;327
591;623;1;1245
592;593;1;358
592;622;1;345
592;5539;1;1590
593;594;1;411
595;650;1;338
596;7420;1;90
598;2689;1;416
605;5790;8;0
605;5790;1;377
607;610;1;240
607;2699;1;254
608;609;1;299
609;590;1;312
610;2693;1;200
611;659;1;428
612;614;8;0
612;614;1;507
612;2422;1;590
612;5790;1;550
612;5824;1;287
614;605;1;760
614;615;8;0
614;615;1;398
615;616;8;0
615;616;1;370
616;2691;8;0
616;2691;1;262
617;592;1;1300
617;623;1;313
618;598;1;375
618;3573;1;164
618;8144;1;395
619;2975;1;434
620;621;1;189
621;617;1;474
622;2949;1;361
623;624;1;319
624;590;1;545
624;625;1;482
625;590;1;75
625;626;1;353
625;2495;1;610
625;2600;1;12000
625;5606;1;7900
625;6052;1;2050
626;627;1;294
626;677;1;206
627;667;1;350
628;461;0;160
631;2082;1;468
633;634;1;286
634;2498;1;729
635;640;1;247
635;1230;1;315
637;636;1;345
637;638;1;110
637;5538;1;571
638;637;1;105
638;3852;1;234
639;638;1;261
640;2499;1;323
640;5529;8;0
640;5529;1;206
641;497;0;118
642;643;1;323
643;2496;1;488
643;2648;1;243
649;619;1;248
650;596;1;437
650;3967;1;535
651;1427;1;59
652;653;1;178
653;654;1;242
654;656;1;245
656;657;1;347
657;2979;1;293
659;612;8;0
659;612;1;383
659;960;1;5300
659;1503;1;5300
659;2422;1;1007
659;2505;1;3200
660;661;1;180
662;663;1;367
663;664;1;309
663;705;1;600
663;3908;1;240
663;5423;1;240
663;5692;1;1100
664;665;1;280
665;688;1;338
665;704;1;351
666;1401;1;1780
666;1573;1;286
666;1591;1;507
667;608;1;434
668;682;1;306
668;773;1;765
668;7493;1;545
670;671;1;318
670;1684;1;162
671;672;1;266
672;673;1;335
673;674;1;244
673;695;1;217
674;675;1;323
675;676;1;278
675;693;1;323
676;39;1;355
676;3835;1;323
676;4808;1;300
677;678;1;336
678;1204;1;428
678;2497;1;1073
679;6052;1;1
679;6053;1;1500
680;681;1;482
681;609;1;218
682;669;1;311
682;751;1;288
683;503;1;435
684;2609;1;293
684;5422;1;350
685;686;1;114
685;5421;1;470
685;6135;1;5500
686;1803;1;216
686;1952;1;224
688;3527;1;855
689;2578;1;265
691;692;1;160
692;676;1;364
692;693;1;312
693;694;1;384
694;695;1;349
695;673;1;227
695;696;1;226
697;671;1;158
697;698;1;366
697;1684;1;290
698;699;1;210
699;670;1;1144
699;751;1;70
699;771;1;579
699;773;1;429
700;3369;1;232
704;664;1;530
704;705;1;344
705;706;1;192
705;7404;1;120
706;663;1;775
706;707;1;309
707;270;1;130
707;708;1;463
708;660;1;287
708;7342;1;80
711;2570;1;259
712;713;1;196
713;701;1;254
713;1399;1;610
714;715;1;567
715;689;1;220
717;718;1;546
717;1925;1;471
717;1940;1;480
718;709;1;354
719;713;1;159
719;720;1;318
720;2569;1;390
721;1797;1;353
722;724;1;518
723;1791;1;310
723;1792;1;640
724;137;1;1265
725;723;1;558
725;724;1;830
727;750;1;312
728;731;1;626
730;690;1;100
731;734;1;601
732;733;1;463
733;408;1;372
733;422;1;2150
733;742;1;312
733;1933;1;2675
733;3842;1;4000
733;5587;1;5000
733;5629;1;5535
735;737;1;490
735;2082;1;106
738;739;1;581
739;418;1;498
740;732;1;272
740;2350;1;319
742;740;1;379
743;744;1;469
743;752;1;765
743;2276;1;170
744;745;1;361
745;727;1;226
745;746;1;392
746;2144;1;170
746;3000;1;195
748;765;1;286
749;756;1;260
750;752;1;520
751;699;1;1100
751;753;1;559
751;771;1;499
751;3135;1;980
751;5575;1;585
751;5576;1;1006
752;419;1;462
752;735;1;244
752;737;1;322
752;743;1;140
753;754;1;229
753;3145;1;100
755;749;1;240
755;769;1;995
755;3140;1;318
755;3142;1;195
755;3144;1;585
755;7343;1;65
756;757;1;92
758;759;1;444
758;7470;1;500
759;761;1;246
760;764;1;386
760;2991;1;360
761;765;1;490
761;6036;1;9999
762;760;1;355
762;5962;1;770
763;755;1;900
763;769;1;287
764;6079;1;0
766;767;1;489
768;763;1;259
768;5410;1;560
770;771;1;372
771;670;1;510
771;699;1;660
771;751;1;638
771;754;1;940
771;772;1;307
771;3134;1;293
771;3135;1;553
772;670;1;190
772;699;1;413
772;754;1;1420
772;1684;1;356
772;1701;1;253
774;805;1;310
775;776;1;1005
776;777;1;807
778;775;1;1126
778;865;1;1109
779;780;1;310
780;517;1;395
780;2959;1;210
781;782;1;593
781;1798;1;589
782;2607;1;155
783;784;1;431
784;785;1;324
784;1896;1;434
785;786;1;439
786;404;1;1830
786;422;1;1880
786;1941;1;337
786;2243;1;1880
787;788;1;397
788;789;1;820
788;806;1;1072
790;807;1;421
791;792;1;434
792;793;1;182
792;802;1;1254
793;794;1;461
793;2996;8;0
793;2996;1;253
795;796;1;493
796;822;1;402
797;798;1;485
798;1063;1;262
800;816;1;491
801;873;1;405
802;803;1;288
802;3016;8;0
802;3016;1;523
803;804;1;370
804;789;1;780
804;806;1;360
805;827;1;164
805;1309;1;497
806;2251;1;1095
806;3842;1;1
808;809;1;475
808;1941;1;500
809;810;1;176
810;404;1;2500
810;422;1;2100
810;787;1;940
811;812;1;333
812;813;1;603
812;1870;1;750
813;814;1;246
815;782;1;1013
815;823;1;450
816;821;1;258
818;819;1;442
819;802;1;408
821;817;1;361
822;797;1;295
822;821;1;200
823;1595;1;278
823;1797;1;290
824;863;1;265
825;801;1;319
826;774;1;265
826;3879;1;1775
826;6026;1;1
827;828;1;377
828;829;1;354
829;830;1;283
830;839;1;208
831;832;0;377
831;1751;0;434
832;833;0;457
834;835;0;490
836;837;0;308
836;2568;0;255
836;3567;0;187
837;3498;0;1508
839;855;1;546
842;843;0;325
843;2620;0;410
844;845;0;482
845;846;0;429
846;109;0;386
846;339;0;438
847;848;0;428
850;853;1;299
851;427;0;772
852;879;1;637
853;854;1;262
854;858;1;298
855;801;1;576
856;857;1;278
857;859;1;1456
857;871;1;71
857;5200;1;1456
858;870;1;445
861;862;1;1742
862;1564;1;1347
863;856;1;450
864;825;1;250
866;867;1;1672
867;859;1;1031
867;5200;1;1031
869;8861;1;2642
870;826;1;868
870;1246;1;810
872;864;1;325
873;855;1;1000
880;2634;0;170
881;2634;0;155
881;2634;1;202
881;2638;1;151
881;3045;1;647
881;6040;1;151
882;2887;1;272
883;2634;0;351
892;880;1;532
893;894;0;413
894;1005;0;646
897;1410;1;845
897;1428;1;383
898;652;1;1757
898;897;1;1280
898;900;1;248
898;1450;1;610
898;1471;1;3500
900;901;1;166
903;911;8;0
903;911;1;415
903;9012;1;2500
904;917;8;0
904;917;1;383
904;2478;1;1489
905;906;8;0
905;906;1;384
905;8093;1;446
906;910;8;0
906;910;1;340
907;1287;8;0
907;1287;1;270
908;909;1;609
908;914;8;0
908;914;1;603
908;930;1;518
908;3406;1;0
909;925;8;0
909;925;1;388
910;907;8;0
910;907;1;316
911;904;8;0
911;904;1;693
912;918;8;0
912;918;1;425
913;905;1;364
913;3042;1;538
914;915;8;0
914;915;1;484
915;959;8;0
915;959;1;1436
916;921;8;0
916;921;1;383
916;8695;1;1014
917;924;8;0
917;924;1;381
918;941;8;0
918;941;1;231
919;922;8;0
919;922;1;703
919;2624;1;338
919;9013;1;2500
920;3069;8;0
920;3069;1;484
921;912;8;0
921;912;1;294
921;8093;1;369
922;920;8;0
922;920;1;417
923;5707;1;5300
923;6042;1;1960
923;7372;1;7500
924;905;8;0
924;905;1;290
924;913;1;260
924;2487;8;0
924;2487;1;622
925;926;8;0
925;926;1;669
926;927;8;0
926;927;1;383
927;928;8;0
928;929;8;0
928;929;1;509
929;3345;8;0
929;3345;1;510
930;931;8;0
930;931;1;185
931;932;8;0
931;932;1;306
932;3346;8;0
932;3346;1;301
933;3093;1;349
936;937;1;1278
937;951;1;350
938;2462;1;439
938;2749;1;400
940;943;1;326
940;2462;1;408
940;3039;8;0
940;3039;1;792
941;913;1;210
941;924;1;1060
941;980;8;0
941;980;1;316
942;631;1;270
943;945;1;425
943;2462;8;0
943;2462;1;82
945;999;1;614
946;947;1;1258
947;2467;1;156
951;938;1;536
953;997;1;277
957;958;1;407
958;1123;1;297
958;1133;1;412
959;916;8;0
959;916;1;665
959;1278;1;621
959;3432;1;451
960;2505;1;270
960;2523;1;172
966;1015;0;440
967;2481;1;373
967;3356;8;0
967;3356;1;277
968;969;1;772
968;1009;1;414
969;970;1;328
970;1024;1;493
975;659;8;0
975;659;1;576
975;2694;1;326
977;908;8;0
977;908;1;1428
978;3123;1;488
979;2617;1;400
980;919;8;0
980;919;1;501
981;2438;1;427
982;1064;1;190
982;3100;1;185
983;982;1;463
984;988;1;171
985;983;1;190
986;984;1;237
987;985;1;217
988;981;1;421
988;1265;1;517
988;2616;1;1401
989;1183;1;171
989;2617;1;589
991;5818;1;223
992;991;1;1030
992;1111;1;489
992;5787;1;415
993;1319;1;376
994;1147;1;220
995;996;1;414
996;2667;1;247
997;3318;1;0
997;5961;1;208
998;1068;1;1180
998;2859;1;50
998;3068;8;0
998;3068;1;682
999;946;1;282
1000;1001;0;510
1000;1022;0;536
1000;5971;0;316
1000;7703;0;286
1001;1002;0;364
1001;1002;1;364
1002;1003;0;365
1002;1003;1;365
1003;329;0;328
1004;1033;1;368
1004;8006;1;448
1005;1006;0;527
1007;968;1;226
1007;1008;0;414
1007;1008;1;414
1008;1009;0;376
1008;1009;1;376
1010;1011;0;545
1011;1021;0;106
1012;1013;0;434
1013;966;0;441
1014;1044;1;250
1015;1040;1;373
1015;2596;0;257
1016;1017;0;608
1017;1018;0;561
1018;883;0;407
1019;1020;0;371
1019;1020;1;371
1020;5525;1;200
1021;1011;0;106
1022;22;0;258
1022;43;0;408
1022;1000;0;256
1022;7701;0;206
1023;1007;1;426
1023;8620;1;363
1024;1025;1;640
1025;1026;8;0
1025;1026;1;428
1025;5702;1;340
1026;1027;1;569
1026;1050;8;0
1026;1050;1;270
1026;1080;1;74
1027;1028;1;372
1028;1029;1;510
1029;1030;1;377
1030;1031;1;690
1031;3324;1;425
1031;5743;1;620
1031;8687;1;567
1032;1004;1;227
1033;1034;1;282
1034;1037;1;282
1034;2615;1;366
1035;1036;1;633
1036;6120;1;1
1037;1035;1;858
1038;1042;1;287
1040;8624;1;239
1042;1043;1;254
1043;1014;1;378
1044;3324;1;190
1045;1046;1;714
1045;3322;1;710
1046;1047;1;399
1047;1048;1;500
1048;1049;1;459
1049;1050;1;520
1050;5702;8;0
1050;5702;1;247
1050;8630;8;0
1050;8630;1;486
1051;1052;1;622
1052;1024;1;920
1052;1053;1;411
1053;1054;1;457
1054;1055;1;455
1055;1015;1;500
1056;1058;1;601
1057;1111;1;340
1059;1115;1;491
1060;1061;1;366
1061;1062;1;427
1062;5535;1;690
1062;8488;1;775
1063;412;1;308
1064;1088;1;376
1064;8485;1;445
1068;1069;8;0
1068;1069;1;488
1069;1078;8;0
1069;1078;1;889
1069;1334;1;352
1070;1085;1;250
1070;3110;8;0
1070;3110;1;425
1071;8645;1;270
1072;1071;1;252
1073;1074;1;283
1074;1072;1;387
1074;3316;1;423
1075;8649;1;233
1076;880;1;5000
1076;3318;1;2700
1076;3956;1;329
1076;5953;1;1050
1078;1070;8;0
1078;1070;1;448
1078;2491;1;793
1079;1086;1;956
1079;1335;1;705
1079;3913;1;670
1080;1050;1;186
1081;1184;1;410
1083;1075;1;463
1083;3316;1;118
1084;1083;1;369
1084;8219;1;495
1085;1079;1;401
1086;1087;1;554
1087;3069;1;277
1088;1089;1;540
1090;1091;1;588
1091;1092;1;364
1091;2176;1;321
1092;1093;1;317
1093;1094;1;320
1094;1095;1;238
1097;1081;1;263
1098;3452;1;370
1100;880;1;5000
1100;1103;1;1270
1100;1108;1;416
1102;1103;1;313
1103;1106;1;363
1104;1105;1;603
1105;1102;1;288
1106;1107;1;350
1107;3957;1;416
1107;8171;1;285
1108;1109;1;248
1109;1110;1;372
1110;1111;1;396
1110;5788;1;416
1111;1112;1;270
1112;1119;1;366
1112;1135;1;900
1112;3054;1;121
1113;1114;1;269
1114;1115;1;265
1115;1116;8;0
1115;1116;1;461
1116;1117;8;0
1116;1117;1;543
1117;1118;8;0
1117;1118;1;500
1118;1120;1;401
1118;1125;1;655
1118;7348;1;165
1118;8781;1;0
1118;8781;8;0
1119;1113;1;229
1120;1125;1;254
1120;2205;1;870
1120;6065;1;55
1120;6066;1;55
1122;986;1;388
1123;1058;1;576
1123;1133;1;142
1123;3054;1;965
1124;1141;1;343
1125;637;1;269
1125;2343;8;0
1125;2343;1;199
1125;6066;1;1
1126;1133;1;285
1127;1128;8;0
1127;1128;1;429
1128;1129;8;0
1128;1129;1;434
1129;1130;8;0
1129;1130;1;500
1130;1131;1;321
1130;5082;8;0
1130;5082;1;330
1131;1132;1;149
1132;1126;1;350
1133;1134;1;340
1134;991;1;588
1134;1056;1;375
1134;1058;1;895
1134;1111;1;100
1134;1135;1;391
1134;3054;1;480
1134;3960;1;363
1135;1136;1;295
1136;1141;1;373
1136;1144;1;373
1137;1138;1;301
1138;1142;1;380
1139;1140;1;324
1140;1124;1;352
1140;3953;1;366
1141;1076;1;263
1141;1100;1;202
1143;1139;1;294
1144;1076;1;290
1144;1137;1;412
1145;2614;1;290
1145;3109;1;288
1145;3465;1;270
1146;1147;1;264
1147;1148;1;433
1148;1149;1;486
1148;1179;1;503
1149;1150;1;203
1150;1179;1;1600
1150;2444;1;50
1150;3224;1;265
1150;6081;1;0
1152;1181;1;156
1153;1154;1;415
1154;1155;1;281
1155;1156;1;293
1156;1157;1;502
1157;1158;1;282
1158;1159;1;584
1158;1169;1;118
1159;1160;1;258
1164;2663;1;199
1165;1166;1;498
1166;5225;1;284
1167;1168;1;342
1168;1169;1;518
1170;1171;1;487
1171;1172;1;363
1172;1173;1;342
1173;1174;1;369
1174;1182;1;449
1175;2443;1;384
1177;1179;1;226
1177;3522;1;2220
1177;8486;1;970
1178;1145;1;353
1179;1178;1;267
1180;981;1;1050
1180;987;1;378
1181;1153;1;490
1182;1175;1;242
1183;978;1;472
1183;3101;1;576
1184;1137;1;462
1184;8170;1;615
1186;1187;1;309
1187;1229;1;321
1188;1189;1;390
1188;1195;1;596
1189;1248;1;294
1190;1199;1;363
1190;2534;1;310
1191;1192;1;119
1191;1358;1;375
1193;1286;1;227
1194;1195;1;433
1195;1266;1;240
1196;1197;1;334
1198;1190;1;93
1199;2757;1;320
1201;1202;1;391
1202;1203;1;353
1203;1204;1;227
1204;1205;1;317
1204;3373;1;242
1205;679;1;360
1206;96;8;0
1206;96;1;845
1206;125;8;0
1206;125;1;419
1206;1207;1;145
1206;6052;1;1
1206;6053;1;164
1207;2222;1;5200
1208;3372;1;260
1210;1211;1;407
1211;1198;1;495
1213;188;0;709
1213;188;1;721
1214;2964;0;244
1214;2964;1;250
1215;1185;1;209
1215;1217;0;221
1215;5749;1;239
1217;1218;0;292
1218;1219;0;381
1219;1221;0;474
1222;1223;0;454
1222;1223;1;454
1223;1224;1;283
1223;1224;0;283
1224;1226;0;232
1224;1286;1;263
1226;1225;0;375
1227;1264;8;0
1229;1188;1;254
1230;1247;8;0
1230;1247;1;380
1230;5665;1;810
1231;1232;8;0
1231;1232;1;448
1231;1279;1;493
1232;1264;1;472
1232;2964;8;0
1232;2964;1;301
1233;1234;8;0
1234;1235;8;0
1234;1235;1;257
1235;1236;8;0
1235;1236;1;335
1236;1237;8;0
1236;1237;1;320
1237;1238;8;0
1237;1238;1;369
1237;1343;1;378
1238;1245;8;0
1238;1245;1;276
1238;1257;1;187
1239;1240;8;0
1239;1240;1;253
1240;1241;8;0
1240;1241;1;386
1241;1242;8;0
1241;1254;1;418
1242;1243;8;0
1242;1243;1;380
1243;1250;8;0
1243;8823;1;681
1244;1250;1;0
1245;1239;8;0
1245;1239;1;386
1246;6026;1;20
1247;1231;8;0
1247;1231;1;426
1248;1191;1;381
1249;1194;1;303
1250;1251;8;0
1250;1251;1;308
1250;9900;1;1251
1251;1252;8;0
1251;1252;1;334
1252;1253;8;0
1252;1253;1;386
1253;1242;1;515
1253;1254;8;0
1254;1255;8;0
1254;1255;1;270
1255;1256;8;0
1255;1256;1;335
1256;1257;8;0
1256;1257;1;314
1257;1258;8;0
1257;1258;1;314
1258;1259;8;0
1258;1259;1;311
1259;1260;8;0
1259;1260;1;305
1260;1263;8;0
1260;1263;1;290
1261;1262;8;0
1262;2985;8;0
1262;2985;1;437
1263;1261;8;0
1263;1261;1;255
1264;216;1;396
1264;640;1;139
1264;1230;8;0
1264;1230;1;195
1265;3100;1;428
1265;3224;1;474
1266;1196;1;253
1268;1282;1;53
1269;2499;1;369
1270;19;0;141
1270;45;0;0
1270;1303;1;102
1270;3703;0;121
1271;1272;1;335
1272;1273;1;637
1273;214;1;422
1273;1274;1;517
1273;1299;1;570
1273;7473;1;585
1275;1276;1;458
1275;1299;1;462
1275;4708;0;425
1276;1231;1;291
1278;916;1;393
1278;977;1;570
1278;2638;1;5880
1278;3432;1;215
1278;6037;1;5880
1278;6040;1;5880
1278;6142;1;7000
1278;8088;1;847
1278;8091;1;1600
1279;1280;1;322
1280;1281;1;276
1281;1268;1;652
1281;1282;1;682
1282;1293;1;234
1282;2983;1;516
1283;1282;1;358
1284;1283;1;319
1284;6094;1;3800
1285;6094;1;4001
1286;2986;1;450
1286;5599;1;275
1287;977;8;0
1287;977;1;409
1290;1285;1;188
1291;1290;1;405
1293;1294;1;286
1294;1295;1;330
1295;1296;1;380
1296;1297;1;459
1297;1298;1;303
1298;1269;1;347
1298;1299;1;453
1299;177;0;358
1299;383;1;542
1299;455;0;678
1299;1274;1;282
1301;1302;1;295
1302;1325;1;326
1302;2910;1;715
1305;1098;1;305
1306;1059;1;280
1308;774;1;244
1308;826;1;552
1308;6026;1;545
1309;1208;1;359
1311;1312;0;342
1311;1312;1;343
1312;1313;1;604
1312;1313;0;607
1312;3729;1;709
1313;1315;0;109
1313;6097;1;300
1314;8779;1;480
1316;1317;0;441
1316;1317;1;446
1317;1318;0;367
1317;1318;1;371
1318;143;1;446
1318;143;0;446
1318;2968;1;445
1319;994;1;295
1319;4816;1;220
1320;1321;8;0
1320;1321;1;419
1321;1322;8;0
1321;1322;1;266
1322;1323;8;0
1322;1323;1;381
1323;1324;8;0
1323;1324;1;261
1324;2696;8;0
1324;2696;1;235
1325;1270;1;100
1326;1327;8;0
1326;1327;1;254
1327;1328;8;0
1327;1328;1;196
1328;1329;8;0
1328;1329;1;394
1329;1330;8;0
1329;1330;1;233
1330;1320;8;0
1330;1320;1;401
1334;1078;1;544
1335;1086;1;240
1336;455;0;597
1338;553;0;230
1340;524;0;229
1342;493;0;542
1343;1257;1;44
1345;18;0;190
1346;217;0;407
1346;217;1;407
1347;235;0;233
1348;1349;0;587
1348;1349;1;587
1349;1350;1;501
1349;1369;1;440
1350;1351;0;583
1350;1351;1;583
1350;8872;1;376
1351;4737;0;425
1351;5744;1;639
1351;7438;1;550
1354;1355;0;573
1354;1355;1;573
1355;1356;0;580
1355;1356;1;580
1355;7446;1;630
1356;1357;0;562
1356;1357;1;562
1357;2973;1;522
1357;8869;1;319
1358;1359;1;645
1360;1361;0;428
1361;555;0;511
1363;1364;0;447
1364;1365;0;447
1365;588;0;544
1366;1367;0;430
1367;1368;0;448
1368;556;0;299
1369;560;0;94
1369;1357;0;581
1369;1357;1;581
1370;1373;0;493
1371;1372;0;391
1373;1371;0;371
1374;1192;1;375
1376;1377;0;490
1376;1377;1;490
1377;664;1;290
1377;1378;0;430
1377;1378;1;430
1378;1379;0;434
1379;1380;0;212
1379;1380;1;212
1380;1381;0;412
1380;1381;1;412
1381;1382;1;330
1381;1382;0;339
1383;1384;0;638
1383;1384;1;638
1384;1385;0;336
1384;1385;1;348
1385;241;0;194
1385;564;1;289
1385;564;0;302
1385;587;0;490
1386;585;1;227
1388;1389;0;477
1388;1389;1;478
1389;1390;0;409
1389;1390;1;415
1390;1391;0;412
1390;1391;1;412
1391;1392;0;264
1391;1392;1;264
1391;7472;1;172
1392;365;0;435
1392;377;0;321
1392;3477;0;435
1393;1394;0;444
1393;1394;1;444
1394;1395;0;485
1394;5691;1;483
1395;2635;0;274
1396;1397;1;449
1397;1845;1;186
1398;1399;1;354
1399;714;1;530
1399;1436;1;188
1401;705;1;405
1401;1402;1;370
1402;1403;1;263
1403;1404;1;247
1404;1405;1;429
1405;1406;1;181
1406;1431;1;267
1407;1408;1;534
1408;2636;1;269
1409;1410;1;495
1410;584;1;753
1410;897;1;200
1410;1411;1;362
1413;565;1;203
1416;1417;1;275
1417;1418;1;411
1417;1422;1;300
1417;2262;1;410
1417;2263;1;402
1418;1419;1;575
1419;1420;1;100
1421;1422;1;270
1422;1423;1;353
1423;1424;1;480
1424;1439;1;423
1426;1431;1;222
1427;2880;1;155
1428;1429;1;472
1429;1430;1;353
1430;1426;1;181
1431;1393;1;825
1431;1406;1;267
1431;1432;1;238
1432;1433;1;361
1433;1434;1;225
1434;1402;1;375
1434;1435;1;405
1435;1482;1;294
1435;5692;1;342
1436;811;1;960
1436;3409;1;441
1438;1415;1;491
1439;584;1;413
1441;1486;1;204
1441;1486;0;205
1442;1443;0;328
1442;1443;1;328
1443;1444;0;337
1443;1444;1;337
1444;1550;0;247
1444;3868;1;395
1445;370;0;535
1445;464;0;509
1445;484;0;443
1446;1447;0;310
1446;1447;1;310
1447;543;0;473
1447;1448;1;304
1447;1448;0;304
1448;1449;0;475
1448;1449;1;475
1449;1450;1;584
1449;1450;0;592
1449;2884;1;458
1450;1452;0;301
1450;1452;1;378
1452;4723;1;95
1452;4723;0;173
1453;1454;0;567
1453;1454;1;567
1454;1455;1;579
1454;1455;0;589
1455;1543;1;541
1456;1457;0;277
1456;1457;1;277
1456;2646;1;377
1457;1458;0;420
1457;1458;1;420
1458;1465;0;240
1458;3375;0;375
1458;3375;1;384
1458;7550;0;139
1459;1460;1;128
1459;1461;0;523
1460;3234;1;422
1461;1462;0;121
1461;1462;1;136
1463;1464;0;260
1464;3241;1;163
1464;3376;0;397
1466;1467;1;210
1466;1467;0;216
1468;1469;0;578
1468;1469;1;578
1469;1470;0;558
1469;1470;1;558
1470;1471;0;360
1470;1471;1;366
1470;4723;0;362
1471;568;1;720
1471;1472;1;409
1471;1472;0;410
1473;1474;0;477
1473;1474;1;477
1475;1476;0;205
1475;1476;1;229
1477;1478;0;213
1477;1550;0;217
1478;1479;1;320
1478;1479;0;335
1479;1480;1;284
1479;1480;0;295
1480;1487;1;235
1480;1487;0;235
1481;1482;0;495
1481;5692;1;553
1482;1375;0;297
1482;1375;1;297
1482;1401;0;161
1482;1401;1;400
1482;2856;1;200
1483;1484;1;289
1484;267;1;333
1485;1497;1;79
1485;2114;1;316
1486;1442;1;197
1486;1442;0;205
1487;1481;0;211
1487;1481;1;211
1488;1489;1;362
1489;1499;1;317
1491;2621;1;263
1491;5725;1;521
1492;1493;1;320
1493;1483;1;383
1493;9500;1;873
1495;257;1;905
1495;2528;1;127
1496;1485;1;202
1497;1498;1;399
1498;1495;1;253
1499;1500;1;321
1500;1493;1;555
1500;2622;1;180
1501;1502;1;396
1502;1490;1;120
1502;7548;1;0
1503;2504;1;336
1503;2523;1;177
1506;1507;1;516
1507;1508;1;622
1509;1510;8;0
1509;1510;1;443
1510;2631;8;0
1510;2631;1;454
1512;1513;1;734
1512;8610;1;0
1513;1514;1;276
1514;3043;1;308
1516;881;1;305
1518;1519;1;368
1519;3388;1;283
1520;1521;1;309
1521;1522;1;421
1522;1523;1;234
1522;1991;1;450
1523;1992;1;258
1527;1413;1;351
1528;1530;1;256
1528;8828;1;63
1528;8897;1;84
1530;1438;1;780
1530;1450;1;1200
1530;5660;1;3400
1530;6115;1;792
1532;1533;8;0
1532;1533;1;418
1533;1534;8;0
1533;1534;0;306
1533;1534;1;306
1534;1535;8;0
1534;1535;0;349
1534;1535;1;349
1534;1582;1;520
1535;5779;8;0
1535;5779;1;570
1536;1537;0;378
1536;6024;0;355
1536;6407;0;100
1536;6508;0;90
1536;7008;0;0
1537;578;0;404
1538;1539;0;512
1539;1540;0;304
1540;1541;0;417
1541;1542;0;280
1542;1543;0;277
1543;1544;0;465
1543;1544;1;465
1544;1545;0;466
1544;1545;1;466
1545;1465;0;231
1545;3375;1;377
1545;3375;0;382
1545;7550;0;139
1548;1532;0;201
1549;36;0;145
1549;483;0;180
1549;1531;0;145
1550;1478;0;191
1551;1552;0;552
1552;1553;0;210
1553;1554;0;289
1554;1555;0;414
1555;1556;0;293
1556;1557;0;500
1557;1558;0;402
1558;571;0;291
1559;1560;8;0
1559;1560;1;345
1559;6407;0;90
1559;6508;0;90
1560;1561;0;372
1560;3159;1;224
1560;8163;8;0
1560;8163;1;250
1561;1562;0;312
1562;1549;0;349
1564;775;1;103
1564;865;1;75
1566;1856;8;0
1566;1856;1;301
1567;1865;8;0
1567;1865;1;215
1568;1567;8;0
1568;1567;1;352
1568;2769;1;257
1569;1571;1;182
1571;4840;1;385
1571;7491;1;410
1571;8227;1;430
1572;668;1;320
1572;1573;1;314
1574;1593;1;248
1575;1576;1;248
1576;1577;1;533
1576;1586;1;1191
1576;5657;1;511
1576;8229;1;233
1578;1579;1;433
1578;3153;1;292
1579;1581;1;289
1580;1583;1;309
1581;1589;1;340
1582;1580;1;400
1582;6044;1;0
1583;1584;1;322
1584;1585;1;352
1585;2723;1;228
1586;1587;1;507
1586;5619;1;660
1586;5658;1;700
1586;8230;1;316
1588;1594;1;215
1589;1582;1;216
1589;3850;1;151
1590;1591;1;328
1590;1593;1;919
1590;7492;1;435
1590;7493;1;540
1590;8228;1;450
1591;4841;1;182
1592;1570;1;337
1592;1593;1;2083
1593;1575;1;252
1594;773;1;292
1596;1597;0;452
1596;5580;1;1049
1596;5611;1;437
1596;5611;0;452
1596;8119;1;1
1596;8120;1;283
1597;1598;8;0
1597;1598;1;385
1598;1599;8;0
1598;1599;1;339
1598;1599;0;339
1599;1600;0;523
1599;2741;8;0
1599;2741;1;527
1600;1601;0;345
1602;1603;0;464
1603;1604;0;334
1604;1605;0;369
1605;574;0;556
1607;1627;0;465
1608;6046;1;449
1610;574;0;127
1610;1597;0;475
1610;5611;0;475
1611;1612;0;436
1611;1612;1;436
1611;1614;1;1486
1612;1613;0;530
1612;1613;1;530
1613;1614;0;441
1613;1614;1;441
1614;1615;0;421
1614;1615;1;421
1614;3739;1;600
1616;1617;0;696
1616;1617;1;696
1616;1730;0;388
1616;3705;0;336
1616;3741;1;600
1616;5687;1;580
1617;1618;0;443
1617;1618;1;443
1618;1619;0;657
1618;1619;1;657
1619;1645;1;768
1619;1671;1;545
1620;1621;0;285
1621;1622;0;536
1621;1628;1;391
1621;3720;0;278
1623;1624;0;587
1624;1625;0;104
1626;3866;1;330
1630;1631;0;658
1630;1631;1;658
1631;1632;0;521
1631;1632;1;521
1632;1633;0;524
1632;1633;1;524
1633;1634;0;358
1633;1634;1;358
1634;1615;1;2200
1635;1636;0;364
1635;1636;1;402
1635;1638;1;1477
1636;1637;0;585
1636;1637;1;586
1637;1638;1;489
1637;1638;0;491
1638;1639;1;589
1638;1639;0;592
1638;3735;1;875
1639;137;1;660
1639;574;0;551
1639;1596;1;640
1639;5580;1;551
1640;500;1;400
1640;1683;1;388
1640;3200;1;283
1641;1643;8;0
1641;1643;1;297
1642;2344;8;0
1642;2344;1;498
1643;1644;8;0
1643;1644;1;615
1644;1645;8;0
1644;1645;1;474
1645;1646;8;0
1645;1646;1;370
1646;1647;1;704
1646;3752;1;480
1646;8145;8;0
1646;8145;1;882
1647;1648;1;650
1648;1649;1;349
1648;3785;1;299
1649;1650;1;322
1650;1651;1;424
1650;1734;1;312
1650;3754;1;432
1651;1652;1;314
1652;1657;1;308
1652;3809;1;349
1654;1655;1;475
1655;1660;1;678
1655;1662;1;1045
1655;2305;1;653
1656;1661;1;626
1656;2318;8;0
1656;2318;1;553
1657;1828;1;363
1658;1818;1;623
1658;1821;1;356
1658;1913;1;691
1659;748;1;197
1660;3428;1;1330
1660;6135;1;1330
1661;1662;1;472
1662;1663;1;628
1662;1826;1;425
1662;1828;1;770
1662;2322;1;591
1663;1908;1;173
1664;1665;1;122
1665;1651;1;642
1665;1666;1;339
1666;1667;1;330
1666;1909;1;475
1667;1668;1;345
1668;1669;1;679
1668;3786;1;342
1668;8135;1;530
1669;1670;1;571
1670;1671;1;115
1671;1672;1;344
1671;3862;1;840
1672;1673;1;525
1672;8137;1;178
1673;1674;8;0
1673;1674;1;477
1674;1676;8;0
1674;1676;1;286
1675;2333;8;0
1675;2333;1;380
1676;1677;8;0
1676;1677;1;143
1677;1675;8;0
1677;1675;1;456
1680;1678;1;139
1681;675;1;1915
1681;1682;1;304
1681;1711;1;350
1681;5701;1;516
1682;2639;1;347
1684;772;1;470
1685;1608;1;530
1685;1692;1;332
1685;1694;1;280
1685;1764;1;568
1686;1687;1;337
1688;1689;1;334
1689;1690;1;256
1690;1685;1;376
1691;1693;1;329
1691;1749;1;467
1692;1640;1;441
1693;1694;1;322
1694;1695;1;320
1695;1696;1;306
1696;1697;1;291
1697;1698;1;304
1698;1699;1;414
1699;754;1;590
1699;772;1;260
1699;3145;1;560
1700;1707;1;391
1702;1703;1;290
1703;1704;1;402
1704;1679;1;108
1704;1680;1;333
1704;5600;1;532
1704;5603;1;472
1704;5605;1;560
1707;1719;1;206
1709;1711;0;385
1711;1712;0;297
1711;1712;1;297
1712;1713;0;217
1713;1714;0;581
1714;1715;0;335
1715;851;0;455
1716;1717;0;317
1717;1718;0;191
1718;471;0;535
1718;476;0;555
1718;1640;1;450
1718;4727;0;381
1719;1722;1;471
1719;1729;1;409
1720;1721;0;829
1721;1803;1;414
1721;1952;1;407
1722;1799;1;585
1722;3443;1;599
1722;7456;1;710
1723;1724;1;349
1723;1724;0;350
1723;7319;1;220
1724;1725;0;608
1724;2452;1;383
1725;1726;0;423
1725;1726;1;423
1725;1783;1;1830
1726;1727;0;364
1726;1727;1;364
1727;1728;0;322
1727;1728;1;322
1727;6408;0;361
1727;6509;0;201
1728;6099;1;0
1729;1722;1;61
1730;1731;0;494
1731;1732;0;355
1732;1735;0;167
1733;1820;1;284
1734;1651;1;560
1734;2342;1;640
1736;1737;0;470
1737;1738;0;399
1738;1634;0;340
1739;1740;0;371
1739;1740;1;371
1739;3444;1;745
1739;6408;0;368
1739;6509;0;89
1740;1741;0;503
1740;1741;1;503
1741;1742;0;520
1741;1782;1;606
1741;8125;1;293
1742;685;1;497
1742;1743;0;433
1742;5078;1;415
1743;1744;0;277
1745;1746;0;804
1745;1746;1;804
1746;470;0;472
1746;1847;1;227
1746;1848;1;546
1747;3887;1;120
1748;476;0;547
1748;1749;0;189
1749;1750;0;338
1749;5621;1;231
1750;399;0;0
1751;1752;0;432
1752;1753;0;370
1753;1754;1;315
1753;1754;0;325
1754;4843;0;316
1756;13;0;343
1756;1710;0;321
1756;5943;0;0
1762;1685;1;420
1763;783;1;199
1766;6046;1;90
1766;6073;1;1
1766;6074;1;95
1767;1768;1;357
1768;1769;1;501
1768;1795;1;635
1769;1770;1;256
1770;2633;1;123
1771;1772;1;165
1772;224;1;6600
1772;1773;1;171
1773;1774;1;469
1774;1775;1;340
1774;1777;1;290
1774;1783;1;440
1775;1776;1;349
1776;1725;1;603
1776;2452;1;386
1776;7320;1;1200
1777;1700;1;389
1777;1820;1;416
1779;1747;1;420
1779;1781;1;1131
1780;1781;1;467
1781;2453;1;244
1783;1784;1;270
1784;1773;1;105
1784;1785;1;161
1785;1786;1;175
1786;1787;1;298
1787;1788;1;377
1788;1789;1;452
1788;1795;1;201
1789;1790;1;354
1790;1791;1;343
1791;1792;1;330
1791;3207;1;400
1792;724;1;940
1792;1608;1;588
1792;1764;1;649
1792;1766;1;202
1792;1794;1;573
1792;3130;1;665
1792;5561;1;525
1792;5577;1;780
1792;6073;1;1
1793;1398;1;217
1794;1694;1;425
1795;518;1;551
1795;1848;1;445
1796;1797;1;763
1797;814;1;450
1798;710;1;375
1799;1733;1;382
1801;1802;1;293
1802;518;1;700
1803;1804;1;309
1804;2643;1;585
1805;1806;1;619
1806;1819;1;274
1806;1950;8;0
1806;1950;1;274
1806;2545;1;285
1806;3725;1;243
1807;1808;1;467
1807;3900;1;520
1808;1809;1;299
1809;1810;1;456
1809;1907;1;455
1810;1811;1;226
1811;1951;1;332
1814;1815;1;255
1815;1816;1;259
1816;1817;1;470
1817;1658;1;295
1819;1807;1;395
1819;2545;1;500
1819;2816;1;1620
1820;1783;1;763
1821;1822;1;361
1821;3899;1;540
1822;1823;1;280
1823;1824;1;359
1823;3562;1;780
1824;2764;1;475
1825;1839;1;305
1826;1827;1;286
1827;1828;1;391
1828;1829;1;273
1829;1830;1;460
1830;1831;1;257
1831;1963;1;527
1832;1769;1;277
1832;1838;1;350
1832;3202;1;350
1833;1834;1;498
1835;503;1;167
1835;1836;1;499
1835;2609;1;467
1836;1745;1;305
1837;1850;1;459
1837;3207;1;441
1838;1837;1;363
1839;1840;1;278
1840;1897;1;581
1842;1721;1;832
1844;1654;1;565
1844;2322;1;50
1844;2323;1;685
1845;811;1;327
1847;518;1;236
1847;1634;1;4700
1847;1646;1;7986
1847;1683;1;340
1847;1792;1;1500
1847;5614;1;870
1848;790;1;272
1848;1596;1;3380
1848;1634;1;4700
1848;1792;1;1585
1848;1842;1;189
1848;6046;1;1710
1850;1596;1;2365
1850;1634;1;6000
1850;6046;1;90
1850;6049;1;78
1851;1852;8;0
1851;1852;1;447
1852;1853;8;0
1852;1853;1;349
1853;1854;8;0
1853;1854;1;347
1854;1855;8;0
1854;1855;1;440
1855;1566;8;0
1855;1566;1;182
1856;1863;1;369
1856;2798;1;610
1856;5679;8;0
1856;5679;1;481
1863;1872;1;478
1863;2778;1;271
1865;1866;8;0
1865;1866;1;470
1866;1867;8;0
1866;1867;1;291
1867;1868;8;0
1867;1868;1;511
1868;1806;8;0
1868;1806;1;455
1869;1974;1;320
1870;2598;1;169
1872;1873;1;202
1873;1874;1;351
1874;3898;1;360
1875;1876;0;358
1876;1877;0;302
1877;1878;0;354
1878;1880;0;108
1878;6025;0;0
1881;1882;0;315
1882;1883;0;357
1884;407;0;342
1887;1922;1;294
1888;1934;1;297
1889;519;1;250
1889;542;1;436
1889;1967;1;2890
1889;3855;1;0
1890;1914;1;218
1890;1915;1;424
1890;1949;1;411
1891;1923;1;482
1891;2546;1;576
1892;506;1;142
1892;1965;1;685
1893;1967;1;267
1894;1895;1;458
1895;1978;1;276
1896;1793;1;233
1897;1568;8;0
1897;1568;1;187
1898;1899;1;411
1899;520;1;170
1903;2096;1;164
1905;2095;1;398
1907;1828;1;360
1907;1844;1;100
1907;1908;1;178
1907;1961;1;711
1908;1657;1;450
1908;1665;1;532
1908;1734;1;620
1909;1910;1;460
1910;2316;1;350
1910;2317;1;302
1911;1910;1;48
1911;1912;1;467
1912;1650;1;429
1914;1889;1;1980
1914;1890;1;226
1914;1893;1;854
1914;1920;1;622
1914;3424;1;530
1915;513;1;1600
1915;529;1;572
1916;2599;1;1427
1918;1935;1;258
1919;1921;1;215
1920;1919;1;324
1921;1887;1;319
1922;1888;1;379
1923;2093;1;236
1924;1925;0;592
1925;1926;1;284
1925;1926;0;294
1926;1396;1;234
1926;1896;1;960
1926;1928;0;686
1926;2254;0;575
1926;5721;1;471
1927;1966;1;802
1927;3423;1;432
1928;299;0;110
1929;1893;1;544
1929;3677;1;512
1930;1931;0;459
1930;3409;1;459
1931;1932;0;345
1932;1933;0;401
1933;404;0;315
1933;404;1;315
1933;2243;0;465
1933;3715;0;382
1934;1918;1;187
1935;1936;1;471
1936;1890;1;209
1937;942;1;382
1939;2234;1;1016
1940;1941;1;484
1941;809;1;550
1941;2064;1;426
1941;4802;1;182
1941;5629;1;2000
1942;1955;1;509
1942;1958;1;535
1943;1894;1;260
1943;1944;1;680
1944;1945;1;210
1944;1970;1;0
1945;1946;1;655
1945;2079;1;801
1945;2137;1;186
1946;1947;1;545
1947;519;1;2880
1947;1891;1;478
1947;1927;1;240
1947;1967;1;151
1949;1806;1;626
1950;1833;1;461
1950;1851;8;0
1950;1851;1;404
1950;6135;1;4000
1951;1962;1;479
1952;683;1;414
1953;3168;1;269
1955;1943;1;197
1955;2551;1;260
1957;2008;1;500
1957;2573;1;257
1961;1826;1;380
1962;2340;1;175
1963;1833;1;370
1963;1851;1;305
1963;1964;1;340
1963;2545;1;65
1963;2819;1;1980
1964;1965;1;600
1965;1914;1;497
1966;1890;1;307
1967;1947;1;950
1967;1968;1;238
1968;2128;1;399
1969;1970;1;262
1969;5629;1;288
1970;1894;1;688
1970;1979;1;2149
1971;1972;1;474
1972;1869;1;467
1972;4802;1;533
1973;2004;1;335
1974;2005;1;358
1975;2553;8;0
1975;2553;1;230
1976;2928;8;0
1976;2928;1;358
1977;1979;1;445
1978;1977;1;364
1979;2882;1;471
1979;2900;1;351
1979;3170;1;424
1979;5587;1;471
1981;3377;1;310
1984;1985;8;0
1984;1985;1;257
1985;1986;8;0
1985;1986;1;150
1986;1987;8;0
1986;1987;1;351
1987;1988;8;0
1987;1988;1;252
1988;1989;8;0
1988;1989;1;385
1988;3821;1;417
1989;1990;8;0
1989;1990;1;220
1990;1991;8;0
1990;1991;1;240
1991;1518;1;333
1991;1992;8;0
1991;1992;1;370
1992;1993;8;0
1992;1993;1;249
1993;1994;8;0
1993;1994;1;390
1994;1995;8;0
1994;1995;1;227
1995;1996;8;0
1995;1996;1;324
1995;1997;1;497
1996;1997;8;0
1996;1997;1;168
1996;2913;1;452
1997;1998;8;0
1997;1998;1;245
1998;2554;8;0
1998;2554;1;203
2003;1944;1;1893
2003;1973;1;490
2004;2627;1;304
2005;1933;1;790
2005;2006;1;278
2005;4803;1;420
2005;4804;1;790
2006;3408;1;426
2006;4829;1;674
2007;1933;1;590
2007;4829;1;500
2008;2137;1;231
2010;105;0;137
2011;4733;0;70
2012;2013;0;461
2012;2013;1;461
2013;2014;0;330
2013;2014;1;330
2014;2015;0;434
2014;2015;1;434
2015;2016;0;509
2015;2016;1;522
2016;7556;0;400
2017;1925;1;411
2017;1940;1;330
2018;2019;0;197
2018;2019;1;200
2019;2020;0;349
2019;2020;1;354
2020;2021;0;222
2020;2021;1;223
2021;412;1;770
2021;2009;1;467
2021;2009;0;470
2021;2584;0;434
2023;2024;0;244
2024;2025;1;455
2024;2025;0;470
2024;2034;1;500
2025;2033;1;145
2025;2033;0;600
2025;2876;0;320
2025;6126;0;320
2025;6410;0;300
2025;6511;0;150
2026;2027;0;527
2027;2028;0;777
2028;2029;0;484
2028;4732;0;699
2029;7541;0;61
2030;2031;0;794
2031;2032;0;512
2032;2033;0;696
2032;2876;0;115
2032;5637;0;200
2033;2025;0;0
2033;2025;1;500
2033;6126;0;150
2033;6410;0;250
2033;6511;0;150
2034;2035;0;145
2034;2036;1;471
2035;2036;0;309
2036;412;1;615
2036;2038;1;482
2038;2039;1;279
2038;2039;0;289
2039;2040;0;294
2039;2040;1;304
2040;2041;1;406
2040;2041;0;413
2041;2016;1;780
2041;7556;0;573
2043;2044;0;506
2043;2044;1;506
2043;2619;0;328
2044;2045;1;425
2044;2045;0;432
2045;2046;0;264
2045;2046;1;265
2046;307;0;510
2046;2047;0;460
2046;2047;1;460
2047;2641;0;401
2047;5678;1;630
2051;2456;1;295
2052;2053;1;350
2053;2055;1;626
2053;3412;1;245
2053;3414;1;162
2053;3857;1;2099
2055;2056;1;336
2056;2293;1;70
2056;2789;1;400
2057;2059;1;716
2058;2576;1;323
2059;2060;1;258
2060;2457;1;219
2061;2009;1;4300
2061;2727;1;381
2061;3989;1;275
2061;3990;1;275
2061;7465;1;340
2064;1942;1;245
2065;2025;1;540
2065;2077;1;293
2066;2067;1;253
2066;2083;1;180
2066;2513;1;158
2067;2068;1;322
2068;2069;1;431
2069;2145;1;504
2070;2071;1;540
2071;3732;1;264
2072;2073;1;271
2073;2075;1;258
2073;2366;1;328
2074;2066;1;205
2075;2354;1;318
2075;2366;1;0
2077;2277;1;217
2078;1969;1;761
2079;2571;1;363
2082;743;1;123
2083;2092;1;181
2084;2070;1;452
2085;2726;1;211
2086;2087;1;323
2087;2088;1;502
2088;2752;1;568
2088;5643;1;570
2089;2090;1;424
2090;2091;1;310
2091;2067;1;500
2091;2083;1;309
2092;2575;1;385
2093;1903;1;164
2093;2094;1;254
2094;1905;1;470
2095;2096;1;383
2096;1929;1;310
2097;2065;1;767
2097;2099;1;368
2099;2576;1;210
2100;312;1;584
2101;2102;1;526
2102;2103;1;286
2103;2104;1;405
2104;2105;1;422
2104;7459;1;860
2105;2106;1;253
2106;2112;1;90
2106;2146;1;428
2108;2505;1;293
2109;2507;1;316
2109;2508;1;699
2109;2524;1;754
2111;2112;1;746
2112;2113;1;199
2113;2114;1;582
2114;2104;1;192
2114;2115;1;324
2115;2116;1;276
2116;2117;1;370
2117;3886;1;559
2117;7495;1;320
2127;3229;1;305
2128;2129;1;444
2129;1946;1;881
2129;1957;1;275
2129;1969;1;259
2131;2431;1;240
2135;2136;1;337
2135;4822;1;0
2136;2139;1;340
2137;2138;1;539
2137;5589;1;483
2138;3228;1;297
2139;2535;1;478
2142;3222;1;494
2143;1969;1;770
2143;2079;1;101
2144;2089;1;522
2144;2145;1;500
2145;726;1;211
2146;2430;1;768
2146;3608;1;770
2156;2084;1;496
2157;2223;0;256
2158;2170;0;437
2159;321;0;832
2160;2161;0;392
2161;2162;0;421
2163;2164;0;305
2163;2202;0;342
2164;2165;0;360
2165;2166;0;555
2166;6403;0;111
2167;2157;0;145
2167;2168;0;595
2168;320;0;645
2169;2158;0;735
2170;2171;0;433
2171;2228;0;403
2172;2173;0;279
2172;2205;0;573
2173;2174;0;385
2175;2176;0;393
2176;2177;0;518
2176;2177;1;518
2177;2178;0;437
2177;2178;1;437
2178;2179;0;1220
2178;3125;1;1189
2179;83;0;430
2179;2180;0;581
2180;2181;0;79
2182;2183;0;1225
2182;2183;1;1225
2183;2184;0;432
2183;2184;1;432
2184;2185;0;574
2184;2185;1;574
2185;2186;0;257
2185;2186;1;257
2186;639;1;703
2186;2187;0;575
2187;2188;0;421
2189;2228;0;337
2189;3472;0;337
2190;2191;0;422
2191;2159;0;357
2192;2206;0;454
2192;2206;1;456
2193;2194;0;291
2193;6403;0;250
2193;7540;0;159
2194;2195;0;451
2194;6403;0;160
2195;2196;0;358
2196;352;0;336
2196;387;0;254
2196;2197;0;309
2198;2199;0;419
2199;20;0;388
2199;2214;0;378
2199;3700;0;565
2201;2209;0;425
2201;5739;1;518
2202;2755;1;297
2203;2204;0;317
2203;2204;1;322
2204;2168;0;644
2204;2193;0;134
2204;2494;1;759
2204;2534;1;481
2205;637;1;570
2205;2192;0;382
2205;2192;1;382
2206;2207;0;307
2206;2207;1;307
2207;2208;1;667
2207;2208;0;672
2209;4718;0;162
2210;2211;0;545
2211;84;0;498
2211;2212;0;498
2213;2222;0;260
2213;2222;1;260
2214;44;0;228
2214;2160;0;235
2216;2217;0;457
2217;2226;0;297
2219;2220;1;591
2219;2220;0;591
2220;2221;0;417
2220;2221;1;417
2221;2213;1;420
2221;2213;0;426
2222;637;1;547
2222;638;1;547
2222;2189;0;734
2222;2343;0;758
2222;2343;1;770
2222;5737;1;760
2223;2224;0;307
2223;2224;1;307
2224;351;0;232
2224;2225;0;412
2224;2387;1;493
2225;2388;1;686
2226;2218;0;359
2227;2210;0;348
2231;2232;0;481
2232;2257;0;436
2234;2855;1;0
2234;2939;1;1142
2236;2931;8;0
2236;2931;1;287
2240;3798;8;0
2240;3798;1;498
2243;405;0;337
2243;423;1;303
2251;2579;1;433
2252;2253;0;461
2253;2244;0;224
2254;1930;1;508
2254;2255;0;347
2254;3523;1;1100
2254;5722;1;1360
2255;2254;1;350
2255;2256;0;445
2256;2255;1;445
2256;2261;0;335
2257;2258;0;301
2258;2259;0;399
2259;2260;0;397
2261;2252;0;282
2261;2256;1;390
2261;2257;0;154
2261;3471;0;154
2261;5719;1;460
2262;1422;1;886
2262;2263;1;548
2263;1420;1;1600
2263;2264;1;222
2264;1424;1;1153
2264;2265;1;256
2265;2281;1;244
2266;2267;1;340
2267;2268;1;173
2268;2295;1;363
2269;2270;1;408
2269;2655;8;0
2269;2655;1;769
2270;2271;1;250
2271;1456;1;387
2272;2273;1;261
2273;2274;1;303
2274;2275;1;454
2275;2262;1;448
2276;2097;1;145
2277;752;1;185
2278;5001;1;565
2281;2266;1;147
2293;2057;1;343
2294;2296;1;288
2295;2294;1;405
2296;2458;8;0
2296;2458;1;417
2296;2812;1;894
2296;8952;1;572
2297;2298;0;362
2298;2299;0;456
2299;2679;0;435
2300;2311;0;132
2305;1660;1;310
2305;6135;1;1400
2305;6138;1;1400
2312;2313;0;561
2313;2314;0;367
2314;2455;0;436
2315;2361;1;221
2316;1911;1;360
2317;2305;1;731
2317;2743;1;275
2318;2320;8;0
2318;2320;1;275
2319;2324;8;0
2319;2324;1;332
2320;2321;8;0
2320;2321;1;294
2321;2346;8;0
2321;2346;1;403
2322;2323;1;657
2323;3895;1;255
2324;2325;8;0
2324;2325;1;406
2325;2326;8;0
2325;2326;1;404
2326;1642;8;0
2326;1642;1;294
2326;3938;8;0
2326;3938;1;103
2327;2328;1;450
2327;3896;1;465
2328;2329;1;356
2329;2644;1;341
2331;500;1;379
2331;6046;1;1890
2331;6085;1;1
2331;6135;1;6920
2333;2334;8;0
2333;2334;1;340
2334;2347;8;0
2334;2347;1;466
2334;3865;1;435
2336;2337;8;0
2336;2337;1;314
2337;2338;8;0
2337;2338;1;359
2338;2339;8;0
2338;2339;1;339
2339;2751;8;0
2339;2751;1;152
2340;1664;1;675
2341;2361;1;360
2341;3971;1;475
2342;1961;1;275
2343;1120;1;160
2343;1127;8;0
2343;1127;1;333
2343;1177;1;3800
2343;5070;1;129
2344;1641;8;0
2344;1641;1;187
2344;3863;1;580
2345;637;1;279
2345;2173;0;293
2345;2189;0;168
2345;2205;0;607
2346;2319;8;0
2346;2319;1;252
2347;2336;8;0
2347;2336;1;292
2348;2349;1;498
2349;732;1;487
2349;9001;1;1000
2350;700;1;519
2351;2085;1;147
2351;2352;1;462
2351;2726;1;358
2352;2354;1;310
2353;2341;1;233
2354;2355;1;302
2355;2356;1;315
2356;2360;1;382
2356;3410;1;416
2356;5045;1;616
2357;2351;1;252
2359;2343;0;134
2360;2353;1;216
2360;5015;1;990
2361;2362;1;141
2362;2363;1;425
2362;5044;1;448
2363;2364;1;278
2364;2365;1;345
2365;2366;1;334
2366;2085;1;349
2366;2367;1;417
2366;2369;1;0
2367;2368;1;243
2368;2740;1;210
2370;2371;0;576
2370;2371;1;576
2371;2372;0;413
2371;2372;1;413
2371;7436;1;413
2372;2373;0;712
2372;2373;1;712
2373;2374;1;469
2373;2374;0;469
2373;2566;0;535
2373;7434;1;1245
2374;2375;0;510
2374;3318;1;625
2375;3068;0;477
2376;2377;0;378
2376;2377;1;378
2377;2378;0;737
2377;2378;1;737
2377;2559;1;331
2377;2566;0;558
2377;7434;1;1085
2378;2379;0;518
2378;2379;1;518
2379;2380;0;575
2379;2380;1;575
2380;2345;0;566
2380;2345;1;566
2382;2957;1;297
2383;388;1;293
2385;2386;1;281
2386;2387;1;454
2386;3003;1;490
2387;2388;1;577
2388;3374;1;190
2389;2390;1;350
2390;2391;1;241
2390;3978;1;220
2391;2392;1;284
2391;2396;1;110
2392;2393;1;365
2393;2395;1;310
2394;617;1;421
2394;2956;1;1050
2395;2577;1;204
2396;2397;1;319
2397;2398;1;373
2398;2388;1;390
2398;2399;1;259
2399;2387;1;765
2399;3003;1;677
2399;5547;1;712
2400;2401;1;261
2401;349;1;249
2402;2955;1;144
2403;2404;1;532
2403;2426;1;495
2404;2405;1;338
2405;2406;1;798
2405;3429;1;798
2405;8099;1;396
2406;1025;1;264
2406;8056;1;289
2406;8630;1;289
2408;2411;1;458
2409;2729;8;0
2409;2729;1;567
2409;2748;1;614
2411;5705;1;516
2411;8733;1;980
2413;2414;1;48
2413;3780;1;543
2413;8128;1;466
2414;224;1;9000
2415;3892;1;330
2418;2420;1;306
2418;2697;1;302
2420;605;1;493
2420;3605;0;147
2420;5790;1;920
2420;7372;1;1170
2422;2420;1;200
2422;2424;1;284
2422;2505;1;2051
2422;2697;1;80
2422;2712;1;855
2422;3607;0;420
2422;6148;1;310
2424;2676;1;286
2426;2823;1;1190
2430;2108;1;289
2431;2632;1;618
2432;2433;1;278
2433;2434;1;296
2434;2435;1;201
2435;2436;1;542
2436;2437;1;562
2437;987;1;841
2437;1180;1;463
2437;1265;1;486
2438;2439;1;507
2438;2448;1;258
2439;2440;1;553
2440;2441;1;234
2441;2442;1;338
2442;2432;1;339
2443;2437;1;266
2444;2445;1;557
2444;6060;1;0
2444;6081;1;1
2445;981;1;204
2445;1265;1;200
2448;1152;1;407
2450;2451;1;272
2451;1898;1;175
2452;1779;1;250
2453;1725;1;280
2453;1742;1;292
2453;1782;1;395
2455;4733;0;237
2456;2052;1;163
2457;2061;1;269
2458;2269;8;0
2458;2269;1;506
2459;622;1;341
2460;2542;1;477
2461;936;1;135
2461;2467;1;76
2462;2463;8;0
2462;2463;1;498
2463;2464;8;0
2463;2464;1;357
2464;2465;8;0
2464;2465;1;358
2464;3455;8;0
2464;3455;1;355
2465;2466;8;0
2465;2466;1;519
2465;2749;1;584
2466;945;1;429
2466;2749;8;0
2466;2749;1;65
2467;2544;1;580
2468;3099;1;357
2470;3096;1;507
2471;5072;1;772
2471;5715;1;328
2471;5954;1;782
2472;2473;1;232
2473;2474;1;211
2474;3407;1;202
2475;2476;1;192
2476;2668;1;360
2478;2580;1;533
2479;2493;1;526
2481;2482;8;0
2481;2482;1;270
2482;1079;1;730
2482;2483;8;0
2482;2483;1;714
2482;8080;1;695
2483;2484;8;0
2483;2484;1;908
2484;2485;8;0
2484;2485;1;474
2485;2486;8;0
2485;2486;1;302
2486;2538;8;0
2486;2538;1;294
2487;2488;8;0
2487;2488;1;346
2488;2489;8;0
2488;2489;1;516
2489;2490;8;0
2489;2490;1;865
2490;2491;8;0
2490;2491;1;735
2491;2492;8;0
2491;2492;1;191
2492;967;8;0
2492;967;1;233
2493;919;1;1418
2493;2552;1;600
2494;680;1;935
2494;2495;1;356
2495;633;1;511
2495;2647;1;223
2496;2999;1;456
2497;2157;1;782
2498;635;1;343
2498;5763;1;510
2499;642;1;986
2500;2501;1;452
2501;2502;1;344
2502;239;1;298
2503;960;1;346
2503;1503;1;307
2503;2507;1;218
2503;2672;1;307
2504;659;1;3280
2504;2111;1;219
2504;2131;1;231
2504;5428;1;7174
2504;5790;1;3900
2505;960;1;356
2505;1503;1;355
2505;2109;1;370
2505;2672;1;238
2505;3856;1;325
2508;2509;1;309
2508;2516;1;1098
2508;2518;1;1316
2508;2600;1;1240
2508;3828;1;410
2509;2518;1;1053
2509;2603;1;422
2510;2511;1;384
2511;2518;1;349
2512;2083;1;93
2513;2531;1;335
2514;2515;1;404
2515;5038;1;475
2516;2109;1;872
2516;2517;1;200
2516;3859;1;482
2517;2523;1;571
2517;5427;1;633
2518;442;1;618
2519;2514;1;333
2519;2516;1;1064
2519;5429;1;1171
2520;2512;1;345
2523;262;1;269
2524;2525;1;363
2526;297;1;275
2528;256;1;422
2531;438;1;414
2531;509;1;405
2534;1201;1;147
2535;2692;1;465
2537;2135;1;496
2537;2139;1;1112
2538;924;8;0
2538;924;1;211
2539;2541;1;450
2539;2625;1;608
2540;2539;1;221
2541;2582;1;238
2542;2461;1;681
2544;2468;1;553
2545;1819;1;259
2545;1833;1;461
2545;1851;1;444
2545;1964;1;461
2545;2819;1;2020
2545;3222;1;0
2546;2547;1;571
2547;2548;1;395
2548;2549;1;471
2548;3401;1;307
2549;2550;1;273
2550;1929;1;259
2551;1943;1;545
2551;6135;1;8500
2552;2470;1;382
2553;1984;8;0
2553;1984;1;158
2554;1976;8;0
2554;1976;1;171
2555;3844;1;492
2555;5785;1;640
2555;6041;1;251
2555;6042;1;120
2556;2558;0;450
2558;2374;0;447
2558;2378;0;728
2559;2560;1;532
2560;958;1;368
2561;2562;1;258
2562;2563;1;531
2563;2564;1;273
2564;2602;1;658
2566;881;0;605
2567;500;1;337
2568;837;0;60
2569;721;1;262
2570;712;1;369
2571;2612;1;660
2572;2008;1;258
2573;3383;1;680
2574;2078;1;374
2575;2065;1;209
2575;2588;1;165
2576;2074;1;350
2576;2156;1;353
2577;2396;1;213
2578;2579;1;460
2579;1939;1;1230
2579;4804;8;0
2579;4804;1;605
2579;4805;1;959
2579;6515;1;1620
2580;2581;1;210
2581;2583;1;120
2582;1334;1;415
2582;2540;1;80
2583;2479;1;197
2583;6041;1;5700
2584;412;0;294
2584;415;0;217
2584;415;1;217
2587;800;1;422
2588;2576;1;371
2590;2591;0;516
2591;2592;0;278
2592;2595;0;258
2593;2594;0;521
2594;1021;0;402
2597;5044;1;394
2598;1898;1;1136
2598;2599;1;224
2599;1763;1;354
2599;8750;1;1440
2600;2510;1;535
2600;6059;1;0
2600;6067;1;1560
2601;1007;0;267
2602;2555;1;707
2602;2637;1;720
2602;3057;1;720
2603;2600;1;605
2604;2516;1;368
2606;434;1;316
2607;783;1;199
2607;5616;1;362
2609;685;1;196
2609;1723;1;212
2610;1709;0;307
2610;2611;0;123
2612;3427;1;440
2612;5237;1;539
2613;2574;1;606
2614;1146;1;528
2614;3885;8;0
2614;3885;1;1100
2616;989;1;410
2617;987;1;1378
2618;1474;1;441
2619;836;0;333
2620;284;0;306
2620;2016;0;339
2621;1492;1;145
2622;1501;1;197
2622;2621;1;355
2624;2541;1;488
2625;904;1;233
2627;2919;1;236
2629;3018;8;0
2629;3018;1;347
2631;967;1;419
2631;1015;1;535
2631;2480;1;0
2631;2481;8;0
2631;2481;1;250
2632;2675;1;320
2632;3604;0;417
2633;1771;1;319
2634;880;0;210
2634;881;1;160
2634;2556;0;512
2634;3313;1;1290
2634;5955;1;1390
2635;15;0;239
2635;1375;0;238
2635;4701;0;242
2636;1409;1;212
2637;881;1;355
2637;2638;1;166
2637;5785;1;610
2637;6040;1;151
2638;881;1;189
2638;6040;1;1
2639;698;1;366
2639;1684;1;297
2641;81;0;351
2643;5590;1;432
2644;503;1;590
2644;685;1;634
2644;1744;1;499
2644;1952;1;959
2644;9171;1;335
2645;109;0;365
2645;339;0;448
2646;2272;1;130
2647;633;1;286
2648;2496;1;238
2654;5042;1;484
2655;2671;8;0
2655;2671;1;1015
2656;8119;8;0
2656;8119;1;444
2657;5780;8;0
2657;5780;1;411
2659;332;0;482
2660;154;1;803
2660;178;1;456
2660;3937;1;370
2661;2025;1;610
2663;1165;1;640
2664;2666;1;306
2664;3318;1;515
2665;923;1;422
2666;957;1;312
2667;997;1;328
2667;2665;1;246
2668;2664;1;525
2668;3038;1;358
2668;5954;1;67
2668;9002;1;100
2669;2670;1;417
2670;2460;1;397
2671;137;1;34
2671;138;1;627
2671;2657;8;0
2671;2657;1;872
2672;2505;1;210
2672;3827;1;121
2672;3834;1;200
2675;2418;1;270
2676;2750;1;229
2679;2300;0;281
2679;2974;0;281
2683;313;1;303
2685;2398;1;436
2685;2754;1;486
2685;8221;1;285
2686;329;1;377
2687;2100;1;476
2689;2690;1;461
2689;2747;1;250
2690;616;1;244
2690;3353;1;499
2691;3;8;0
2691;3;1;517
2691;618;1;557
2692;2693;1;422
2693;611;1;262
2694;607;1;174
2696;1326;8;0
2696;1326;1;38
2697;2422;1;110
2698;2420;1;815
2698;2422;1;810
2699;2537;1;457
2699;5825;1;428
2703;2736;0;259
2705;2744;1;145
2706;2708;1;371
2708;2709;1;296
2709;2711;1;556
2709;2715;1;260
2711;618;1;705
2711;2690;1;365
2712;3;1;606
2714;2715;1;212
2715;2716;1;325
2716;2708;1;220
2716;2718;1;166
2718;2745;1;310
2719;2705;1;140
2719;2948;1;200
2722;1578;1;156
2723;1586;1;216
2723;5657;1;328
2726;2086;1;385
2727;2357;1;197
2729;1509;8;0
2729;1509;1;639
2730;1025;8;0
2730;1025;1;610
2730;2731;1;413
2731;8682;1;625
2732;2730;8;0
2732;2730;1;289
2733;2734;8;0
2733;2734;1;341
2734;3361;8;0
2734;3361;1;283
2736;2737;1;409
2737;3009;0;368
2737;3009;1;375
2737;3114;1;378
2737;5823;1;600
2738;2733;1;370
2738;8631;1;424
2739;1084;1;142
2739;8097;1;474
2740;3991;1;219
2740;3992;1;0
2741;8945;8;0
2741;8945;1;345
2743;2305;1;450
2744;2706;1;350
2745;2719;1;260
2747;616;1;502
2747;5755;8;0
2747;5755;1;400
2747;8191;1;590
2748;1509;1;562
2749;940;1;339
2749;3039;8;0
2749;3039;1;516
2749;3958;1;270
2750;2430;1;661
2750;3608;0;712
2751;1656;8;0
2751;1656;1;549
2752;5649;1;459
2754;5547;1;654
2755;2204;1;359
2757;2758;1;389
2758;2225;1;329
2759;2686;1;383
2760;2761;1;722
2761;2762;1;430
2762;3562;1;325
2764;2765;1;429
2765;2766;1;398
2766;3426;1;310
2767;2768;1;261
2768;1897;1;355
2769;2770;1;392
2770;2771;1;274
2771;2772;1;364
2772;2773;1;39
2772;2788;1;520
2773;2774;1;304
2774;2775;1;281
2775;2776;1;382
2776;2777;1;171
2777;1863;1;381
2778;2779;1;260
2779;3198;1;328
2780;2781;1;449
2781;2782;1;445
2782;1814;1;447
2784;2785;1;229
2785;3520;1;188
2786;2787;1;558
2787;3903;1;451
2788;6135;1;2900
2789;2799;1;250
2792;2793;1;250
2793;2293;1;227
2795;2796;1;348
2796;8083;1;397
2799;2943;1;430
2800;2792;1;170
2801;2802;1;592
2802;5569;1;610
2805;2806;1;788
2806;2801;1;100
2808;2809;1;604
2809;2810;1;937
2810;2811;1;1083
2811;2296;1;1793
2812;2813;1;550
2813;2814;1;490
2814;723;1;1465
2814;724;1;1600
2815;1819;1;1970
2815;2545;1;2000
2816;5679;1;714
2817;2818;1;695
2818;1963;1;1600
2819;514;1;200
2819;518;1;2330
2819;1634;1;4230
2819;1792;1;3820
2819;1819;1;2270
2819;2545;1;2270
2819;6135;1;5600
2820;253;1;888
2821;5573;1;770
2822;2403;1;1246
2823;1073;1;324
2823;3365;1;0
2823;5234;1;2080
2823;8685;1;130
2852;408;1;2080
2855;806;1;500
2855;3842;1;500
2855;4411;3;0
2855;4413;3;0
2856;1401;1;200
2859;903;1;820
2859;1068;1;1130
2859;1118;1;2000
2859;2980;1;1569
2860;2861;0;298
2861;2862;0;515
2861;8059;1;560
2862;2863;0;374
2863;2864;0;369
2864;2865;1;260
2864;2865;0;260
2865;3113;1;356
2865;3113;0;378
2865;3115;1;330
2865;3115;0;338
2866;2867;0;259
2866;2867;1;260
2866;5848;1;307
2867;2868;0;351
2867;8694;1;215
2868;2869;0;376
2869;2870;0;535
2870;2860;0;557
2870;2874;0;557
2870;8139;1;450
2874;2861;0;298
2876;2033;0;115
2877;2878;1;276
2878;224;1;2600
2878;1450;1;2280
2878;2880;1;1241
2878;6115;1;1000
2879;2932;1;490
2881;898;1;564
2881;2885;1;293
2882;2003;1;463
2882;6135;1;11000
2883;651;1;473
2884;2883;1;242
2885;1473;1;542
2885;2618;1;542
2887;2877;1;671
2888;9108;1;1075
2888;9156;1;9999
2889;9114;1;9999
2895;9112;1;1540
2896;703;1;154
2899;2901;1;267
2900;2236;1;505
2901;2920;1;404
2902;2903;1;362
2903;2916;1;410
2904;2905;1;254
2904;2922;1;50
2905;2906;1;160
2906;2907;1;262
2907;2910;1;339
2907;3851;1;321
2909;2912;8;0
2909;2912;1;185
2910;1346;1;750
2910;2911;1;232
2912;1975;8;0
2912;1975;1;328
2913;3914;1;495
2913;5066;1;765
2915;2916;1;425
2915;2933;1;203
2915;3351;1;790
2916;2917;1;203
2916;3983;1;255
2918;5066;1;60
2919;1894;1;177
2919;1944;1;634
2919;1955;1;261
2920;2923;1;400
2921;2927;1;511
2921;2930;1;2350
2921;3849;1;823
2922;2944;1;158
2924;2935;1;227
2925;2922;1;212
2925;2933;1;430
2926;2945;1;212
2927;1987;1;356
2928;2929;8;0
2928;2929;1;325
2929;2912;8;0
2929;2912;1;230
2929;2930;8;0
2929;2930;1;368
2929;5425;1;622
2930;3170;1;745
2930;3190;8;0
2930;3190;1;291
2931;1981;1;448
2931;2909;8;0
2931;2909;1;451
2931;2913;1;2245
2931;3177;1;380
2932;2939;1;190
2934;3982;1;465
2935;2945;1;235
2937;3946;1;1060
2938;2926;1;265
2939;2003;1;346
2939;2236;1;385
2939;2931;1;685
2939;3842;1;1110
2939;6515;1;3595
2941;2942;1;130
2941;3350;1;151
2942;2925;1;219
2944;2915;1;175
2945;2914;1;200
2946;2705;1;280
2948;2704;1;305
2949;2956;1;232
2949;3002;1;238
2949;6040;1;6000
2951;2952;1;292
2952;2394;1;244
2953;2880;1;342
2955;2951;1;509
2956;2382;1;192
2957;2958;1;303
2958;2383;1;200
2959;807;1;340
2960;2961;1;448
2961;2962;1;379
2962;1289;1;356
2962;2963;1;307
2964;1233;8;0
2966;1291;1;264
2966;2967;1;573
2967;2968;1;445
2968;7380;1;250
2969;2970;1;589
2969;8192;1;230
2970;2973;1;317
2970;8833;1;289
2971;2953;1;207
2972;2977;1;357
2973;2972;1;251
2974;2311;0;132
2975;620;1;399
2976;2859;1;1
2976;8193;1;335
2977;2978;1;235
2978;2971;1;319
2979;224;1;500
2979;230;1;500
2979;2968;1;1500
2979;2976;1;208
2980;3871;1;290
2981;2982;1;510
2982;1282;1;615
2983;2984;1;455
2984;2964;1;292
2984;2965;1;721
2985;1227;8;0
2985;1227;1;253
2985;1227;0;270
2985;2965;1;477
2987;2988;1;521
2988;2989;1;313
2989;1206;1;607
2990;2992;8;0
2990;2992;1;512
2991;2990;1;231
2992;4842;8;0
2992;4842;1;210
2993;2994;8;0
2993;2994;1;584
2994;793;8;0
2994;793;1;510
2996;2997;1;289
2996;3795;8;0
2996;3795;1;274
2997;3012;1;325
2999;323;1;248
3000;2145;1;53
3001;2459;1;340
3002;318;1;422
3003;2400;1;342
3005;2866;1;335
3005;2866;0;340
3005;3113;8;0
3005;3113;0;238
3005;3113;1;238
3009;2866;1;341
3009;2866;0;360
3009;3115;0;238
3009;3115;1;239
3010;3117;1;312
3011;8685;1;1935
3012;4836;1;350
3013;3014;8;0
3013;3014;1;263
3014;802;8;0
3014;802;1;176
3015;3084;1;303
3015;3822;1;836
3016;3017;8;0
3016;3017;1;500
3017;2629;8;0
3017;2629;1;394
3018;2579;8;0
3018;2579;1;753
3018;3027;1;497
3027;2991;1;544
3038;992;1;420
3039;3040;8;0
3039;3040;1;372
3040;940;8;0
3040;940;1;1280
3040;943;8;0
3040;943;1;980
3040;3958;1;1200
3042;980;1;504
3043;880;1;526
3043;881;1;405
3043;2555;1;250
3043;2637;1;227
3045;3047;1;680
3046;2377;1;290
3047;1508;1;0
3047;3049;1;223
3048;3057;1;292
3048;8611;1;335
3049;8576;1;414
3050;8609;1;437
3051;3053;8;0
3051;3053;1;481
3053;3055;8;0
3053;3055;1;146
3054;2561;1;460
3055;3056;8;0
3055;3056;1;308
3056;3083;8;0
3056;3083;1;203
3057;881;1;355
3057;998;1;1225
3061;3062;1;530
3061;5520;1;762
3062;5520;1;270
3066;881;1;1300
3066;1068;1;1180
3066;2859;1;50
3066;3068;1;603
3066;6037;1;1
3066;6038;1;1332
3066;6040;1;1300
3068;903;8;0
3068;903;1;542
3068;1068;8;0
3068;1068;1;387
3069;885;0;558
3069;998;8;0
3069;998;1;568
3069;3066;1;610
3069;3318;1;584
3071;3010;1;213
3076;3077;1;352
3076;8767;1;582
3083;8535;8;0
3083;8535;1;586
3083;8647;1;597
3083;8648;1;487
3084;3129;1;326
3087;3090;1;383
3088;3089;1;233
3089;2471;1;361
3090;3091;1;159
3091;2478;1;596
3093;2669;1;366
3094;3095;1;218
3095;3096;1;423
3096;2475;1;194
3097;3087;1;199
3097;3088;1;669
3099;3088;1;561
3100;1177;1;209
3100;2444;1;183
3100;5209;1;210
3101;3122;1;630
3102;3104;1;448
3104;3127;1;301
3104;3885;1;348
3105;3106;1;367
3106;1149;1;315
3107;1180;1;484
3107;3108;1;529
3110;3111;8;0
3110;3111;1;236
3110;3314;1;214
3111;3112;8;0
3111;3112;1;376
3112;3005;8;0
3112;3005;1;363
3113;3009;1;500
3113;5728;8;0
3113;5728;1;366
3113;5728;0;369
3114;8073;1;434
3115;2795;1;509
3115;3071;1;195
3115;3183;0;353
3117;3118;1;226
3118;1085;1;435
3118;2739;1;387
3119;3120;1;173
3120;3104;1;1189
3120;3121;1;340
3121;1057;1;574
3121;1133;1;462
3121;3054;1;488
3122;3123;1;386
3122;3126;1;171
3123;3124;1;318
3125;2181;1;694
3125;3126;1;482
3125;5726;1;0
3126;979;1;497
3126;990;1;3700
3126;2432;1;3032
3127;1146;1;500
3127;3105;1;273
3127;3109;1;970
3129;3161;1;868
3130;1586;1;810
3130;3152;1;389
3130;5577;1;70
3130;5584;1;364
3130;7476;1;380
3131;3132;1;350
3131;5671;1;350
3132;3135;1;1177
3133;771;1;219
3134;3135;1;182
3135;751;1;185
3136;3137;1;158
3137;3138;1;176
3138;3144;1;281
3138;3150;1;249
3139;3140;1;321
3139;3142;1;167
3140;3151;1;230
3141;7343;1;385
3142;3143;1;345
3143;3144;1;296
3144;1699;1;168
3145;3146;1;321
3146;3147;1;273
3147;3148;1;266
3148;3149;1;319
3150;3139;1;164
3151;3141;1;287
3152;3153;1;237
3153;3154;1;142
3153;3159;1;240
3154;1534;1;231
3154;3163;1;300
3155;3156;1;208
3156;1448;1;335
3157;3156;1;350
3157;3158;1;297
3158;1448;1;600
3158;3154;1;1800
3158;3164;1;336
3158;7474;1;275
3159;3160;1;125
3160;1585;1;339
3161;8027;1;257
3162;3131;1;283
3162;3200;1;1660
3162;5620;1;414
3163;3155;1;378
3163;5846;8;0
3163;5846;1;1250
3164;3159;1;345
3166;3119;1;278
3166;3451;1;460
3168;3517;1;730
3169;3173;1;178
3170;806;1;927
3170;3171;1;429
3170;3842;1;927
3171;3172;1;352
3172;3169;1;300
3173;3174;1;348
3174;3175;1;384
3175;3176;1;195
3176;3170;1;472
3176;5587;1;405
3177;3178;1;605
3178;3722;1;553
3180;2929;1;658
3181;1945;1;314
3181;5629;1;900
3183;3184;0;385
3184;3185;0;402
3187;3069;0;380
3190;2879;1;297
3190;2882;1;368
3190;2900;1;307
3190;3170;1;433
3190;5587;8;0
3190;5587;1;388
3191;3192;0;657
3193;3196;0;402
3196;3197;0;389
3197;3005;0;359
3198;2780;1;326
3199;348;0;426
3200;500;1;101
3200;1683;1;105
3200;3130;1;1670
3200;6044;1;2800
3200;6045;1;1
3200;6135;1;6500
3201;3202;1;193
3202;3203;1;197
3203;3226;1;171
3206;1837;1;246
3207;724;1;1081
3207;6044;1;1500
3207;6135;1;7600
3213;1768;1;492
3213;1801;1;342
3213;3214;1;293
3214;3215;1;260
3215;3216;1;237
3216;3217;1;194
3217;3202;1;348
3217;3218;1;242
3218;3219;1;190
3219;3220;1;427
3220;3221;1;162
3221;500;1;285
3221;3200;1;184
3222;3223;1;380
3223;2127;1;347
3223;2143;1;773
3224;1122;1;172
3225;3201;1;166
3226;3215;1;347
3226;3227;1;296
3227;3206;1;140
3228;2142;1;284
3229;1947;1;1070
3229;2128;1;320
3229;5198;1;431
3230;3231;1;280
3231;1465;1;201
3231;3232;1;291
3232;1459;1;295
3234;3235;1;343
3235;3236;1;304
3235;3237;1;31
3236;3237;1;340
3237;3238;1;282
3238;3239;1;207
3239;1464;1;171
3240;8105;1;114
3241;3869;1;552
3241;5697;1;542
3242;5698;1;845
3244;3245;1;185
3245;3246;1;280
3246;3247;1;1116
3246;3253;1;1465
3247;3248;1;440
3248;3249;1;206
3249;5799;1;624
3250;3251;1;408
3251;3244;1;1082
3253;3349;1;2099
3254;3255;1;214
3255;3256;1;127
3256;3257;1;309
3256;3272;1;304
3257;3258;1;257
3258;3259;1;217
3259;3260;1;306
3260;3261;1;221
3261;3262;1;525
3262;3263;1;229
3263;3264;1;189
3263;3266;1;133
3264;3265;1;326
3265;3266;1;350
3266;3267;1;391
3266;3277;1;243
3267;3268;1;532
3268;3269;1;260
3269;3270;1;199
3270;3271;1;256
3271;3272;1;275
3272;3273;1;285
3273;3274;1;439
3274;3275;1;129
3275;3276;1;101
3276;5812;1;293
3277;3278;1;497
3278;3280;1;123
3279;3244;1;355
3279;3247;1;850
3280;3279;1;249
3282;5698;1;823
3283;5698;1;882
3284;3285;1;346
3285;3286;1;245
3286;3287;1;224
3287;3288;1;285
3288;3289;1;268
3289;3290;1;252
3290;3291;1;317
3291;3292;1;321
3292;8829;1;304
3293;3294;1;424
3294;3295;1;390
3295;3296;1;264
3296;3297;1;288
3297;3298;1;354
3298;3300;1;251
3298;3308;1;480
3299;3309;1;1461
3300;3301;1;322
3301;3302;1;266
3302;3303;1;280
3303;3304;1;404
3304;3305;1;391
3305;3306;1;417
3306;3307;1;125
3307;8829;1;256
3308;3299;1;1399
3309;3300;1;478
3310;5792;1;318
3311;1870;1;235
3313;892;1;528
3313;5951;1;850
3313;8181;1;540
3314;3315;1;454
3315;1075;1;502
3316;3317;1;465
3317;3118;1;211
3317;8190;1;141
3318;881;1;1100
3318;892;1;528
3318;3048;1;983
3320;3321;1;1010
3321;1031;1;710
3322;3323;1;955
3323;3319;1;450
3323;3338;1;300
3324;3325;1;226
3325;3326;1;507
3326;3327;1;228
3327;3328;1;326
3328;3329;1;315
3329;3330;1;212
3330;3331;1;187
3331;3332;1;416
3332;3333;1;211
3333;3334;1;360
3334;3335;1;272
3335;3336;1;223
3336;3337;1;445
3337;1014;1;133
3338;3319;1;160
3339;3907;8;0
3339;3907;1;780
3339;6133;1;6500
3339;8183;1;422
3340;3015;1;332
3340;3341;8;0
3340;3341;1;534
3341;3404;8;0
3341;3404;1;352
3342;3343;8;0
3342;3343;1;216
3343;3344;8;0
3343;3344;1;296
3344;909;8;0
3345;930;8;0
3346;3405;8;0
3346;3405;1;982
3347;3348;8;0
3347;3348;1;510
3348;8186;8;0
3348;8186;1;340
3349;3242;1;110
3349;3282;1;90
3349;3283;1;42
3350;3351;1;200
3351;2938;1;339
3352;3825;1;376
3353;3352;1;388
3354;3355;1;510
3355;3354;1;310
3356;2409;8;0
3356;2409;1;445
3356;8098;1;207
3357;3365;1;100
3357;3904;8;0
3357;3904;1;567
3357;6133;1;6460
3357;6142;1;0
3358;3357;8;0
3358;3357;1;475
3358;3365;1;575
3359;3358;8;0
3359;3358;1;277
3360;3359;8;0
3360;3359;1;389
3361;3893;8;0
3361;3893;1;385
3362;3894;8;0
3362;3894;1;298
3363;3362;8;0
3363;3362;1;359
3364;3363;8;0
3364;3363;1;364
3365;3364;8;0
3365;3364;1;398
3365;8685;1;0
3366;3367;1;635
3367;3368;1;182
3368;2348;1;234
3369;3370;1;214
3370;3371;1;454
3371;8;1;224
3372;680;1;461
3372;1210;1;382
3373;1308;1;486
3374;2389;1;189
3374;2759;1;255
3375;1459;0;446
3375;3241;1;296
3376;1465;0;333
3377;3378;1;223
3378;3379;1;458
3379;3380;1;469
3380;2572;1;688
3381;3391;1;296
3382;3721;1;197
3383;3384;1;462
3384;3385;1;490
3385;3386;1;206
3386;2929;1;410
3387;5066;1;60
3388;1520;1;118
3388;3381;1;745
3401;3402;1;512
3402;3518;1;555
3403;3180;1;601
3404;3342;8;0
3404;3342;1;1018
3405;3347;8;0
3405;3347;1;379
3406;914;1;0
3407;3096;1;350
3407;3097;1;419
3408;2007;1;645
3408;4829;1;494
3409;2006;1;309
3409;4803;1;401
3411;2053;1;338
3411;2059;1;304
3412;2059;1;410
3412;3422;1;304
3413;2315;1;430
3414;3415;1;359
3415;3416;1;807
3416;3417;1;1177
3417;3519;1;400
3418;3420;1;1177
3420;3421;1;807
3421;3412;1;507
3423;1966;1;353
3424;1891;1;250
3424;1893;1;320
3426;2767;1;324
3427;1953;1;291
3428;1660;1;1560
3429;1026;1;495
3430;5784;1;251
3431;3439;0;666
3432;916;1;180
3433;408;0;949
3433;420;0;568
3433;3431;0;202
3433;3441;0;949
3434;420;0;380
3434;420;1;381
3434;3436;0;76
3435;408;1;728
3435;408;0;740
3435;3436;0;102
3435;3441;0;760
3436;408;0;826
3436;420;0;444
3436;3431;0;79
3437;57;0;277
3438;3433;0;630
3439;3437;0;370
3441;3442;0;80
3442;418;0;168
3443;3737;1;212
3444;5231;1;558
3445;3446;0;485
3446;3447;0;256
3446;3569;0;470
3447;3448;0;468
3447;3577;0;270
3448;3449;0;296
3449;347;0;477
3449;392;0;444
3450;332;0;479
3451;1097;1;420
3451;3104;1;1450
3452;3104;1;460
3453;8588;1;277
3454;8595;1;202
3455;3456;8;0
3455;3456;1;822
3456;3457;8;0
3456;3457;1;347
3457;3458;8;0
3457;3458;1;529
3458;3459;8;0
3458;3459;1;218
3459;3464;8;0
3459;3464;1;700
3460;3461;8;0
3460;3461;1;513
3461;3462;8;0
3461;3462;1;393
3462;3463;8;0
3462;3463;1;787
3463;2464;8;0
3463;2464;1;385
3464;3460;8;0
3464;3460;1;612
3465;3466;8;0
3465;3466;1;480
3466;2614;8;0
3466;2614;1;550
3471;2258;0;301
3477;458;0;153
3498;3568;0;2313
3516;1230;1;543
3517;3723;1;554
3518;5237;1;745
3519;3395;1;100
3519;3966;1;1480
3520;2786;1;248
3521;990;1;2102
3523;3524;1;445
3524;5723;1;365
3527;3528;1;350
3528;3529;1;260
3529;705;1;300
3562;3563;1;265
3563;3564;1;395
3564;3565;1;460
3564;5682;1;460
3565;3566;1;540
3566;2788;1;680
3567;837;0;121
3568;843;0;178
3569;3570;0;495
3570;3571;1;480
3570;3571;0;481
3571;598;1;238
3571;618;1;275
3571;2711;1;545
3571;3572;0;170
3572;3573;0;270
3573;3574;1;365
3573;3574;0;370
3574;619;1;380
3574;3575;0;587
3575;3576;0;513
3576;3448;0;448
3576;3577;0;260
3577;316;0;430
3577;327;0;487
3602;3568;0;261
3602;3603;0;485
3603;2632;0;683
3604;2420;0;478
3604;2750;0;570
3605;3606;0;320
3606;2422;0;256
3607;2750;0;383
3608;2505;1;565
3608;3609;0;408
3609;3568;0;286
3622;5682;1;630
3624;3625;1;440
3625;2784;1;390
3677;3423;1;221
3700;5;0;351
3701;18;0;174
3701;19;1;400
3701;5201;1;426
3703;5;0;345
3704;497;0;127
3705;1634;0;84
3708;7524;0;100
3709;209;0;356
3709;216;0;190
3711;18;0;90
3713;424;0;323
3715;2243;0;83
3720;1628;0;114
3721;1520;1;687
3722;3181;1;397
3723;3724;1;391
3724;1905;1;346
3725;1964;1;493
3732;2072;1;187
3733;3735;1;638
3734;3733;1;587
3735;1596;1;437
3735;8119;1;437
3735;8142;1;0
3736;3734;1;367
3737;1638;1;1930
3737;3738;1;627
3738;3739;1;543
3739;3740;1;318
3740;3741;1;459
3741;3742;1;328
3742;3743;1;104
3742;3812;1;493
3743;3744;1;361
3744;3745;1;274
3745;3746;1;469
3746;3747;1;302
3747;3748;1;175
3748;3749;1;235
3749;3750;1;328
3750;3751;1;325
3751;1645;1;190
3752;3753;1;306
3753;1648;1;604
3754;3755;1;298
3755;3845;1;288
3757;3758;1;343
3758;3759;1;521
3759;3760;1;490
3759;3789;1;270
3760;3761;1;416
3761;3762;1;249
3762;3763;1;433
3763;3444;1;425
3763;3736;1;368
3764;3765;1;339
3764;3773;1;3500
3765;3766;1;241
3766;3767;1;234
3767;3768;1;235
3768;3769;1;473
3769;3770;1;229
3770;3771;1;396
3771;3816;1;112
3772;5687;1;347
3773;3814;1;216
3774;1635;1;630
3774;1739;1;410
3774;3775;1;524
3775;3776;1;646
3776;3444;1;182
3778;3779;1;384
3779;2413;1;574
3780;3782;1;455
3782;3783;1;365
3783;1648;1;340
3785;3794;1;515
3786;3787;1;455
3787;3788;1;415
3788;8129;1;392
3789;3790;1;675
3790;3444;1;465
3790;3736;1;416
3794;3757;1;257
3794;8133;1;309
3795;3796;8;0
3795;3796;1;333
3796;3797;8;0
3796;3797;1;294
3797;3798;1;1800
3797;3914;8;0
3797;3914;1;190
3798;3799;8;0
3798;3799;1;251
3799;3013;8;0
3799;3013;1;499
3809;3846;1;276
3809;3912;1;132
3810;1668;1;282
3812;3813;1;533
3813;3773;1;132
3814;3815;1;408
3815;3816;1;590
3816;3772;1;364
3817;3818;1;396
3817;8023;1;713
3818;3819;1;235
3819;3820;1;844
3820;3348;1;314
3821;2913;1;713
3822;3823;1;308
3822;8023;1;620
3823;8026;1;333
3824;8017;1;327
3825;2714;1;308
3826;3011;1;1435
3826;8187;1;500
3827;3828;1;617
3828;3829;1;509
3829;3830;1;471
3830;3831;1;384
3831;3832;1;501
3832;3833;1;626
3832;7461;1;390
3833;3834;1;245
3834;2504;1;240
3834;2505;1;210
3834;2523;1;130
3835;762;1;945
3836;5700;1;1082
3837;3838;1;609
3838;5042;1;498
3839;5845;1;377
3840;3839;1;728
3840;5046;1;263
3842;2251;1;1095
3844;3046;1;298
3845;3810;1;530
3846;3757;1;416
3846;8132;1;368
3848;8554;1;226
3849;1996;1;233
3850;6044;1;50
3850;6115;1;2985
3850;7477;1;960
3852;5737;1;50
3853;403;1;1503
3853;5596;1;885
3853;5617;1;1925
3853;5653;1;280
3853;5654;1;987
3855;519;1;0
3856;2509;1;525
3857;440;1;4204
3859;960;1;385
3862;1676;1;455
3863;1646;1;870
3866;3867;1;255
3867;1642;1;355
3868;5658;1;760
3868;5669;1;354
3869;5698;1;576
3871;522;1;306
3874;5196;1;315
3875;3876;0;292
3876;1338;0;193
3877;3878;0;296
3878;1342;0;273
3879;3880;1;520
3880;3881;1;1100
3881;3879;1;0
3881;5746;1;1760
3882;3884;8;0
3882;3884;1;473
3883;5083;8;0
3883;5083;1;270
3884;3166;1;350
3884;3465;8;0
3884;3465;1;1000
3885;3883;8;0
3885;3883;1;453
3886;2101;1;647
3886;2102;1;0
3886;7496;1;760
3887;1780;1;175
3887;3976;1;450
3887;5074;1;455
3888;1780;1;138
3889;3891;1;337
3890;3888;1;722
3890;3977;1;322
3891;224;1;9500
3891;2413;1;428
3891;3892;1;96
3893;3360;8;0
3893;3360;1;292
3894;8640;8;0
3894;8640;1;232
3895;2327;1;175
3896;3897;1;499
3897;1830;1;535
3898;1817;1;555
3899;1825;1;290
3900;3901;1;347
3901;5591;1;585
3902;5593;1;300
3903;6135;1;1300
3904;3905;8;0
3904;3905;1;323
3905;3339;8;0
3905;3339;1;769
3905;8182;1;380
3906;3365;8;0
3906;3365;1;577
3907;3906;8;0
3907;3906;1;290
3908;1435;1;346
3909;659;1;3802
3910;2822;1;1140
3910;8733;1;1100
3911;8187;8;0
3911;8187;1;460
3912;6138;1;3500
3913;2540;1;340
3914;2240;8;0
3914;2240;1;312
3914;2918;1;391
3914;3387;1;386
3915;3917;1;930
3917;3918;1;330
3919;2602;1;1060
3921;8212;8;0
3921;8212;1;284
3922;8217;8;0
3922;8217;1;679
3936;2660;1;280
3937;154;1;440
3938;3940;8;0
3938;3940;1;467
3939;2333;8;0
3939;2333;1;193
3940;3942;8;0
3940;3942;1;469
3941;3939;8;0
3941;3939;1;445
3942;3944;8;0
3942;3944;1;299
3943;3941;8;0
3943;3941;1;445
3944;3945;8;0
3944;3945;1;487
3945;3943;8;0
3945;3943;1;469
3946;3962;1;424
3947;3948;1;391
3948;3949;1;250
3949;8064;1;415
3950;3974;1;310
3951;3963;1;580
3952;3964;1;515
3953;1141;1;321
3954;3955;1;383
3955;1105;1;312
3956;3954;1;289
3957;1305;1;492
3958;3039;1;865
3958;8064;1;3200
3959;2859;1;1
3959;2980;1;643
3959;8193;1;328
3959;8836;1;643
3960;3961;1;640
3961;2937;1;485
3962;3973;1;1275
3963;2937;1;985
3963;3952;1;1069
3964;3965;1;710
3965;1133;1;730
3966;3968;1;170
3967;619;1;185
3968;3969;1;140
3969;3970;1;175
3970;3395;1;1510
3971;2315;1;300
3971;3972;1;360
3972;3411;1;335
3973;3947;1;350
3973;8087;1;316
3974;3951;1;1190
3975;916;1;441
3977;3888;1;400
3978;3979;1;280
3979;2925;1;140
3982;2397;1;250
3983;3987;1;300
3984;5084;1;205
3985;3986;1;275
3986;3987;1;310
3987;3988;1;190
3989;6140;1;1
3990;6140;1;1
3991;6140;1;1
4101;4103;3;507
4101;4117;3;5965
4101;4129;3;0
4101;4138;3;0
4102;4104;3;797
4102;4112;3;3932
4102;4125;3;0
4102;4186;3;0
4103;4105;3;887
4104;4106;3;863
4104;4123;3;0
4104;4127;3;0
4105;4107;3;767
4106;4108;3;562
4106;4125;3;0
4107;4109;3;928
4108;4106;3;0
4108;4110;3;995
4109;4111;3;823
4110;4112;3;715
4111;4113;3;578
4111;4118;3;0
4111;4431;3;1784
4112;4114;3;768
4112;4115;3;0
4112;4128;3;5965
4113;4115;3;707
4114;4116;3;707
4114;4117;3;0
4115;4113;3;0
4115;4117;3;768
4116;4114;3;0
4116;4118;3;578
4117;4119;3;715
4117;4127;3;3932
4117;6023;3;282
4118;4120;3;823
4119;4108;3;0
4119;4121;3;995
4120;4122;3;928
4121;4110;3;0
4121;4123;3;562
4122;4105;3;0
4122;4124;3;767
4123;4104;3;0
4123;4121;3;0
4123;4125;3;863
4124;4107;3;0
4124;4126;3;887
4125;4102;3;0
4125;4106;3;0
4125;4127;3;797
4126;4101;3;0
4126;4128;3;507
4127;4102;3;528
4127;4104;3;0
4127;4181;3;1145
4127;6021;3;264
4128;4101;3;544
4128;4129;3;696
4128;6022;3;272
4129;4128;3;0
4129;4130;3;758
4130;4129;3;0
4130;4131;3;972
4131;4132;3;1038
4132;4133;3;1095
4132;4134;3;0
4134;4135;3;1095
4135;4136;3;1032
4136;4130;3;0
4136;4137;3;965
4137;4131;3;0
4137;4138;3;778
4138;4101;3;690
4138;4128;3;0
4138;4137;3;0
4181;4127;3;0
4181;4182;3;948
4181;4186;3;0
4182;4183;3;675
4183;4184;3;908
4184;4185;3;945
4184;4188;3;0
4184;4190;3;0
4185;4184;3;0
4185;4190;3;0
4185;4191;3;0
4186;4102;3;1140
4186;4182;3;0
4187;4181;3;0
4187;4186;3;949
4188;4187;3;672
4189;4188;3;906
4190;4189;3;974
4191;4190;3;0
4201;4203;3;828
4201;4212;3;0
4201;4213;3;3459
4201;4261;3;0
4202;4204;3;606
4202;4214;3;3459
4202;4266;3;0
4203;4205;3;1012
4203;4212;3;0
4203;4214;3;0
4204;4206;3;348
4204;4209;3;0
4205;4203;3;0
4205;4209;3;665
4206;4210;3;665
4209;4205;3;0
4209;4211;3;348
4210;4212;3;1012
4211;4202;3;0
4211;4213;3;606
4212;4214;3;828
4213;4202;3;256
4213;6047;3;128
4214;4201;3;412
4214;4262;3;682
4214;4410;3;762
4214;6019;3;128
4251;4252;3;799
4252;4253;3;682
4253;4254;3;637
4254;4256;3;1177
4254;4267;3;0
4255;4257;3;1126
4255;4282;3;0
4256;4255;3;856
4257;4213;3;0
4257;4258;3;661
4258;4259;3;777
4259;4260;3;833
4259;4263;3;0
4260;4261;3;958
4260;4262;3;0
4260;4264;3;0
4261;4201;3;701
4261;4263;3;0
4262;4214;3;0
4262;4263;3;935
4263;4264;3;836
4264;4265;3;775
4265;4266;3;661
4265;4282;3;0
4266;4257;3;0
4266;4268;3;1144
4266;5062;3;0
4267;4268;3;0
4267;4269;3;1170
4268;4267;3;856
4269;4270;3;630
4270;4271;3;682
4271;4251;3;0
4271;4272;3;806
4272;4251;3;0
4272;4273;3;0
4272;4274;3;1583
4272;4280;3;0
4273;4251;3;0
4273;4274;3;0
4274;4273;3;0
4274;4275;3;1397
4275;4276;3;1276
4275;4277;3;0
4276;4278;3;0
4277;4278;3;1287
4278;4274;3;0
4278;4279;3;1417
4279;4251;3;1575
4279;4275;3;0
4279;4280;3;0
4280;4251;3;0
4280;4279;3;0
4401;4403;3;1341
4401;4421;3;9328
4402;4439;3;0
4402;4440;3;1450
4402;6018;3;1450
4402;6518;3;1454
4403;4405;3;738
4404;4406;3;701
4404;4431;3;0
4404;4439;3;0
4405;4407;3;759
4406;4118;3;1784
4406;4408;3;744
4406;4433;3;0
4406;6019;3;950
4407;4409;3;704
4408;4406;3;0
4408;4410;3;762
4408;4416;3;3141
4408;4427;3;0
4408;6033;3;200
4409;4411;3;1065
4410;4412;3;840
4410;4425;3;0
4410;4429;3;0
4410;4913;3;840
4411;4409;3;0
4411;4413;6;0
4411;4413;3;719
4411;4424;3;0
4412;4414;3;629
4412;4427;3;0
4413;4426;3;0
4413;4437;6;0
4413;4437;3;525
4413;4438;3;0
4414;4416;3;910
4415;4417;6;0
4415;4417;3;977
4415;4419;3;0
4415;4420;3;0
4415;4437;3;0
4415;4438;3;0
4416;4418;3;997
4416;4423;3;0
4416;4436;3;9328
4417;4419;6;0
4417;4419;3;670
4417;4422;3;0
4418;4417;3;0
4418;4420;3;670
4418;4422;3;0
4419;4416;3;0
4419;4421;6;0
4419;4421;3;997
4420;4415;3;0
4420;4419;3;0
4420;4422;3;977
4421;4418;3;0
4421;4423;6;0
4421;4423;3;910
4421;4429;3;3141
4421;6047;3;200
4422;4417;3;0
4422;4438;3;833
4423;4412;3;0
4423;4425;6;0
4423;4425;3;629
4424;2855;3;0
4424;4411;3;0
4424;4426;3;719
4424;6073;3;200
4425;4410;3;0
4425;4414;3;0
4425;4427;6;0
4425;4427;3;840
4426;2855;3;0
4426;4428;3;1065
4427;4201;3;762
4427;4408;3;0
4427;4412;3;0
4427;4429;6;0
4427;4429;3;762
4427;4913;3;840
4428;4407;3;710
4428;4426;3;0
4428;4430;3;704
4428;6072;3;200
4429;4410;3;0
4429;4431;3;744
4429;4439;3;2442
4430;4432;3;759
4431;4404;3;0
4431;4429;3;0
4431;4433;3;701
4432;4403;3;0
4432;4434;3;738
4433;4406;3;0
4433;4439;3;997
4433;4440;3;0
4434;4401;3;0
4434;4405;3;0
4434;4436;3;1341
4435;4402;3;0
4436;4401;3;502
4436;6048;3;200
4437;4415;6;0
4437;4415;3;833
4438;4415;3;0
4438;4424;3;525
4439;4402;3;0
4439;4404;3;0
4439;4435;3;1450
4439;6518;3;100
4439;7041;3;0
4439;7043;3;0
4440;4402;3;0
4440;4404;3;997
4440;4408;3;2442
4440;4433;3;0
4603;4604;6;690
4603;4651;6;0
4604;4605;6;677
4605;4604;6;0
4605;4606;6;517
4605;4623;6;0
4605;6530;6;400
4606;4607;6;635
4606;4624;6;0
4606;4631;6;7996
4607;4606;6;0
4607;4608;6;449
4608;4609;6;492
4608;4622;6;0
4609;4608;6;0
4609;4610;6;754
4609;4619;6;0
4610;4611;6;685
4610;4620;6;0
4611;4610;6;0
4611;4612;6;755
4612;4613;6;578
4613;4614;6;805
4613;4615;6;0
4614;4616;6;0
4614;4629;6;1050
4614;4630;6;0
4615;4616;6;813
4615;4640;6;0
4616;4617;6;578
4617;4611;6;0
4617;4618;6;755
4618;4612;6;0
4618;4619;6;685
4619;4609;6;0
4619;4618;6;0
4619;4620;6;754
4620;4621;6;492
4621;4607;6;0
4621;4622;6;449
4622;4608;6;0
4622;4623;6;635
4623;4605;6;0
4623;4622;6;0
4623;4624;6;517
4624;4606;6;0
4624;4625;6;677
4624;4645;6;6478
4625;4603;6;0
4625;4626;6;690
4626;4604;6;0
4626;4627;6;699
4627;4626;6;0
4627;4641;6;793
4629;4614;6;0
4629;4630;6;521
4629;4639;6;0
4630;4631;6;1272
4630;4640;6;0
4631;4632;6;929
4631;4634;6;2348
4631;4637;6;0
4632;4633;6;648
4632;4638;6;0
4633;4632;6;0
4633;4634;6;771
4633;4635;6;0
4634;4633;6;0
4634;4635;6;360
4635;4636;6;771
4635;4638;6;2348
4636;4635;6;0
4636;4637;6;648
4637;4631;6;0
4637;4636;6;0
4637;4638;6;929
4638;4623;6;8004
4638;4632;6;0
4638;4639;6;1272
4639;4629;6;0
4639;4640;6;521
4640;4615;6;1050
4640;4630;6;0
4641;4642;6;790
4641;4649;6;0
4642;4643;6;801
4642;4650;6;0
4643;4644;6;851
4643;4647;6;0
4644;4645;6;1177
4644;4646;6;0
4644;4648;6;0
4645;4646;6;486
4646;4605;6;6478
4646;4647;6;1177
4647;4645;6;0
4647;4648;6;851
4648;4649;6;801
4649;4641;6;0
4649;4650;6;790
4650;4642;6;0
4650;4651;6;793
4651;4603;6;699
4701;50;0;294
4703;350;0;103
4710;528;0;321
4711;556;0;117
4717;2189;0;745
4717;2192;0;359
4717;2343;0;745
4723;1452;0;103
4723;1472;1;433
4723;1472;0;450
4727;471;0;154
4732;2454;0;295
4734;4795;0;302
4737;1353;0;96
4795;4796;0;185
4796;4797;0;197
4797;4798;0;478
4798;4799;0;194
4799;4735;0;364
4802;519;1;2280
4802;809;1;360
4802;1941;1;930
4802;3523;1;465
4802;4811;1;100
4802;6087;1;26
4803;1933;1;365
4803;4804;1;364
4804;404;8;0
4804;404;1;293
4805;3836;1;748
4805;4806;1;298
4805;4807;1;748
4806;39;1;545
4807;5627;1;491
4808;4809;1;718
4809;4810;1;304
4810;717;1;403
4816;8490;1;300
4817;994;1;475
4818;1254;1;380
4822;4823;1;0
4823;4824;1;0
4824;4825;1;0
4825;2139;1;0
4829;2007;1;114
4829;2017;1;753
4829;6027;1;326
4834;182;1;70
4836;4837;1;218
4837;4838;1;151
4838;3013;1;542
4840;1572;1;143
4841;1592;1;354
4842;2993;8;0
4842;2993;1;432
4843;1756;0;247
4900;4901;3;664
4900;4904;3;2672
4900;6062;3;900
4901;4902;3;611
4902;4903;3;755
4903;4904;3;642
4904;4201;3;1917
4904;4427;3;840
4904;4905;3;503
4905;4906;3;583
4906;4907;3;531
4907;4908;3;637
4908;4918;3;889
4909;4910;3;637
4910;4911;3;531
4911;4912;3;583
4912;4913;3;503
4913;4410;3;840
4913;4914;3;642
4914;4915;3;755
4915;4916;3;611
4916;4917;3;664
4917;4900;3;518
4917;4934;3;882
4917;6062;3;900
4918;4919;3;519
4919;4920;3;608
4919;4921;3;0
4920;4922;3;0
4920;4924;3;881
4921;4922;3;608
4922;4923;3;519
4923;4909;3;889
4924;4925;3;587
4925;4926;3;440
4925;4928;3;725
4925;4933;3;0
4925;6063;3;220
4926;4927;3;587
4927;4921;3;881
4928;4929;3;564
4929;4928;3;0
4929;4930;3;735
4929;4931;3;735
4929;7050;3;0
4930;4929;3;0
4930;4931;3;232
4930;6029;3;232
4931;4929;3;0
4931;4932;3;735
4931;6029;3;232
4932;4931;3;0
4932;4933;3;564
4932;6029;3;967
4932;7050;3;0
4933;4926;3;725
4933;4932;3;0
4934;4935;3;656
4935;4936;3;726
4936;4937;3;704
4936;4938;3;704
4937;4938;3;379
4937;6076;3;3250
4938;4939;3;704
4939;4940;3;726
4940;4941;3;656
4941;4900;3;882
4941;7009;3;300
5001;5002;1;451
5002;5003;1;620
5003;5004;1;276
5003;5844;1;522
5004;5005;1;439
5005;5006;1;225
5005;5034;1;200
5006;5007;1;260
5006;5833;1;384
5007;2654;1;410
5007;5060;1;398
5010;5053;1;288
5010;5058;1;496
5012;2597;1;995
5013;5014;1;100
5014;5044;1;375
5015;5053;1;462
5015;5210;1;423
5020;5021;1;319
5021;5022;1;182
5022;5023;1;396
5023;5024;1;297
5023;5068;1;840
5024;5025;1;612
5025;5026;1;420
5026;5027;1;499
5027;369;1;298
5028;449;1;127
5034;5041;1;373
5038;2600;1;179
5041;3838;1;227
5042;2363;1;461
5042;5043;1;320
5043;2360;1;410
5043;5013;1;419
5044;5045;1;459
5045;3840;1;370
5046;5006;1;364
5046;5021;1;385
5053;5054;1;692
5054;5055;1;264
5055;5061;1;397
5056;5057;1;286
5057;5058;1;734
5057;5210;1;711
5058;5012;1;369
5060;5056;1;394
5061;5020;1;391
5063;2296;1;120
5066;2921;1;740
5067;5004;1;754
5068;5843;1;425
5069;2327;1;415
5070;5738;1;496
5071;813;1;324
5072;5518;1;436
5073;2823;1;0
5074;5075;1;205
5075;5076;1;100
5076;5077;1;210
5077;3888;1;390
5078;683;1;500
5082;3882;8;0
5082;3882;1;240
5083;1115;8;0
5083;1115;1;295
5084;2920;1;180
5084;3986;1;330
5085;1377;1;415
5196;2969;1;115
5197;3874;1;300
5198;527;1;698
5198;1947;1;607
5200;857;1;1440
5200;871;1;1435
5208;8518;1;885
5210;5211;1;384
5211;5212;1;450
5212;5010;1;458
5225;1167;1;90
5229;8064;1;665
5229;8091;1;241
5231;3734;1;642
5231;7455;1;435
5234;3826;1;1501
5235;8734;1;652
5235;8755;1;281
5237;1953;1;196
5237;5238;1;196
5238;2613;1;885
5240;8134;1;292
5242;5243;1;120
5243;8942;1;630
5246;72;1;1180
5410;3144;1;395
5421;2643;1;320
5422;2643;1;320
5423;705;1;355
5423;1435;1;346
5425;1981;1;481
5425;2909;1;0
5425;3177;1;411
5426;2053;1;1695
5427;2504;1;338
5428;2422;1;6771
5429;2517;1;200
5430;668;1;385
5430;1573;1;350
5431;5432;0;361
5435;420;1;1250
5448;538;1;2447
5449;538;1;2720
5505;5545;1;900
5505;5709;1;792
5507;23;1;470
5507;42;1;1700
5508;5545;1;994
5508;6098;1;1850
5509;3076;1;455
5509;3077;1;789
5510;3043;1;440
5518;933;1;349
5520;65;1;239
5520;5524;1;385
5520;5759;1;793
5521;5707;1;1121
5524;5759;1;408
5526;5527;1;587
5527;5557;1;190
5529;121;8;0
5529;121;1;446
5529;642;1;1103
5529;3516;1;315
5529;5747;1;700
5530;5542;1;1630
5536;3100;1;395
5536;3107;1;411
5538;5539;1;1700
5539;626;1;137
5539;2495;1;400
5539;2497;1;649
5542;637;1;732
5542;638;1;657
5542;2343;1;790
5542;5559;1;415
5544;1150;1;1220
5544;5536;1;493
5545;2399;1;653
5545;2805;1;658
5546;5569;1;1000
5547;2202;1;337
5548;2034;1;500
5557;5558;1;475
5558;5542;1;470
5559;2343;1;347
5560;5585;1;491
5561;3131;1;319
5561;3132;1;669
5564;5659;1;500
5564;5669;1;414
5569;5501;1;730
5569;5502;1;810
5569;5503;1;739
5569;5505;1;713
5569;5508;1;660
5569;7314;1;515
5570;1704;1;619
5570;7316;1;795
5573;5574;1;663
5575;5576;1;421
5576;5577;1;748
5576;5777;1;339
5577;5610;1;474
5581;723;1;525
5584;2723;1;158
5585;5586;1;239
5586;5526;1;259
5587;2003;1;545
5587;2236;8;0
5587;2236;1;476
5587;2939;1;70
5587;7359;1;590
5589;5198;1;160
5590;5591;1;323
5591;5592;1;414
5592;3902;1;296
5593;1844;1;437
5593;3809;1;335
5596;5688;1;406
5610;724;1;818
5610;1792;1;370
5612;790;1;691
5612;1847;1;875
5612;1848;1;890
5615;5612;1;622
5616;5618;1;753
5617;5071;1;622
5618;3853;1;440
5619;3162;1;803
5623;5653;1;722
5623;5675;1;777
5627;5700;1;591
5628;1680;1;259
5628;5601;1;608
5628;5604;1;834
5629;3403;1;356
5637;2026;0;500
5643;5778;1;294
5649;2575;1;326
5653;5654;1;707
5653;5674;1;1780
5654;5655;1;373
5655;5656;1;410
5656;5657;1;712
5657;1586;1;600
5657;5658;1;650
5658;5669;1;402
5659;1432;1;518
5659;1478;1;196
5659;5660;1;854
5660;5661;1;296
5661;5662;1;607
5662;5757;1;399
5663;1230;1;1083
5663;5664;1;937
5663;5665;1;406
5664;3516;1;405
5665;5756;1;650
5666;5662;1;375
5666;5667;1;624
5667;5668;1;333
5668;3868;1;974
5668;5564;1;914
5669;5619;1;810
5669;5658;1;402
5670;5761;1;140
5671;3148;1;383
5671;5672;1;410
5672;5673;1;325
5673;5674;1;755
5674;757;1;290
5674;5596;1;687
5674;5675;1;360
5675;407;1;490
5675;5596;1;2470
5675;5617;1;571
5677;2036;1;6080
5677;3411;1;467
5678;13;1;517
5678;5605;1;665
5679;5680;8;0
5679;5680;1;464
5679;5758;1;1401
5680;5681;8;0
5680;5681;1;493
5681;5682;8;0
5681;5682;1;468
5682;3624;1;355
5682;5758;8;0
5682;5758;1;563
5687;1634;1;441
5687;3774;1;358
5688;1753;1;384
5691;1375;1;506
5691;5692;1;349
5692;5693;1;296
5693;668;1;1310
5693;1680;1;815
5694;8899;1;418
5694;8920;1;577
5695;1387;1;360
5695;1528;1;491
5696;5697;1;653
5697;3230;1;536
5697;3231;1;812
5697;5698;1;875
5698;1461;1;300
5698;3254;1;1490
5698;3310;1;188
5698;5697;1;1240
5698;5791;1;187
5698;7488;1;1790
5698;8814;1;502
5700;1680;1;881
5700;5628;1;401
5701;676;1;802
5702;2406;1;322
5702;3430;1;240
5702;5784;1;491
5702;8693;8;0
5702;8693;1;422
5703;5704;1;334
5704;2411;1;497
5705;2631;1;400
5706;3045;1;416
5706;3060;1;314
5707;5708;1;610
5707;5710;8;0
5707;5710;1;265
5708;5501;1;960
5708;5505;1;1024
5709;5710;1;753
5710;2;8;0
5710;2;1;393
5710;7;1;452
5710;29;1;1153
5710;5707;1;645
5711;5760;1;814
5714;2472;1;130
5715;992;1;394
5717;2261;1;334
5719;2254;1;683
5721;1941;1;432
5721;2254;1;1140
5721;3523;1;435
5721;4804;1;1630
5721;5722;1;708
5722;5723;1;528
5723;5724;1;298
5724;519;1;691
5724;1889;1;675
5728;8637;0;419
5728;8637;1;426
5728;8694;8;0
5728;8694;1;520
5733;5734;1;458
5734;5735;1;375
5735;5736;1;243
5737;5738;1;375
5738;5539;1;1871
5738;5560;1;604
5738;8780;1;458
5739;5740;1;203
5740;5741;1;360
5741;5742;1;510
5742;5732;1;1058
5743;1004;1;283
5743;8038;1;572
5744;7437;1;50
5744;8854;1;396
5746;92;8;0
5746;92;1;185
5746;826;1;1460
5748;130;1;257
5749;5750;1;234
5750;5766;1;441
5755;5789;8;0
5755;5789;1;442
5756;5662;1;625
5756;5666;1;473
5757;5663;1;686
5758;1897;8;0
5758;1897;1;928
5758;2817;1;791
5759;5521;1;681
5760;65;1;752
5760;5509;1;624
5761;5671;1;478
5763;640;8;0
5763;640;1;78
5763;1230;1;138
5766;1221;1;477
5778;2033;1;740
5779;2656;8;0
5779;2656;1;584
5780;1559;8;0
5780;1559;1;634
5784;5703;1;523
5785;885;1;684
5785;3313;1;520
5786;143;1;780
5786;1310;1;419
5787;1135;1;369
5788;991;1;532
5789;605;8;0
5789;605;1;429
5790;975;8;0
5790;975;1;440
5790;2505;1;2550
5790;3910;1;2992
5791;5792;1;318
5792;3254;1;486
5792;5793;1;282
5793;5794;1;318
5794;5795;1;580
5795;5816;1;380
5796;5797;1;481
5797;3250;1;382
5797;3279;1;290
5799;5817;1;242
5810;5811;1;680
5811;5812;1;315
5812;5813;1;169
5813;5814;1;386
5814;3282;1;993
5814;3349;1;870
5816;5796;1;236
5817;5810;1;277
5818;933;1;362
5818;5714;1;521
5819;513;1;368
5820;505;1;256
5820;539;1;611
5820;5449;1;397
5823;3010;1;485
5824;5790;1;239
5825;5826;1;208
5826;5827;1;528
5827;5828;1;1474
5827;5840;1;660
5828;5829;1;391
5829;5830;1;299
5830;5831;1;635
5831;2654;1;985
5831;5832;1;818
5831;5834;1;1700
5832;5021;1;455
5832;5034;1;442
5833;2654;1;300
5833;5834;1;862
5834;5835;1;701
5835;5836;1;378
5836;5837;1;332
5837;5828;1;450
5837;5838;1;1363
5838;5839;1;578
5839;2537;1;950
5839;2692;1;639
5840;5841;1;409
5841;5067;1;652
5842;5838;1;625
5843;5842;1;550
5844;3837;1;499
5845;5024;1;529
5846;1532;8;0
5846;1532;1;477
5848;8066;1;403
5849;2865;1;307
5900;5901;0;1157
5901;5902;0;659
5902;5903;0;980
5903;5904;0;1415
5904;5905;0;595
5905;5906;0;1177
5906;5907;0;1565
5907;5908;0;1726
5908;5909;0;1021
5909;5910;0;1086
5910;5911;0;1510
5911;5912;0;1870
5912;5913;0;1235
5913;5914;0;1375
5914;5915;0;1560
5915;5916;0;2035
5916;5917;0;667
5917;5918;0;583
5918;5947;0;0
5919;5920;0;852
5920;5921;0;619
5921;5922;0;619
5922;5923;0;852
5923;5946;0;0
5924;5925;0;583
5925;5926;0;667
5926;5927;0;2035
5927;5928;0;1560
5928;5929;0;1375
5929;5930;0;1235
5930;5931;0;1870
5931;5932;0;1510
5932;5933;0;1086
5933;5934;0;1021
5934;5935;0;1726
5935;5936;0;1565
5936;5937;0;1177
5937;5938;0;595
5938;5939;0;1415
5939;5940;0;980
5940;5941;0;659
5941;5942;0;1157
5942;470;0;210
5946;5924;0;0
5947;5919;0;0
5951;2668;1;1000
5951;5518;1;433
5951;5952;1;990
5952;1100;1;1001
5953;5954;1;970
5954;997;1;962
5954;3318;1;960
5954;5955;1;1090
5955;3318;1;470
5955;5951;1;1001
5961;5951;1;797
5962;1939;1;480
5962;2579;1;180
6002;2187;0;189
6004;4708;0;178
6004;7524;0;138
6006;1386;0;50
6008;1536;0;90
6008;1559;0;90
6008;7008;0;50
6011;2033;0;115
6018;4435;3;1450
6018;4440;3;100
6019;4201;3;128
6021;4102;3;264
6022;4101;3;272
6023;4112;3;282
6024;6508;0;50
6024;7008;0;0
6025;1880;0;75
6026;826;1;22
6026;1221;1;2600
6026;1264;1;2700
6027;2007;1;231
6027;2243;1;100
6027;4803;1;1500
6029;4929;3;967
6029;4931;3;232
6030;4624;6;500
6033;4429;3;200
6034;39;1;1000
6034;2009;1;3400
6034;2357;1;7400
6034;5605;1;2285
6035;7526;0;0
6036;764;1;1071
6036;765;1;300
6037;998;1;1
6037;3066;1;1
6040;880;1;159
6040;881;1;205
6040;2638;1;205
6040;6516;1;6100
6041;2555;1;259
6041;5714;1;1860
6044;1582;1;168
6044;3207;1;1800
6045;1683;1;1
6045;3200;1;1
6046;1596;1;2278
6046;3130;1;970
6046;3207;1;1
6047;4202;3;128
6047;4416;3;200
6048;4401;3;200
6051;286;1;66
6051;2600;1;2372
6052;215;1;2700
6052;679;1;1
6052;1206;1;1330
6052;1264;1;2700
6052;2222;1;5200
6052;5530;1;2000
6053;679;1;1533
6059;2600;1;0
6060;2444;1;900
6062;4900;3;300
6062;4917;3;900
6063;4926;3;220
6067;2600;1;1650
6072;4409;3;200
6073;1766;1;1
6073;1792;1;1
6073;4413;3;200
6076;4938;3;379
6079;764;1;0
6081;1150;1;1
6081;2444;1;1
6083;289;1;0
6085;2331;1;1
6094;2966;1;3700
6097;3729;1;320
6098;5508;1;770
6099;1728;1;0
6103;826;1;900
6108;4257;3;0
6108;4257;6;0
6109;565;1;1
6109;584;1;1
6109;1386;0;75
6110;3713;0;418
6111;2918;1;1
6115;1386;1;1395
6115;1450;1;1440
6115;1471;1;3097
6122;3339;1;3700
6122;8682;1;100
6125;2009;1;4260
6125;2357;1;8170
6125;5605;1;2585
6126;2033;0;115
6132;39;1;200
6132;2357;1;8170
6132;5605;1;2785
6133;3339;1;6500
6133;3365;1;6450
6133;8682;1;3250
6135;685;1;4950
6135;1660;1;1400
6135;1818;1;1560
6135;1828;1;2300
6135;1844;1;2300
6135;1913;1;1400
6135;1950;1;4000
6135;2305;1;1400
6135;2788;1;2900
6135;2798;1;2500
6135;2918;1;11600
6135;2943;1;19500
6135;3200;1;6900
6135;3207;1;7600
6135;3222;1;7500
6135;3412;1;18000
6135;3520;1;100
6135;3903;1;1400
6135;3989;1;17500
6135;3990;1;17500
6135;3991;1;17500
6138;1660;1;1400
6138;1818;1;1560
6138;1913;1;1400
6138;2798;1;2500
6140;3989;1;1
6140;3990;1;1
6140;3991;1;1
6142;1278;1;7000
6142;3357;1;0
6144;1278;1;2800
6148;2420;1;380
6402;2187;0;559
6403;2194;0;90
6403;7531;0;176
6406;1386;0;75
6407;1536;0;179
6407;1559;0;90
6408;1728;0;180
6408;1739;0;130
6409;3713;0;493
6409;6010;0;52
6409;7001;0;0
6410;2033;0;300
6501;6001;0;0
6503;6003;0;0
6504;6004;0;0
6505;6005;0;0
6506;6006;0;0
6508;6008;0;0
6509;6009;0;0
6509;6408;0;0
6510;6010;0;0
6510;6409;0;52
6511;6011;0;0
6514;6014;1;0
6515;6015;1;0
6516;6016;1;0
7001;300;0;128
7001;342;0;128
7008;1536;0;150
7008;6508;0;50
7009;6062;3;900
7041;4440;3;0
7043;4440;3;0
7050;4929;3;0
7050;4932;3;0
7301;7302;1;283
7302;7301;1;99999
7305;7306;1;99999
7306;7305;1;99999
7307;7308;1;99999
7308;7307;1;99999
7309;7310;1;99999
7310;7309;1;99999
7311;7312;1;99999
7312;7311;1;99999
7313;7314;1;99999
7314;5545;1;930
7314;7313;1;99999
7316;2820;1;968
7316;5573;1;375
7319;1780;1;983
7319;1781;1;1450
7320;3887;1;75
7342;662;1;390
7343;3144;1;500
7348;7349;1;370
7349;1128;1;480
7357;1838;1;380
7359;7360;1;170
7360;7361;1;375
7361;7362;1;520
7362;7366;1;230
7366;3173;1;305
7372;2422;1;1300
7373;7375;1;190
7375;7390;1;430
7379;146;1;445
7380;7379;1;510
7390;192;1;750
7391;7392;1;780
7392;539;1;720
7392;557;1;295
7404;1377;1;160
7420;2975;1;601
7434;7487;1;590
7435;2370;1;580
7436;2373;1;712
7437;1354;1;550
7437;7439;1;490
7438;8854;1;450
7439;7440;1;860
7440;7445;1;660
7441;1351;1;470
7442;8833;1;910
7443;1349;1;590
7445;7441;1;730
7446;7442;1;990
7452;1611;1;840
7453;7454;1;560
7454;1722;1;445
7455;3737;1;430
7456;3778;1;275
7456;8124;1;255
7459;2505;1;1065
7460;2508;1;535
7461;7460;1;970
7462;7463;1;715
7464;2727;1;175
7466;7467;1;990
7467;7468;1;520
7468;7469;1;613
7471;5654;1;937
7472;1432;1;835
7473;177;1;350
7474;7475;1;700
7475;1585;1;1485
7476;3850;1;1100
7477;3155;1;355
7486;7435;1;700
7487;2380;1;580
7487;7486;1;540
7488;5793;1;275
7490;295;1;320
7491;668;1;435
7492;1592;1;380
7493;773;1;350
7493;1593;1;500
7495;7496;1;335
7496;2102;1;320
7524;6504;0;100
7531;2167;0;170
7540;6403;0;160
7540;6503;0;89
7541;2011;0;44
7541;2875;0;67
7542;1386;0;75
7542;6506;0;60
7550;1465;0;104
7551;1386;0;39
7701;43;0;202
7702;7703;0;273
7703;1001;0;218
7704;6407;0;157
8004;8005;1;245
8005;1031;1;293
8006;8012;1;455
8007;8008;1;489
8008;8009;1;327
8009;8010;1;269
8010;8011;1;503
8011;8127;1;358
8012;8013;1;305
8013;8014;1;215
8014;3817;1;302
8014;8015;1;262
8015;3824;1;868
8017;3820;1;305
8023;8024;1;498
8024;3818;1;562
8024;3823;1;612
8026;8027;1;301
8027;8028;1;216
8028;8029;1;303
8029;8035;1;456
8035;8037;1;266
8037;5743;1;236
8038;8039;1;327
8039;8040;1;272
8040;8041;1;305
8041;8673;1;218
8046;8047;1;194
8047;5743;1;473
8048;8007;1;264
8049;8048;1;312
8050;8542;1;287
8051;8542;1;305
8051;8565;1;379
8052;8557;1;612
8053;8593;1;194
8054;8651;1;584
8055;8651;1;619
8056;2823;1;664
8056;8054;1;726
8056;8055;1;701
8056;8683;1;726
8056;8685;1;631
8059;8060;1;362
8060;8061;1;244
8061;8062;1;121
8062;8063;1;549
8063;2864;1;295
8063;5849;1;340
8063;8066;1;339
8064;1278;1;425
8064;3975;1;404
8065;921;8;0
8065;921;1;419
8065;8064;1;545
8066;8065;8;0
8066;8065;1;911
8068;3113;1;347
8069;8070;1;242
8070;8071;1;333
8071;8640;1;474
8073;8694;1;119
8074;8075;1;251
8075;8059;1;228
8075;8138;1;161
8076;8549;1;513
8077;8547;1;230
8078;8079;1;338
8079;5703;1;407
8080;1070;1;216
8083;8084;1;320
8084;8085;1;158
8085;8086;1;380
8086;3973;1;350
8086;8087;1;666
8087;8064;1;648
8087;8088;1;612
8087;8091;1;241
8088;8089;1;230
8089;8090;1;284
8090;3950;1;390
8090;5229;1;446
8091;8092;1;270
8092;918;1;416
8092;8093;1;84
8093;8094;1;404
8094;8095;1;288
8095;8096;1;395
8096;8068;1;320
8097;2491;1;558
8098;2403;1;622
8098;8104;1;812
8099;8546;1;334
8100;8548;1;241
8101;8550;1;307
8102;3848;1;407
8103;5705;1;590
8104;8565;1;299
8105;8106;1;266
8105;8180;1;270
8106;8107;1;289
8106;8109;1;327
8107;8108;1;637
8108;8109;1;605
8108;8966;1;630
8109;8110;1;214
8110;8111;1;315
8111;8112;1;403
8112;8113;1;407
8112;8958;1;300
8113;8114;1;176
8114;8115;1;296
8115;8116;1;196
8116;8117;1;282
8117;8118;1;300
8118;8944;1;411
8119;1596;1;1
8119;1597;8;0
8119;1597;1;538
8119;7452;1;380
8119;8120;1;283
8120;7453;1;715
8120;8121;1;560
8121;8122;1;627
8122;1719;1;253
8122;8123;1;397
8123;3778;1;323
8123;8124;1;295
8124;1741;1;422
8125;8126;1;375
8126;2413;1;515
8127;8046;1;289
8128;8129;1;284
8129;3759;1;412
8129;8130;1;225
8130;8131;1;310
8131;3845;1;240
8131;8132;1;158
8132;5240;1;340
8132;8133;1;340
8133;1651;1;352
8134;1666;1;393
8135;8136;1;273
8136;1671;1;601
8137;3764;1;321
8138;2870;1;535
8138;8139;1;326
8139;2861;1;215
8139;8059;1;384
8140;2736;1;330
8141;8069;1;501
8143;5580;1;1020
8144;3571;1;0
8145;1673;8;0
8145;1673;1;479
8162;3048;1;547
8163;3163;8;0
8163;3163;1;150
8170;1137;1;265
8171;3957;1;505
8172;8760;1;212
8173;8761;1;339
8174;72;1;1180
8180;8112;1;403
8181;5714;1;530
8182;3339;1;389
8183;3907;1;436
8185;3340;8;0
8185;3340;1;385
8186;8188;8;0
8186;8188;1;300
8187;8185;8;0
8187;8185;1;260
8188;3826;1;540
8188;3911;8;0
8188;3911;1;580
8190;1085;1;505
8190;3111;1;243
8191;2420;1;415
8192;2970;1;359
8193;2980;1;315
8198;8620;8;0
8198;8620;1;269
8199;8200;8;0
8199;8200;1;338
8200;8201;8;0
8200;8201;1;501
8201;8203;8;0
8201;8203;1;297
8202;8915;8;0
8202;8915;1;469
8203;8204;8;0
8203;8204;1;448
8204;8202;8;0
8204;8202;1;307
8207;8208;8;0
8207;8208;1;356
8208;8209;8;0
8208;8209;1;379
8209;8199;8;0
8209;8199;1;285
8210;8211;8;0
8210;8211;1;1391
8211;3921;8;0
8211;3921;1;695
8212;8213;8;0
8212;8213;1;126
8213;8214;8;0
8213;8214;1;153
8214;8215;8;0
8214;8215;1;132
8215;8216;8;0
8215;8216;1;324
8216;3922;8;0
8216;3922;1;495
8217;8218;8;0
8217;8218;1;1374
8218;8210;8;0
8218;8210;1;1229
8219;1072;1;285
8221;2754;1;201
8225;1440;1;486
8225;8226;1;385
8226;5085;1;335
8227;1573;1;412
8227;4840;1;0
8228;1592;1;414
8229;1577;1;300
8229;1586;1;0
8230;1587;1;191
8480;8481;1;430
8481;8482;1;630
8482;8483;1;390
8484;4817;1;310
8485;990;1;1240
8485;8486;1;715
8486;8487;1;565
8487;1091;1;875
8488;8489;1;735
8489;5536;1;745
8492;8493;1;655
8493;8494;1;430
8494;1164;1;205
8501;8502;8;0
8501;8502;1;601
8502;8505;8;0
8502;8505;1;349
8503;8689;8;0
8503;8689;1;290
8504;62;8;0
8504;62;1;153
8505;8506;8;0
8505;8506;1;442
8506;8507;8;0
8506;8507;1;760
8506;8535;1;795
8506;8648;1;738
8507;8509;1;916
8507;8535;1;100
8507;8604;8;0
8507;8604;1;573
8509;8510;1;361
8510;8511;1;877
8511;8512;1;410
8512;8513;1;633
8513;8514;1;860
8514;8515;1;961
8515;8516;1;610
8515;8526;1;836
8516;5208;1;327
8516;8518;1;720
8518;8519;1;414
8519;8520;1;406
8520;8521;1;359
8521;8522;1;415
8522;8523;1;403
8523;8524;1;426
8524;8525;1;852
8524;8526;1;654
8525;8526;1;292
8526;8527;1;633
8527;8528;1;998
8528;8529;1;839
8529;8530;1;661
8530;8531;1;401
8531;8532;1;876
8532;8533;1;342
8533;8507;1;947
8533;8535;1;959
8535;8507;1;100
8535;8536;8;0
8535;8536;1;820
8536;8503;8;0
8536;8503;1;421
8537;8538;8;0
8537;8538;1;293
8538;8688;8;0
8538;8688;1;435
8539;8540;1;183
8540;8541;1;359
8541;8050;1;362
8541;8051;1;352
8541;8103;1;417
8542;8543;1;294
8543;8544;1;333
8544;8545;1;244
8545;67;1;279
8546;8100;1;263
8547;8078;1;218
8548;8101;1;387
8549;8077;1;419
8550;8102;1;296
8551;8552;8;0
8551;8552;1;567
8552;8553;8;0
8552;8553;1;360
8553;8554;8;0
8553;8554;1;296
8554;8076;1;184
8554;8555;8;0
8554;8555;1;398
8555;8556;8;0
8555;8556;1;183
8555;8587;1;262
8556;8557;8;0
8556;8557;1;268
8557;8692;8;0
8557;8692;1;297
8558;8559;1;172
8559;8560;1;359
8560;8561;1;278
8561;8562;1;249
8562;8563;1;336
8563;8564;1;296
8564;8050;1;150
8564;8051;1;144
8565;8566;1;159
8566;8567;1;332
8567;8568;1;210
8567;8583;1;215
8568;8569;8;0
8568;8569;1;341
8569;8570;8;0
8569;8570;1;490
8570;8571;8;0
8570;8571;1;291
8571;8535;1;319
8571;8647;1;344
8571;8648;8;0
8571;8648;1;276
8576;3051;1;439
8583;8584;8;0
8583;8584;1;438
8584;8585;8;0
8584;8585;1;352
8585;8602;1;229
8585;8691;8;0
8585;8691;1;165
8586;8551;8;0
8586;8551;1;547
8587;3453;1;231
8588;8589;1;446
8589;8052;1;175
8590;1026;8;0
8590;1026;1;324
8590;2406;1;332
8592;8053;1;618
8592;8596;8;0
8592;8596;1;466
8593;8594;1;431
8594;3454;1;289
8595;8596;1;290
8596;8597;8;0
8596;8597;1;406
8597;8598;8;0
8597;8598;1;282
8598;8599;8;0
8598;8599;1;359
8599;8600;8;0
8599;8600;1;639
8600;8601;8;0
8600;8601;1;478
8601;8699;8;0
8601;8699;1;215
8602;8603;8;0
8602;8603;1;264
8603;8539;1;566
8603;8568;8;0
8603;8568;1;588
8604;8605;8;0
8604;8605;1;207
8605;8606;8;0
8605;8606;1;300
8606;8607;8;0
8606;8607;1;144
8607;8608;8;0
8607;8608;1;491
8608;3050;1;413
8608;8736;8;0
8608;8736;1;578
8609;8610;1;268
8610;5510;1;691
8612;8613;1;354
8613;8614;1;228
8614;8615;1;250
8615;8616;1;401
8616;8617;1;338
8617;8618;1;367
8618;1023;1;256
8620;8621;8;0
8620;8621;1;236
8621;8623;8;0
8621;8623;1;298
8623;1040;1;580
8623;3051;8;0
8623;3051;1;641
8623;8730;1;259
8624;8625;1;388
8625;8626;1;333
8626;8627;1;332
8627;8628;1;318
8628;8629;1;263
8629;8162;1;327
8630;2733;8;0
8630;2733;1;455
8630;8631;1;344
8631;8632;1;334
8632;8633;1;318
8633;8634;1;383
8634;8635;1;346
8635;8636;1;362
8636;8140;1;489
8637;2703;0;103
8637;2736;1;338
8637;8141;1;325
8640;2732;8;0
8640;2732;1;450
8640;8641;1;405
8641;8642;1;336
8642;8643;1;237
8643;8644;1;241
8644;1049;1;276
8645;1084;1;325
8645;3110;1;388
8646;8677;1;256
8647;8604;1;468
8648;8535;1;100
8648;8537;8;0
8648;8537;1;298
8649;1024;1;490
8649;8055;1;400
8649;8683;1;320
8651;8652;1;213
8652;8653;1;552
8652;8693;1;685
8653;8654;1;427
8654;8655;1;460
8655;8656;1;312
8656;8657;1;356
8657;8658;1;248
8658;8659;1;284
8659;8660;1;298
8660;8698;1;175
8661;8664;1;414
8664;8004;1;194
8673;8697;1;284
8674;8675;1;146
8675;8676;1;273
8676;8646;1;265
8677;8678;1;215
8678;8679;1;254
8679;8680;1;488
8680;8681;1;447
8681;8590;1;257
8682;6122;1;100
8682;6133;1;3230
8683;1025;1;733
8683;1073;1;443
8683;5073;1;0
8685;1025;1;733
8685;2408;1;1230
8685;2738;1;639
8685;2823;1;130
8687;8049;1;134
8688;8539;1;449
8688;8583;8;0
8688;8583;1;441
8689;8502;1;1030
8689;8504;8;0
8689;8504;1;517
8691;8586;8;0
8691;8586;1;243
8692;8590;8;0
8692;8590;1;405
8693;8558;1;244
8693;8592;8;0
8693;8592;1;314
8694;8066;8;0
8694;8066;1;339
8694;8074;1;600
8695;5849;1;403
8695;8074;1;908
8697;8674;1;175
8698;8661;1;284
8699;8602;8;0
8699;8602;1;297
8730;8731;1;611
8731;8733;1;859
8732;8754;1;657
8733;2822;1;278
8733;3909;1;1037
8733;6040;1;3500
8734;8774;1;930
8735;8736;1;793
8736;1040;1;577
8736;8198;8;0
8736;8198;1;465
8750;3311;1;1315
8754;5235;1;36
8754;8755;1;317
8755;8756;1;210
8756;8757;1;294
8757;8758;1;246
8758;8759;1;238
8759;8173;1;185
8759;8174;1;1400
8759;8761;1;524
8759;8774;1;350
8760;8775;1;138
8761;8763;1;419
8762;8172;1;340
8762;8760;1;552
8763;8765;1;790
8764;8762;1;367
8765;65;1;883
8766;8764;1;833
8767;8769;1;309
8768;65;1;1181
8768;8767;1;1190
8769;8771;1;409
8770;8768;1;311
8771;8773;1;213
8772;8770;1;409
8773;8732;1;942
8773;8760;1;367
8774;8772;1;211
8775;8776;1;298
8776;8777;1;265
8777;8778;1;183
8778;8754;1;339
8779;8813;1;527
8780;8782;1;545
8781;1125;8;0
8782;8783;1;289
8783;8784;1;393
8784;8786;1;438
8784;8791;1;630
8785;8971;1;397
8786;8788;1;305
8787;8785;1;443
8788;8790;1;281
8789;8787;1;304
8790;8792;1;389
8791;8789;1;245
8792;8794;1;309
8793;8791;1;463
8794;8796;1;291
8795;8793;1;273
8796;8799;1;437
8797;8795;1;297
8798;8797;1;347
8799;8798;1;113
8799;8800;1;223
8800;8802;1;486
8801;8798;1;241
8802;8805;1;226
8803;8801;1;543
8804;8803;1;235
8805;8807;1;232
8806;8804;1;228
8807;8810;1;280
8810;8812;1;281
8811;8806;1;275
8812;8811;1;310
8813;638;1;156
8814;8815;1;766
8815;8816;1;461
8816;8817;1;218
8817;3284;1;273
8817;3293;1;518
8817;8818;1;1763
8817;8829;1;752
8818;8819;1;1174
8819;8820;1;720
8820;8821;1;449
8821;8822;1;1149
8822;1251;1;745
8822;8857;1;585
8823;8824;1;1194
8824;8825;1;430
8824;8866;1;357
8825;8826;1;742
8826;8827;1;1175
8827;3307;1;1775
8828;8897;1;1
8828;8898;1;158
8829;8830;1;475
8830;8831;1;698
8831;8832;1;344
8832;3349;1;802
8832;5697;1;795
8833;7443;1;500
8833;8834;1;594
8834;8835;1;382
8835;3959;1;270
8836;8853;1;283
8837;8838;1;247
8838;8839;1;323
8839;8840;1;312
8840;8841;1;303
8841;8842;1;315
8842;8843;1;115
8842;8846;1;154
8843;8844;1;359
8844;8846;1;548
8846;8847;1;284
8847;8848;1;302
8848;8849;1;322
8849;8850;1;336
8850;8851;1;249
8851;8852;1;281
8852;2969;1;332
8852;5197;1;320
8853;8837;1;331
8854;8855;1;427
8855;8856;1;298
8856;8821;1;310
8857;8858;1;940
8858;8859;1;1776
8858;8863;1;878
8859;8860;1;1783
8860;869;1;2662
8861;8862;1;1901
8862;8863;1;1730
8863;8864;1;921
8864;8865;1;517
8865;8824;1;1191
8866;8867;1;299
8867;8868;1;405
8868;5744;1;394
8868;7437;1;450
8869;1349;1;661
8872;8873;1;214
8873;8874;1;499
8874;8875;1;260
8875;8876;1;305
8876;8877;1;209
8877;8878;1;189
8878;8879;1;223
8879;8880;1;202
8879;8889;1;285
8880;8881;1;156
8881;8882;1;107
8882;8883;1;251
8883;8884;1;154
8884;8885;1;216
8885;8886;1;168
8886;8887;1;277
8887;8888;1;203
8888;8889;1;283
8889;8890;1;201
8890;8891;1;289
8891;8892;1;311
8892;8893;1;454
8893;8894;1;231
8894;8895;1;291
8895;1356;1;614
8897;8828;1;1
8897;8898;1;139
8898;5694;1;374
8899;8900;1;627
8899;8905;1;526
8900;8901;1;243
8901;8902;1;144
8902;8903;1;466
8903;242;1;489
8905;8906;1;428
8906;8907;1;202
8906;8932;1;650
8907;8908;1;321
8908;8909;1;251
8909;8910;1;238
8910;8912;1;330
8911;8929;1;233
8912;8913;1;476
8913;8914;1;490
8914;8207;8;0
8914;8207;1;357
8914;8915;1;258
8915;8914;8;0
8915;8914;1;192
8915;8916;1;426
8916;8917;1;316
8917;8918;1;147
8918;8919;1;438
8919;563;1;478
8920;8921;1;436
8921;8922;1;185
8922;8923;1;288
8923;8924;1;379
8924;8925;1;216
8925;8926;1;109
8926;8927;1;503
8927;8928;1;458
8928;8911;1;337
8929;8930;1;252
8930;8931;1;313
8931;8932;1;205
8932;8933;1;427
8933;8934;1;476
8934;242;1;361
8935;8936;1;313
8936;8937;1;197
8937;8938;1;290
8938;8939;1;454
8939;8940;1;175
8940;8941;1;391
8941;5063;1;627
8941;5242;1;627
8941;8942;1;348
8942;8943;1;300
8943;8944;1;326
8943;8953;1;577
8944;8945;1;242
8945;5063;1;694
8945;8946;8;0
8945;8946;1;305
8946;8947;8;0
8946;8947;1;425
8947;2296;8;0
8947;2296;1;1071
8947;3240;1;622
8947;8948;1;199
8948;8949;1;426
8949;8950;1;295
8950;8951;1;190
8951;8935;1;208
8952;8946;1;302
8953;8954;1;164
8954;8955;1;208
8955;8956;1;244
8956;8970;1;236
8957;8963;1;294
8958;8959;1;368
8959;8960;1;406
8960;8961;1;265
8961;8962;1;414
8962;8963;1;288
8963;8964;1;423
8964;8965;1;361
8964;8968;1;290
8965;8110;1;160
8966;8967;1;273
8967;8968;1;278
8968;8969;1;111
8969;8940;1;486
8970;8957;1;277
8971;1314;1;342
9000;693;1;320
9000;9002;1;9999
9001;408;1;160
9001;9000;1;9999
9002;2555;1;2400
9002;9003;1;9999
9003;9001;1;9999
9012;904;1;2500
9013;920;1;2500
9104;9105;1;9999
9105;2888;1;9999
9108;9109;1;913
9109;9113;1;288
9111;9149;1;730
9112;9155;1;329
9113;9111;1;330
9114;9115;1;9999
9115;9104;1;9999
9116;9179;1;9999
9117;9124;1;9999
9123;2888;1;9999
9124;9126;1;9999
9126;9123;1;9999
9131;9151;1;727
9134;9135;1;9999
9135;9134;1;9999
9136;9137;1;9999
9137;9136;1;9999
9139;9117;1;9999
9149;2895;1;510
9151;2888;1;1382
9153;2889;1;9999
9153;9104;1;9999
9155;9131;1;431
9156;9139;1;9999
9156;9153;1;9999
9171;503;1;540
9179;9189;1;9999
9189;9116;1;9999
9500;254;1;200
9900;1251;1;315
